{"type":"FeatureCollection","features":[{"type":"Feature","properties":{"lineId":"yurikamome","stationName":"お台場海浜公園","source":"MLIT N02 2025"},"geometry":{"type":"Point","coordinates":[139.77888,35.63]}},{"type":"Feature","properties":{"lineId":"yurikamome","stationName":"東京国際クルーズターミナル","source":"MLIT N02 2025"},"geometry":{"type":"Point","coordinates":[139.77288121,35.62162643]}},{"type":"Feature","properties":{"lineId":"yurikamome","stationName":"テレコムセンター","source":"MLIT N02 2025"},"geometry":{"type":"Point","coordinates":[139.77932,35.61754]}},{"type":"Feature","properties":{"lineId":"yurikamome","stationName":"汐留","source":"MLIT N02 2025"},"geometry":{"type":"Point","coordinates":[139.75979,35.66269]}},{"type":"Feature","properties":{"lineId":"yurikamome","stationName":"台場","source":"MLIT N02 2025"},"geometry":{"type":"Point","coordinates":[139.77172,35.62606]}},{"type":"Feature","properties":{"lineId":"yurikamome","stationName":"有明","source":"MLIT N02 2025"},"geometry":{"type":"Point","coordinates":[139.79355,35.63428]}},{"type":"Feature","properties":{"lineId":"yurikamome","stationName":"東京ビッグサイト","source":"MLIT N02 2025"},"geometry":{"type":"Point","coordinates":[139.7906,35.62983]}},{"type":"Feature","properties":{"lineId":"yurikamome","stationName":"新橋","source":"MLIT N02 2025"},"geometry":{"type":"Point","coordinates":[139.75898,35.66583]}},{"type":"Feature","properties":{"lineId":"yurikamome","stationName":"竹芝","source":"MLIT N02 2025"},"geometry":{"type":"Point","coordinates":[139.76224,35.65435]}},{"type":"Feature","properties":{"lineId":"yurikamome","stationName":"芝浦ふ頭","source":"MLIT N02 2025"},"geometry":{"type":"Point","coordinates":[139.75788,35.64195]}},{"type":"Feature","properties":{"lineId":"yurikamome","stationName":"日の出","source":"MLIT N02 2025"},"geometry":{"type":"Point","coordinates":[139.759,35.64891]}},{"type":"Feature","properties":{"lineId":"yurikamome","stationName":"青海","source":"MLIT N02 2025"},"geometry":{"type":"Point","coordinates":[139.78191,35.62513]}},{"type":"Feature","properties":{"lineId":"yurikamome","stationName":"新豊洲","source":"MLIT N02 2025"},"geometry":{"type":"Point","coordinates":[139.79038,35.64889]}},{"type":"Feature","properties":{"lineId":"yurikamome","stationName":"市場前","source":"MLIT N02 2025"},"geometry":{"type":"Point","coordinates":[139.786,35.6459]}},{"type":"Feature","properties":{"lineId":"yurikamome","stationName":"有明テニスの森","source":"MLIT N02 2025"},"geometry":{"type":"Point","coordinates":[139.78866,35.64025]}},{"type":"Feature","properties":{"lineId":"yurikamome","stationName":"豊洲","source":"MLIT N02 2025"},"geometry":{"type":"Point","coordinates":[139.79583,35.654]}},{"type":"Feature","properties":{"lineId":"keio-main","stationName":"仙川","source":"MLIT N02 2025"},"geometry":{"type":"Point","coordinates":[139.58519,35.66236]}},{"type":"Feature","properties":{"lineId":"keio-main","stationName":"代田橋","source":"MLIT N02 2025"},"geometry":{"type":"Point","coordinates":[139.65874,35.67084]}},{"type":"Feature","properties":{"lineId":"keio-main","stationName":"笹塚","source":"MLIT N02 2025"},"geometry":{"type":"Point","coordinates":[139.66646,35.67344]}},{"type":"Feature","properties":{"lineId":"keio-main","stationName":"幡ヶ谷","source":"MLIT N02 2025"},"geometry":{"type":"Point","coordinates":[139.67723,35.67662]}},{"type":"Feature","properties":{"lineId":"keio-main","stationName":"桜上水","source":"MLIT N02 2025"},"geometry":{"type":"Point","coordinates":[139.63062,35.66777]}},{"type":"Feature","properties":{"lineId":"keio-main","stationName":"八幡山","source":"MLIT N02 2025"},"geometry":{"type":"Point","coordinates":[139.6139,35.67016]}},{"type":"Feature","properties":{"lineId":"keio-main","stationName":"芦花公園","source":"MLIT N02 2025"},"geometry":{"type":"Point","coordinates":[139.60822,35.67053]}},{"type":"Feature","properties":{"lineId":"keio-main","stationName":"新宿","source":"MLIT N02 2025"},"geometry":{"type":"Point","coordinates":[139.69925,35.6895]}},{"type":"Feature","properties":{"lineId":"keio-main","stationName":"下高井戸","source":"MLIT N02 2025"},"geometry":{"type":"Point","coordinates":[139.64212,35.66607]}},{"type":"Feature","properties":{"lineId":"keio-main","stationName":"上北沢","source":"MLIT N02 2025"},"geometry":{"type":"Point","coordinates":[139.6242,35.66872]}},{"type":"Feature","properties":{"lineId":"keio-main","stationName":"明大前","source":"MLIT N02 2025"},"geometry":{"type":"Point","coordinates":[139.65044,35.66832]}},{"type":"Feature","properties":{"lineId":"keio-main","stationName":"初台","source":"MLIT N02 2025"},"geometry":{"type":"Point","coordinates":[139.68792,35.68114]}},{"type":"Feature","properties":{"lineId":"keio-main","stationName":"千歳烏山","source":"MLIT N02 2025"},"geometry":{"type":"Point","coordinates":[139.60127,35.66816]}},{"type":"Feature","properties":{"lineId":"keio-main","stationName":"調布","source":"MLIT N02 2025"},"geometry":{"type":"Point","coordinates":[139.54591,35.65143]}},{"type":"Feature","properties":{"lineId":"keio-main","stationName":"高幡不動","source":"MLIT N02 2025"},"geometry":{"type":"Point","coordinates":[139.41223,35.66267]}},{"type":"Feature","properties":{"lineId":"keio-main","stationName":"北野","source":"MLIT N02 2025"},"geometry":{"type":"Point","coordinates":[139.35429,35.64444]}},{"type":"Feature","properties":{"lineId":"keio-main","stationName":"飛田給","source":"MLIT N02 2025"},"geometry":{"type":"Point","coordinates":[139.52444,35.65963]}},{"type":"Feature","properties":{"lineId":"keio-main","stationName":"長沼","source":"MLIT N02 2025"},"geometry":{"type":"Point","coordinates":[139.36669,35.64276]}},{"type":"Feature","properties":{"lineId":"keio-main","stationName":"つつじヶ丘","source":"MLIT N02 2025"},"geometry":{"type":"Point","coordinates":[139.57604,35.65838]}},{"type":"Feature","properties":{"lineId":"keio-main","stationName":"柴崎","source":"MLIT N02 2025"},"geometry":{"type":"Point","coordinates":[139.56736,35.65433]}},{"type":"Feature","properties":{"lineId":"keio-main","stationName":"中河原","source":"MLIT N02 2025"},"geometry":{"type":"Point","coordinates":[139.45754,35.65951]}},{"type":"Feature","properties":{"lineId":"keio-main","stationName":"東府中","source":"MLIT N02 2025"},"geometry":{"type":"Point","coordinates":[139.49478,35.669]}},{"type":"Feature","properties":{"lineId":"keio-main","stationName":"武蔵野台","source":"MLIT N02 2025"},"geometry":{"type":"Point","coordinates":[139.51209,35.66396]}},{"type":"Feature","properties":{"lineId":"keio-main","stationName":"百草園","source":"MLIT N02 2025"},"geometry":{"type":"Point","coordinates":[139.43193,35.65723]}},{"type":"Feature","properties":{"lineId":"keio-main","stationName":"布田","source":"MLIT N02 2025"},"geometry":{"type":"Point","coordinates":[139.55235,35.64979]}},{"type":"Feature","properties":{"lineId":"keio-main","stationName":"平山城址公園","source":"MLIT N02 2025"},"geometry":{"type":"Point","coordinates":[139.37922,35.64668]}},{"type":"Feature","properties":{"lineId":"keio-main","stationName":"多磨霊園","source":"MLIT N02 2025"},"geometry":{"type":"Point","coordinates":[139.50307,35.66602]}},{"type":"Feature","properties":{"lineId":"keio-main","stationName":"国領","source":"MLIT N02 2025"},"geometry":{"type":"Point","coordinates":[139.55907,35.65045]}},{"type":"Feature","properties":{"lineId":"keio-main","stationName":"京王八王子","source":"MLIT N02 2025"},"geometry":{"type":"Point","coordinates":[139.34309,35.65793]}},{"type":"Feature","properties":{"lineId":"keio-main","stationName":"分倍河原","source":"MLIT N02 2025"},"geometry":{"type":"Point","coordinates":[139.46851,35.6686]}},{"type":"Feature","properties":{"lineId":"keio-main","stationName":"西調布","source":"MLIT N02 2025"},"geometry":{"type":"Point","coordinates":[139.53035,35.65692]}},{"type":"Feature","properties":{"lineId":"keio-main","stationName":"南平","source":"MLIT N02 2025"},"geometry":{"type":"Point","coordinates":[139.39213,35.65473]}},{"type":"Feature","properties":{"lineId":"keio-main","stationName":"聖蹟桜ヶ丘","source":"MLIT N02 2025"},"geometry":{"type":"Point","coordinates":[139.4467,35.65076]}},{"type":"Feature","properties":{"lineId":"keio-main","stationName":"府中","source":"MLIT N02 2025"},"geometry":{"type":"Point","coordinates":[139.47941,35.67234]}},{"type":"Feature","properties":{"lineId":"keikyu-main","stationName":"大森海岸","source":"MLIT N02 2025"},"geometry":{"type":"Point","coordinates":[139.7353,35.58737]}},{"type":"Feature","properties":{"lineId":"keikyu-main","stationName":"立会川","source":"MLIT N02 2025"},"geometry":{"type":"Point","coordinates":[139.7391,35.59884]}},{"type":"Feature","properties":{"lineId":"keikyu-main","stationName":"青物横丁","source":"MLIT N02 2025"},"geometry":{"type":"Point","coordinates":[139.74303,35.60974]}},{"type":"Feature","properties":{"lineId":"keikyu-main","stationName":"北品川","source":"MLIT N02 2025"},"geometry":{"type":"Point","coordinates":[139.73929,35.6224]}},{"type":"Feature","properties":{"lineId":"keikyu-main","stationName":"品川","source":"MLIT N02 2025"},"geometry":{"type":"Point","coordinates":[139.73799,35.62774]}},{"type":"Feature","properties":{"lineId":"keikyu-main","stationName":"新馬場","source":"MLIT N02 2025"},"geometry":{"type":"Point","coordinates":[139.74149,35.61672]}},{"type":"Feature","properties":{"lineId":"keikyu-main","stationName":"鮫洲","source":"MLIT N02 2025"},"geometry":{"type":"Point","coordinates":[139.74275,35.60545]}},{"type":"Feature","properties":{"lineId":"keikyu-main","stationName":"泉岳寺","source":"MLIT N02 2025"},"geometry":{"type":"Point","coordinates":[139.74008,35.6388]}},{"type":"Feature","properties":{"lineId":"keikyu-main","stationName":"堀ノ内","source":"MLIT N02 2025"},"geometry":{"type":"Point","coordinates":[139.68772,35.26279]}},{"type":"Feature","properties":{"lineId":"keikyu-main","stationName":"金沢八景","source":"MLIT N02 2025"},"geometry":{"type":"Point","coordinates":[139.62011,35.33179]}},{"type":"Feature","properties":{"lineId":"keikyu-main","stationName":"京急川崎","source":"MLIT N02 2025"},"geometry":{"type":"Point","coordinates":[139.70056,35.53264]}},{"type":"Feature","properties":{"lineId":"keikyu-main","stationName":"京急蒲田","source":"MLIT N02 2025"},"geometry":{"type":"Point","coordinates":[139.7243,35.56163]}},{"type":"Feature","properties":{"lineId":"keikyu-main","stationName":"安針塚","source":"MLIT N02 2025"},"geometry":{"type":"Point","coordinates":[139.64271,35.28671]}},{"type":"Feature","properties":{"lineId":"keikyu-main","stationName":"京急鶴見","source":"MLIT N02 2025"},"geometry":{"type":"Point","coordinates":[139.67743,35.50652]}},{"type":"Feature","properties":{"lineId":"keikyu-main","stationName":"杉田","source":"MLIT N02 2025"},"geometry":{"type":"Point","coordinates":[139.61581,35.38354]}},{"type":"Feature","properties":{"lineId":"keikyu-main","stationName":"南太田","source":"MLIT N02 2025"},"geometry":{"type":"Point","coordinates":[139.613,35.43679]}},{"type":"Feature","properties":{"lineId":"keikyu-main","stationName":"汐入","source":"MLIT N02 2025"},"geometry":{"type":"Point","coordinates":[139.66319,35.28034]}},{"type":"Feature","properties":{"lineId":"keikyu-main","stationName":"逸見","source":"MLIT N02 2025"},"geometry":{"type":"Point","coordinates":[139.65284,35.28051]}},{"type":"Feature","properties":{"lineId":"keikyu-main","stationName":"大森町","source":"MLIT N02 2025"},"geometry":{"type":"Point","coordinates":[139.73183,35.57221]}},{"type":"Feature","properties":{"lineId":"keikyu-main","stationName":"京急新子安","source":"MLIT N02 2025"},"geometry":{"type":"Point","coordinates":[139.65634,35.48741]}},{"type":"Feature","properties":{"lineId":"keikyu-main","stationName":"八丁畷","source":"MLIT N02 2025"},"geometry":{"type":"Point","coordinates":[139.69118,35.52274]}},{"type":"Feature","properties":{"lineId":"keikyu-main","stationName":"追浜","source":"MLIT N02 2025"},"geometry":{"type":"Point","coordinates":[139.62495,35.31561]}},{"type":"Feature","properties":{"lineId":"keikyu-main","stationName":"雑色","source":"MLIT N02 2025"},"geometry":{"type":"Point","coordinates":[139.71487,35.54949]}},{"type":"Feature","properties":{"lineId":"keikyu-main","stationName":"生麦","source":"MLIT N02 2025"},"geometry":{"type":"Point","coordinates":[139.66776,35.49596]}},{"type":"Feature","properties":{"lineId":"keikyu-main","stationName":"弘明寺","source":"MLIT N02 2025"},"geometry":{"type":"Point","coordinates":[139.59703,35.42371]}},{"type":"Feature","properties":{"lineId":"keikyu-main","stationName":"花月総持寺","source":"MLIT N02 2025"},"geometry":{"type":"Point","coordinates":[139.6732,35.50063]}},{"type":"Feature","properties":{"lineId":"keikyu-main","stationName":"横須賀中央","source":"MLIT N02 2025"},"geometry":{"type":"Point","coordinates":[139.66966,35.27891]}},{"type":"Feature","properties":{"lineId":"keikyu-main","stationName":"能見台","source":"MLIT N02 2025"},"geometry":{"type":"Point","coordinates":[139.62918,35.36041]}},{"type":"Feature","properties":{"lineId":"keikyu-main","stationName":"上大岡","source":"MLIT N02 2025"},"geometry":{"type":"Point","coordinates":[139.59664,35.40843]}},{"type":"Feature","properties":{"lineId":"keikyu-main","stationName":"金沢文庫","source":"MLIT N02 2025"},"geometry":{"type":"Point","coordinates":[139.62179,35.3433]}},{"type":"Feature","properties":{"lineId":"keikyu-main","stationName":"馬堀海岸","source":"MLIT N02 2025"},"geometry":{"type":"Point","coordinates":[139.70884,35.25954]}},{"type":"Feature","properties":{"lineId":"keikyu-main","stationName":"神奈川","source":"MLIT N02 2025"},"geometry":{"type":"Point","coordinates":[139.62764,35.47151]}},{"type":"Feature","properties":{"lineId":"keikyu-main","stationName":"浦賀","source":"MLIT N02 2025"},"geometry":{"type":"Point","coordinates":[139.71507,35.2519]}},{"type":"Feature","properties":{"lineId":"keikyu-main","stationName":"黄金町","source":"MLIT N02 2025"},"geometry":{"type":"Point","coordinates":[139.62197,35.43951]}},{"type":"Feature","properties":{"lineId":"keikyu-main","stationName":"戸部","source":"MLIT N02 2025"},"geometry":{"type":"Point","coordinates":[139.61936,35.45713]}},{"type":"Feature","properties":{"lineId":"keikyu-main","stationName":"井土ヶ谷","source":"MLIT N02 2025"},"geometry":{"type":"Point","coordinates":[139.59987,35.43373]}},{"type":"Feature","properties":{"lineId":"keikyu-main","stationName":"京急東神奈川","source":"MLIT N02 2025"},"geometry":{"type":"Point","coordinates":[139.63541,35.47793]}},{"type":"Feature","properties":{"lineId":"keikyu-main","stationName":"屏風浦","source":"MLIT N02 2025"},"geometry":{"type":"Point","coordinates":[139.61091,35.39368]}},{"type":"Feature","properties":{"lineId":"keikyu-main","stationName":"鶴見市場","source":"MLIT N02 2025"},"geometry":{"type":"Point","coordinates":[139.68621,35.51717]}},{"type":"Feature","properties":{"lineId":"keikyu-main","stationName":"横浜","source":"MLIT N02 2025"},"geometry":{"type":"Point","coordinates":[139.62388,35.46722]}},{"type":"Feature","properties":{"lineId":"keikyu-main","stationName":"京急富岡","source":"MLIT N02 2025"},"geometry":{"type":"Point","coordinates":[139.62969,35.36723]}},{"type":"Feature","properties":{"lineId":"keikyu-main","stationName":"子安","source":"MLIT N02 2025"},"geometry":{"type":"Point","coordinates":[139.64525,35.48466]}},{"type":"Feature","properties":{"lineId":"keikyu-main","stationName":"県立大学","source":"MLIT N02 2025"},"geometry":{"type":"Point","coordinates":[139.67719,35.26967]}},{"type":"Feature","properties":{"lineId":"keikyu-main","stationName":"京急田浦","source":"MLIT N02 2025"},"geometry":{"type":"Point","coordinates":[139.62525,35.30094]}},{"type":"Feature","properties":{"lineId":"keikyu-main","stationName":"神奈川新町","source":"MLIT N02 2025"},"geometry":{"type":"Point","coordinates":[139.64078,35.48199]}},{"type":"Feature","properties":{"lineId":"keikyu-main","stationName":"京急大津","source":"MLIT N02 2025"},"geometry":{"type":"Point","coordinates":[139.69614,35.26068]}},{"type":"Feature","properties":{"lineId":"keikyu-main","stationName":"梅屋敷","source":"MLIT N02 2025"},"geometry":{"type":"Point","coordinates":[139.72794,35.5665]}},{"type":"Feature","properties":{"lineId":"keikyu-main","stationName":"六郷土手","source":"MLIT N02 2025"},"geometry":{"type":"Point","coordinates":[139.70732,35.54025]}},{"type":"Feature","properties":{"lineId":"keikyu-main","stationName":"日ノ出町","source":"MLIT N02 2025"},"geometry":{"type":"Point","coordinates":[139.6267,35.44556]}},{"type":"Feature","properties":{"lineId":"keikyu-main","stationName":"平和島","source":"MLIT N02 2025"},"geometry":{"type":"Point","coordinates":[139.73495,35.57862]}},{"type":"Feature","properties":{"lineId":"tsukuba-express","stationName":"柏たなか","source":"MLIT N02 2025"},"geometry":{"type":"Point","coordinates":[139.95769,35.91145]}},{"type":"Feature","properties":{"lineId":"tsukuba-express","stationName":"守谷","source":"MLIT N02 2025"},"geometry":{"type":"Point","coordinates":[139.99266,35.9503]}},{"type":"Feature","properties":{"lineId":"tsukuba-express","stationName":"万博記念公園","source":"MLIT N02 2025"},"geometry":{"type":"Point","coordinates":[140.05933,36.05899]}},{"type":"Feature","properties":{"lineId":"tsukuba-express","stationName":"流山おおたかの森","source":"MLIT N02 2025"},"geometry":{"type":"Point","coordinates":[139.92543,35.8722]}},{"type":"Feature","properties":{"lineId":"tsukuba-express","stationName":"みどりの","source":"MLIT N02 2025"},"geometry":{"type":"Point","coordinates":[140.05633,36.03049]}},{"type":"Feature","properties":{"lineId":"tsukuba-express","stationName":"つくば","source":"MLIT N02 2025"},"geometry":{"type":"Point","coordinates":[140.11153,36.08288]}},{"type":"Feature","properties":{"lineId":"tsukuba-express","stationName":"みらい平","source":"MLIT N02 2025"},"geometry":{"type":"Point","coordinates":[140.03868,35.99501]}},{"type":"Feature","properties":{"lineId":"tsukuba-express","stationName":"研究学園","source":"MLIT N02 2025"},"geometry":{"type":"Point","coordinates":[140.08301,36.08213]}},{"type":"Feature","properties":{"lineId":"tsukuba-express","stationName":"柏の葉キャンパス","source":"MLIT N02 2025"},"geometry":{"type":"Point","coordinates":[139.95267,35.89387]}},{"type":"Feature","properties":{"lineId":"tsukuba-express","stationName":"北千住","source":"MLIT N02 2025"},"geometry":{"type":"Point","coordinates":[139.80554,35.75104]}},{"type":"Feature","properties":{"lineId":"tsukuba-express","stationName":"三郷中央","source":"MLIT N02 2025"},"geometry":{"type":"Point","coordinates":[139.8787,35.82501]}},{"type":"Feature","properties":{"lineId":"tsukuba-express","stationName":"六町","source":"MLIT N02 2025"},"geometry":{"type":"Point","coordinates":[139.8219,35.78562]}},{"type":"Feature","properties":{"lineId":"tsukuba-express","stationName":"浅草","source":"MLIT N02 2025"},"geometry":{"type":"Point","coordinates":[139.7923,35.71308]}},{"type":"Feature","properties":{"lineId":"tsukuba-express","stationName":"八潮","source":"MLIT N02 2025"},"geometry":{"type":"Point","coordinates":[139.84529,35.80816]}},{"type":"Feature","properties":{"lineId":"tsukuba-express","stationName":"南流山","source":"MLIT N02 2025"},"geometry":{"type":"Point","coordinates":[139.90212,35.83801]}},{"type":"Feature","properties":{"lineId":"tsukuba-express","stationName":"青井","source":"MLIT N02 2025"},"geometry":{"type":"Point","coordinates":[139.82028,35.77281]}},{"type":"Feature","properties":{"lineId":"tsukuba-express","stationName":"秋葉原","source":"MLIT N02 2025"},"geometry":{"type":"Point","coordinates":[139.77435,35.69877]}},{"type":"Feature","properties":{"lineId":"tsukuba-express","stationName":"南千住","source":"MLIT N02 2025"},"geometry":{"type":"Point","coordinates":[139.79946,35.73364]}},{"type":"Feature","properties":{"lineId":"tsukuba-express","stationName":"流山セントラルパーク","source":"MLIT N02 2025"},"geometry":{"type":"Point","coordinates":[139.91507,35.85399]}},{"type":"Feature","properties":{"lineId":"tsukuba-express","stationName":"新御徒町","source":"MLIT N02 2025"},"geometry":{"type":"Point","coordinates":[139.7835,35.70677]}},{"type":"Feature","properties":{"lineId":"odakyu-odawara","stationName":"代々木八幡","source":"MLIT N02 2025"},"geometry":{"type":"Point","coordinates":[139.68908,35.6697]}},{"type":"Feature","properties":{"lineId":"odakyu-odawara","stationName":"喜多見","source":"MLIT N02 2025"},"geometry":{"type":"Point","coordinates":[139.58667,35.63647]}},{"type":"Feature","properties":{"lineId":"odakyu-odawara","stationName":"豪徳寺","source":"MLIT N02 2025"},"geometry":{"type":"Point","coordinates":[139.64681,35.65362]}},{"type":"Feature","properties":{"lineId":"odakyu-odawara","stationName":"下北沢","source":"MLIT N02 2025"},"geometry":{"type":"Point","coordinates":[139.66802,35.66194]}},{"type":"Feature","properties":{"lineId":"odakyu-odawara","stationName":"南新宿","source":"MLIT N02 2025"},"geometry":{"type":"Point","coordinates":[139.69885,35.68372]}},{"type":"Feature","properties":{"lineId":"odakyu-odawara","stationName":"千歳船橋","source":"MLIT N02 2025"},"geometry":{"type":"Point","coordinates":[139.62373,35.64744]}},{"type":"Feature","properties":{"lineId":"odakyu-odawara","stationName":"参宮橋","source":"MLIT N02 2025"},"geometry":{"type":"Point","coordinates":[139.69388,35.67908]}},{"type":"Feature","properties":{"lineId":"odakyu-odawara","stationName":"祖師ヶ谷大蔵","source":"MLIT N02 2025"},"geometry":{"type":"Point","coordinates":[139.61064,35.64351]}},{"type":"Feature","properties":{"lineId":"odakyu-odawara","stationName":"梅ヶ丘","source":"MLIT N02 2025"},"geometry":{"type":"Point","coordinates":[139.65276,35.6558]}},{"type":"Feature","properties":{"lineId":"odakyu-odawara","stationName":"新宿","source":"MLIT N02 2025"},"geometry":{"type":"Point","coordinates":[139.69965,35.69136]}},{"type":"Feature","properties":{"lineId":"odakyu-odawara","stationName":"世田谷代田","source":"MLIT N02 2025"},"geometry":{"type":"Point","coordinates":[139.66244,35.65857]}},{"type":"Feature","properties":{"lineId":"odakyu-odawara","stationName":"東北沢","source":"MLIT N02 2025"},"geometry":{"type":"Point","coordinates":[139.67354,35.6658]}},{"type":"Feature","properties":{"lineId":"odakyu-odawara","stationName":"経堂","source":"MLIT N02 2025"},"geometry":{"type":"Point","coordinates":[139.63726,35.65136]}},{"type":"Feature","properties":{"lineId":"odakyu-odawara","stationName":"成城学園前","source":"MLIT N02 2025"},"geometry":{"type":"Point","coordinates":[139.6002,35.64046]}},{"type":"Feature","properties":{"lineId":"odakyu-odawara","stationName":"代々木上原","source":"MLIT N02 2025"},"geometry":{"type":"Point","coordinates":[139.67954,35.66886]}},{"type":"Feature","properties":{"lineId":"odakyu-odawara","stationName":"町田","source":"MLIT N02 2025"},"geometry":{"type":"Point","coordinates":[139.44485,35.54369]}},{"type":"Feature","properties":{"lineId":"odakyu-odawara","stationName":"狛江","source":"MLIT N02 2025"},"geometry":{"type":"Point","coordinates":[139.57744,35.63232]}},{"type":"Feature","properties":{"lineId":"odakyu-odawara","stationName":"読売ランド前","source":"MLIT N02 2025"},"geometry":{"type":"Point","coordinates":[139.52902,35.61463]}},{"type":"Feature","properties":{"lineId":"odakyu-odawara","stationName":"生田","source":"MLIT N02 2025"},"geometry":{"type":"Point","coordinates":[139.54295,35.61506]}},{"type":"Feature","properties":{"lineId":"odakyu-odawara","stationName":"和泉多摩川","source":"MLIT N02 2025"},"geometry":{"type":"Point","coordinates":[139.57413,35.62803]}},{"type":"Feature","properties":{"lineId":"odakyu-odawara","stationName":"百合ヶ丘","source":"MLIT N02 2025"},"geometry":{"type":"Point","coordinates":[139.51702,35.60939]}},{"type":"Feature","properties":{"lineId":"odakyu-odawara","stationName":"柿生","source":"MLIT N02 2025"},"geometry":{"type":"Point","coordinates":[139.49799,35.59023]}},{"type":"Feature","properties":{"lineId":"odakyu-odawara","stationName":"玉川学園前","source":"MLIT N02 2025"},"geometry":{"type":"Point","coordinates":[139.46295,35.56274]}},{"type":"Feature","properties":{"lineId":"odakyu-odawara","stationName":"相模大野","source":"MLIT N02 2025"},"geometry":{"type":"Point","coordinates":[139.43698,35.53111]}},{"type":"Feature","properties":{"lineId":"odakyu-odawara","stationName":"小田急相模原","source":"MLIT N02 2025"},"geometry":{"type":"Point","coordinates":[139.42242,35.51486]}},{"type":"Feature","properties":{"lineId":"odakyu-odawara","stationName":"登戸","source":"MLIT N02 2025"},"geometry":{"type":"Point","coordinates":[139.56962,35.62119]}},{"type":"Feature","properties":{"lineId":"odakyu-odawara","stationName":"相武台前","source":"MLIT N02 2025"},"geometry":{"type":"Point","coordinates":[139.408,35.49877]}},{"type":"Feature","properties":{"lineId":"odakyu-odawara","stationName":"向ヶ丘遊園","source":"MLIT N02 2025"},"geometry":{"type":"Point","coordinates":[139.56567,35.61773]}},{"type":"Feature","properties":{"lineId":"odakyu-odawara","stationName":"鶴川","source":"MLIT N02 2025"},"geometry":{"type":"Point","coordinates":[139.48078,35.5829]}},{"type":"Feature","properties":{"lineId":"odakyu-odawara","stationName":"新百合ヶ丘","source":"MLIT N02 2025"},"geometry":{"type":"Point","coordinates":[139.50828,35.60435]}},{"type":"Feature","properties":{"lineId":"odakyu-odawara","stationName":"小田原","source":"MLIT N02 2025"},"geometry":{"type":"Point","coordinates":[139.15491,35.25564]}},{"type":"Feature","properties":{"lineId":"odakyu-odawara","stationName":"海老名","source":"MLIT N02 2025"},"geometry":{"type":"Point","coordinates":[139.3912,35.45303]}},{"type":"Feature","properties":{"lineId":"odakyu-odawara","stationName":"愛甲石田","source":"MLIT N02 2025"},"geometry":{"type":"Point","coordinates":[139.34366,35.41737]}},{"type":"Feature","properties":{"lineId":"odakyu-odawara","stationName":"新松田","source":"MLIT N02 2025"},"geometry":{"type":"Point","coordinates":[139.14012,35.3449]}},{"type":"Feature","properties":{"lineId":"odakyu-odawara","stationName":"足柄","source":"MLIT N02 2025"},"geometry":{"type":"Point","coordinates":[139.15454,35.27142]}},{"type":"Feature","properties":{"lineId":"odakyu-odawara","stationName":"座間","source":"MLIT N02 2025"},"geometry":{"type":"Point","coordinates":[139.39991,35.48025]}},{"type":"Feature","properties":{"lineId":"odakyu-odawara","stationName":"栢山","source":"MLIT N02 2025"},"geometry":{"type":"Point","coordinates":[139.14263,35.31034]}},{"type":"Feature","properties":{"lineId":"odakyu-odawara","stationName":"厚木","source":"MLIT N02 2025"},"geometry":{"type":"Point","coordinates":[139.37807,35.4431]}},{"type":"Feature","properties":{"lineId":"odakyu-odawara","stationName":"本厚木","source":"MLIT N02 2025"},"geometry":{"type":"Point","coordinates":[139.3652,35.43986]}},{"type":"Feature","properties":{"lineId":"odakyu-odawara","stationName":"秦野","source":"MLIT N02 2025"},"geometry":{"type":"Point","coordinates":[139.22531,35.37058]}},{"type":"Feature","properties":{"lineId":"odakyu-odawara","stationName":"鶴巻温泉","source":"MLIT N02 2025"},"geometry":{"type":"Point","coordinates":[139.27675,35.38034]}},{"type":"Feature","properties":{"lineId":"odakyu-odawara","stationName":"開成","source":"MLIT N02 2025"},"geometry":{"type":"Point","coordinates":[139.13595,35.32618]}},{"type":"Feature","properties":{"lineId":"odakyu-odawara","stationName":"伊勢原","source":"MLIT N02 2025"},"geometry":{"type":"Point","coordinates":[139.3132,35.3958]}},{"type":"Feature","properties":{"lineId":"odakyu-odawara","stationName":"富水","source":"MLIT N02 2025"},"geometry":{"type":"Point","coordinates":[139.14541,35.29614]}},{"type":"Feature","properties":{"lineId":"odakyu-odawara","stationName":"渋沢","source":"MLIT N02 2025"},"geometry":{"type":"Point","coordinates":[139.18421,35.37412]}},{"type":"Feature","properties":{"lineId":"odakyu-odawara","stationName":"東海大学前","source":"MLIT N02 2025"},"geometry":{"type":"Point","coordinates":[139.27063,35.37266]}},{"type":"Feature","properties":{"lineId":"odakyu-odawara","stationName":"螢田","source":"MLIT N02 2025"},"geometry":{"type":"Point","coordinates":[139.15237,35.28467]}},{"type":"Feature","properties":{"lineId":"seibu-yamaguchi","stationName":"多摩湖","source":"MLIT N02 2025"},"geometry":{"type":"Point","coordinates":[139.44255,35.76646]}},{"type":"Feature","properties":{"lineId":"seibu-yamaguchi","stationName":"西武球場前","source":"MLIT N02 2025"},"geometry":{"type":"Point","coordinates":[139.41994,35.77047]}},{"type":"Feature","properties":{"lineId":"seibu-yamaguchi","stationName":"西武園ゆうえんち","source":"MLIT N02 2025"},"geometry":{"type":"Point","coordinates":[139.44001,35.7693]}},{"type":"Feature","properties":{"lineId":"seibu-ikebukuro","stationName":"池袋","source":"MLIT N02 2025"},"geometry":{"type":"Point","coordinates":[139.71075,35.72749]}},{"type":"Feature","properties":{"lineId":"seibu-ikebukuro","stationName":"練馬","source":"MLIT N02 2025"},"geometry":{"type":"Point","coordinates":[139.65331,35.73783]}},{"type":"Feature","properties":{"lineId":"seibu-ikebukuro","stationName":"石神井公園","source":"MLIT N02 2025"},"geometry":{"type":"Point","coordinates":[139.60761,35.74339]}},{"type":"Feature","properties":{"lineId":"seibu-ikebukuro","stationName":"江古田","source":"MLIT N02 2025"},"geometry":{"type":"Point","coordinates":[139.67202,35.7377]}},{"type":"Feature","properties":{"lineId":"seibu-ikebukuro","stationName":"富士見台","source":"MLIT N02 2025"},"geometry":{"type":"Point","coordinates":[139.629,35.73577]}},{"type":"Feature","properties":{"lineId":"seibu-ikebukuro","stationName":"中村橋","source":"MLIT N02 2025"},"geometry":{"type":"Point","coordinates":[139.63633,35.73657]}},{"type":"Feature","properties":{"lineId":"seibu-ikebukuro","stationName":"桜台","source":"MLIT N02 2025"},"geometry":{"type":"Point","coordinates":[139.66144,35.73865]}},{"type":"Feature","properties":{"lineId":"seibu-ikebukuro","stationName":"東長崎","source":"MLIT N02 2025"},"geometry":{"type":"Point","coordinates":[139.68254,35.73047]}},{"type":"Feature","properties":{"lineId":"seibu-ikebukuro","stationName":"練馬高野台","source":"MLIT N02 2025"},"geometry":{"type":"Point","coordinates":[139.61768,35.74016]}},{"type":"Feature","properties":{"lineId":"seibu-ikebukuro","stationName":"椎名町","source":"MLIT N02 2025"},"geometry":{"type":"Point","coordinates":[139.69369,35.72662]}},{"type":"Feature","properties":{"lineId":"seibu-ikebukuro","stationName":"大泉学園","source":"MLIT N02 2025"},"geometry":{"type":"Point","coordinates":[139.58661,35.74943]}},{"type":"Feature","properties":{"lineId":"seibu-ikebukuro","stationName":"小手指","source":"MLIT N02 2025"},"geometry":{"type":"Point","coordinates":[139.43705,35.80104]}},{"type":"Feature","properties":{"lineId":"seibu-ikebukuro","stationName":"東吾野","source":"MLIT N02 2025"},"geometry":{"type":"Point","coordinates":[139.26002,35.89289]}},{"type":"Feature","properties":{"lineId":"seibu-ikebukuro","stationName":"元加治","source":"MLIT N02 2025"},"geometry":{"type":"Point","coordinates":[139.34519,35.84063]}},{"type":"Feature","properties":{"lineId":"seibu-ikebukuro","stationName":"清瀬","source":"MLIT N02 2025"},"geometry":{"type":"Point","coordinates":[139.51998,35.77194]}},{"type":"Feature","properties":{"lineId":"seibu-ikebukuro","stationName":"仏子","source":"MLIT N02 2025"},"geometry":{"type":"Point","coordinates":[139.35945,35.83766]}},{"type":"Feature","properties":{"lineId":"seibu-ikebukuro","stationName":"狭山ヶ丘","source":"MLIT N02 2025"},"geometry":{"type":"Point","coordinates":[139.41629,35.8108]}},{"type":"Feature","properties":{"lineId":"seibu-ikebukuro","stationName":"飯能","source":"MLIT N02 2025"},"geometry":{"type":"Point","coordinates":[139.31882,35.85119]}},{"type":"Feature","properties":{"lineId":"seibu-ikebukuro","stationName":"秋津","source":"MLIT N02 2025"},"geometry":{"type":"Point","coordinates":[139.49677,35.77851]}},{"type":"Feature","properties":{"lineId":"seibu-ikebukuro","stationName":"東久留米","source":"MLIT N02 2025"},"geometry":{"type":"Point","coordinates":[139.53326,35.76096]}},{"type":"Feature","properties":{"lineId":"seibu-ikebukuro","stationName":"武蔵横手","source":"MLIT N02 2025"},"geometry":{"type":"Point","coordinates":[139.28078,35.88516]}},{"type":"Feature","properties":{"lineId":"seibu-ikebukuro","stationName":"武蔵藤沢","source":"MLIT N02 2025"},"geometry":{"type":"Point","coordinates":[139.41255,35.8218]}},{"type":"Feature","properties":{"lineId":"seibu-ikebukuro","stationName":"高麗","source":"MLIT N02 2025"},"geometry":{"type":"Point","coordinates":[139.30428,35.8821]}},{"type":"Feature","properties":{"lineId":"seibu-ikebukuro","stationName":"東飯能","source":"MLIT N02 2025"},"geometry":{"type":"Point","coordinates":[139.32599,35.85354]}},{"type":"Feature","properties":{"lineId":"seibu-ikebukuro","stationName":"西所沢","source":"MLIT N02 2025"},"geometry":{"type":"Point","coordinates":[139.45613,35.78885]}},{"type":"Feature","properties":{"lineId":"seibu-ikebukuro","stationName":"稲荷山公園","source":"MLIT N02 2025"},"geometry":{"type":"Point","coordinates":[139.39916,35.84478]}},{"type":"Feature","properties":{"lineId":"seibu-ikebukuro","stationName":"吾野","source":"MLIT N02 2025"},"geometry":{"type":"Point","coordinates":[139.22592,35.90829]}},{"type":"Feature","properties":{"lineId":"seibu-ikebukuro","stationName":"入間市","source":"MLIT N02 2025"},"geometry":{"type":"Point","coordinates":[139.38997,35.84241]}},{"type":"Feature","properties":{"lineId":"seibu-ikebukuro","stationName":"ひばりヶ丘","source":"MLIT N02 2025"},"geometry":{"type":"Point","coordinates":[139.5461,35.7513]}},{"type":"Feature","properties":{"lineId":"seibu-ikebukuro","stationName":"所沢","source":"MLIT N02 2025"},"geometry":{"type":"Point","coordinates":[139.47331,35.78595]}},{"type":"Feature","properties":{"lineId":"seibu-ikebukuro","stationName":"保谷","source":"MLIT N02 2025"},"geometry":{"type":"Point","coordinates":[139.56864,35.74831]}},{"type":"Feature","properties":{"lineId":"tokyu-setagaya","stationName":"下高井戸","source":"MLIT N02 2025"},"geometry":{"type":"Point","coordinates":[139.64196,35.6658]}},{"type":"Feature","properties":{"lineId":"tokyu-setagaya","stationName":"若林","source":"MLIT N02 2025"},"geometry":{"type":"Point","coordinates":[139.65952,35.64585]}},{"type":"Feature","properties":{"lineId":"tokyu-setagaya","stationName":"宮の坂","source":"MLIT N02 2025"},"geometry":{"type":"Point","coordinates":[139.64503,35.64791]}},{"type":"Feature","properties":{"lineId":"tokyu-setagaya","stationName":"山下","source":"MLIT N02 2025"},"geometry":{"type":"Point","coordinates":[139.64646,35.65428]}},{"type":"Feature","properties":{"lineId":"tokyu-setagaya","stationName":"世田谷","source":"MLIT N02 2025"},"geometry":{"type":"Point","coordinates":[139.65042,35.64346]}},{"type":"Feature","properties":{"lineId":"tokyu-setagaya","stationName":"松原","source":"MLIT N02 2025"},"geometry":{"type":"Point","coordinates":[139.64189,35.66056]}},{"type":"Feature","properties":{"lineId":"tokyu-setagaya","stationName":"松陰神社前","source":"MLIT N02 2025"},"geometry":{"type":"Point","coordinates":[139.65463,35.64382]}},{"type":"Feature","properties":{"lineId":"tokyu-setagaya","stationName":"三軒茶屋","source":"MLIT N02 2025"},"geometry":{"type":"Point","coordinates":[139.66876,35.64408]}},{"type":"Feature","properties":{"lineId":"tokyu-setagaya","stationName":"上町","source":"MLIT N02 2025"},"geometry":{"type":"Point","coordinates":[139.64628,35.64365]}},{"type":"Feature","properties":{"lineId":"tokyu-setagaya","stationName":"西太子堂","source":"MLIT N02 2025"},"geometry":{"type":"Point","coordinates":[139.66598,35.64466]}},{"type":"Feature","properties":{"lineId":"tokyu-denentoshi","stationName":"渋谷","source":"MLIT N02 2025"},"geometry":{"type":"Point","coordinates":[139.69997,35.65945]}},{"type":"Feature","properties":{"lineId":"tokyu-denentoshi","stationName":"三軒茶屋","source":"MLIT N02 2025"},"geometry":{"type":"Point","coordinates":[139.67125,35.64349]}},{"type":"Feature","properties":{"lineId":"tokyu-denentoshi","stationName":"二子玉川","source":"MLIT N02 2025"},"geometry":{"type":"Point","coordinates":[139.6267,35.6118]}},{"type":"Feature","properties":{"lineId":"tokyu-denentoshi","stationName":"二子新地","source":"MLIT N02 2025"},"geometry":{"type":"Point","coordinates":[139.62258,35.60721]}},{"type":"Feature","properties":{"lineId":"tokyu-denentoshi","stationName":"駒沢大学","source":"MLIT N02 2025"},"geometry":{"type":"Point","coordinates":[139.66016,35.63256]}},{"type":"Feature","properties":{"lineId":"tokyu-denentoshi","stationName":"梶が谷","source":"MLIT N02 2025"},"geometry":{"type":"Point","coordinates":[139.60596,35.59402]}},{"type":"Feature","properties":{"lineId":"tokyu-denentoshi","stationName":"高津","source":"MLIT N02 2025"},"geometry":{"type":"Point","coordinates":[139.61852,35.60389]}},{"type":"Feature","properties":{"lineId":"tokyu-denentoshi","stationName":"用賀","source":"MLIT N02 2025"},"geometry":{"type":"Point","coordinates":[139.63415,35.62667]}},{"type":"Feature","properties":{"lineId":"tokyu-denentoshi","stationName":"宮崎台","source":"MLIT N02 2025"},"geometry":{"type":"Point","coordinates":[139.59069,35.58702]}},{"type":"Feature","properties":{"lineId":"tokyu-denentoshi","stationName":"池尻大橋","source":"MLIT N02 2025"},"geometry":{"type":"Point","coordinates":[139.68461,35.65066]}},{"type":"Feature","properties":{"lineId":"tokyu-denentoshi","stationName":"宮前平","source":"MLIT N02 2025"},"geometry":{"type":"Point","coordinates":[139.58202,35.58494]}},{"type":"Feature","properties":{"lineId":"tokyu-denentoshi","stationName":"桜新町","source":"MLIT N02 2025"},"geometry":{"type":"Point","coordinates":[139.64516,35.63172]}},{"type":"Feature","properties":{"lineId":"tokyu-denentoshi","stationName":"溝の口","source":"MLIT N02 2025"},"geometry":{"type":"Point","coordinates":[139.61046,35.59976]}},{"type":"Feature","properties":{"lineId":"tokyu-denentoshi","stationName":"青葉台","source":"MLIT N02 2025"},"geometry":{"type":"Point","coordinates":[139.51665,35.54282]}},{"type":"Feature","properties":{"lineId":"tokyu-denentoshi","stationName":"つきみ野","source":"MLIT N02 2025"},"geometry":{"type":"Point","coordinates":[139.45822,35.51044]}},{"type":"Feature","properties":{"lineId":"tokyu-denentoshi","stationName":"市が尾","source":"MLIT N02 2025"},"geometry":{"type":"Point","coordinates":[139.54082,35.55081]}},{"type":"Feature","properties":{"lineId":"tokyu-denentoshi","stationName":"中央林間","source":"MLIT N02 2025"},"geometry":{"type":"Point","coordinates":[139.44594,35.50788]}},{"type":"Feature","properties":{"lineId":"tokyu-denentoshi","stationName":"長津田","source":"MLIT N02 2025"},"geometry":{"type":"Point","coordinates":[139.49536,35.53185]}},{"type":"Feature","properties":{"lineId":"tokyu-denentoshi","stationName":"たまプラーザ","source":"MLIT N02 2025"},"geometry":{"type":"Point","coordinates":[139.55842,35.57737]}},{"type":"Feature","properties":{"lineId":"tokyu-denentoshi","stationName":"あざみ野","source":"MLIT N02 2025"},"geometry":{"type":"Point","coordinates":[139.55355,35.56879]}},{"type":"Feature","properties":{"lineId":"tokyu-denentoshi","stationName":"すずかけ台","source":"MLIT N02 2025"},"geometry":{"type":"Point","coordinates":[139.48183,35.51717]}},{"type":"Feature","properties":{"lineId":"tokyu-denentoshi","stationName":"田奈","source":"MLIT N02 2025"},"geometry":{"type":"Point","coordinates":[139.50449,35.53584]}},{"type":"Feature","properties":{"lineId":"tokyu-denentoshi","stationName":"藤が丘","source":"MLIT N02 2025"},"geometry":{"type":"Point","coordinates":[139.52711,35.54333]}},{"type":"Feature","properties":{"lineId":"tokyu-denentoshi","stationName":"鷺沼","source":"MLIT N02 2025"},"geometry":{"type":"Point","coordinates":[139.57307,35.57965]}},{"type":"Feature","properties":{"lineId":"tokyu-denentoshi","stationName":"江田","source":"MLIT N02 2025"},"geometry":{"type":"Point","coordinates":[139.55119,35.55818]}},{"type":"Feature","properties":{"lineId":"tokyu-denentoshi","stationName":"つくし野","source":"MLIT N02 2025"},"geometry":{"type":"Point","coordinates":[139.48516,35.52792]}},{"type":"Feature","properties":{"lineId":"tokyu-denentoshi","stationName":"南町田グランベリーパーク","source":"MLIT N02 2025"},"geometry":{"type":"Point","coordinates":[139.47149,35.51159]}},{"type":"Feature","properties":{"lineId":"tokyu-meguro","stationName":"目黒","source":"MLIT N02 2025"},"geometry":{"type":"Point","coordinates":[139.7159,35.63177]}},{"type":"Feature","properties":{"lineId":"tokyu-meguro","stationName":"田園調布","source":"MLIT N02 2025"},"geometry":{"type":"Point","coordinates":[139.66731,35.59663]}},{"type":"Feature","properties":{"lineId":"tokyu-meguro","stationName":"不動前","source":"MLIT N02 2025"},"geometry":{"type":"Point","coordinates":[139.71304,35.62536]}},{"type":"Feature","properties":{"lineId":"tokyu-meguro","stationName":"洗足","source":"MLIT N02 2025"},"geometry":{"type":"Point","coordinates":[139.69444,35.61043]}},{"type":"Feature","properties":{"lineId":"tokyu-meguro","stationName":"奥沢","source":"MLIT N02 2025"},"geometry":{"type":"Point","coordinates":[139.67285,35.60406]}},{"type":"Feature","properties":{"lineId":"tokyu-meguro","stationName":"西小山","source":"MLIT N02 2025"},"geometry":{"type":"Point","coordinates":[139.69897,35.61574]}},{"type":"Feature","properties":{"lineId":"tokyu-meguro","stationName":"武蔵小山","source":"MLIT N02 2025"},"geometry":{"type":"Point","coordinates":[139.70502,35.62082]}},{"type":"Feature","properties":{"lineId":"tokyu-meguro","stationName":"大岡山","source":"MLIT N02 2025"},"geometry":{"type":"Point","coordinates":[139.68501,35.60725]}},{"type":"Feature","properties":{"lineId":"tokyo-metro-hibiya","stationName":"仲御徒町","source":"MLIT N02 2025"},"geometry":{"type":"Point","coordinates":[139.77612,35.70591]}},{"type":"Feature","properties":{"lineId":"tokyo-metro-hibiya","stationName":"入谷","source":"MLIT N02 2025"},"geometry":{"type":"Point","coordinates":[139.78448,35.72057]}},{"type":"Feature","properties":{"lineId":"tokyo-metro-hibiya","stationName":"南千住","source":"MLIT N02 2025"},"geometry":{"type":"Point","coordinates":[139.79832,35.73174]}},{"type":"Feature","properties":{"lineId":"tokyo-metro-hibiya","stationName":"上野","source":"MLIT N02 2025"},"geometry":{"type":"Point","coordinates":[139.77687,35.71146]}},{"type":"Feature","properties":{"lineId":"tokyo-metro-hibiya","stationName":"三ノ輪","source":"MLIT N02 2025"},"geometry":{"type":"Point","coordinates":[139.79051,35.72867]}},{"type":"Feature","properties":{"lineId":"tokyo-metro-hibiya","stationName":"秋葉原","source":"MLIT N02 2025"},"geometry":{"type":"Point","coordinates":[139.77553,35.69786]}},{"type":"Feature","properties":{"lineId":"tokyo-metro-hibiya","stationName":"北千住","source":"MLIT N02 2025"},"geometry":{"type":"Point","coordinates":[139.80578,35.75053]}},{"type":"Feature","properties":{"lineId":"tokyo-metro-hibiya","stationName":"神谷町","source":"MLIT N02 2025"},"geometry":{"type":"Point","coordinates":[139.74526,35.66319]}},{"type":"Feature","properties":{"lineId":"tokyo-metro-hibiya","stationName":"銀座","source":"MLIT N02 2025"},"geometry":{"type":"Point","coordinates":[139.76391,35.67205]}},{"type":"Feature","properties":{"lineId":"tokyo-metro-hibiya","stationName":"広尾","source":"MLIT N02 2025"},"geometry":{"type":"Point","coordinates":[139.72216,35.65235]}},{"type":"Feature","properties":{"lineId":"tokyo-metro-hibiya","stationName":"東銀座","source":"MLIT N02 2025"},"geometry":{"type":"Point","coordinates":[139.76723,35.66948]}},{"type":"Feature","properties":{"lineId":"tokyo-metro-hibiya","stationName":"霞ヶ関","source":"MLIT N02 2025"},"geometry":{"type":"Point","coordinates":[139.75068,35.67323]}},{"type":"Feature","properties":{"lineId":"tokyo-metro-hibiya","stationName":"人形町","source":"MLIT N02 2025"},"geometry":{"type":"Point","coordinates":[139.7827,35.68584]}},{"type":"Feature","properties":{"lineId":"tokyo-metro-hibiya","stationName":"茅場町","source":"MLIT N02 2025"},"geometry":{"type":"Point","coordinates":[139.7795,35.6789]}},{"type":"Feature","properties":{"lineId":"tokyo-metro-hibiya","stationName":"六本木","source":"MLIT N02 2025"},"geometry":{"type":"Point","coordinates":[139.73206,35.66325]}},{"type":"Feature","properties":{"lineId":"tokyo-metro-hibiya","stationName":"小伝馬町","source":"MLIT N02 2025"},"geometry":{"type":"Point","coordinates":[139.77888,35.69028]}},{"type":"Feature","properties":{"lineId":"tokyo-metro-hibiya","stationName":"八丁堀","source":"MLIT N02 2025"},"geometry":{"type":"Point","coordinates":[139.7774,35.67549]}},{"type":"Feature","properties":{"lineId":"tokyo-metro-hibiya","stationName":"築地","source":"MLIT N02 2025"},"geometry":{"type":"Point","coordinates":[139.77241,35.66788]}},{"type":"Feature","properties":{"lineId":"tokyo-metro-hibiya","stationName":"日比谷","source":"MLIT N02 2025"},"geometry":{"type":"Point","coordinates":[139.76085,35.6741]}},{"type":"Feature","properties":{"lineId":"tokyo-metro-hibiya","stationName":"恵比寿","source":"MLIT N02 2025"},"geometry":{"type":"Point","coordinates":[139.70864,35.6469]}},{"type":"Feature","properties":{"lineId":"tokyo-metro-hibiya","stationName":"中目黒","source":"MLIT N02 2025"},"geometry":{"type":"Point","coordinates":[139.69918,35.6444]}},{"type":"Feature","properties":{"lineId":"tokyo-metro-marunouchi","stationName":"後楽園","source":"MLIT N02 2025"},"geometry":{"type":"Point","coordinates":[139.75096,35.70731]}},{"type":"Feature","properties":{"lineId":"tokyo-metro-marunouchi","stationName":"御茶ノ水","source":"MLIT N02 2025"},"geometry":{"type":"Point","coordinates":[139.76526,35.70017]}},{"type":"Feature","properties":{"lineId":"tokyo-metro-marunouchi","stationName":"本郷三丁目","source":"MLIT N02 2025"},"geometry":{"type":"Point","coordinates":[139.76006,35.70685]}},{"type":"Feature","properties":{"lineId":"tokyo-metro-marunouchi","stationName":"新高円寺","source":"MLIT N02 2025"},"geometry":{"type":"Point","coordinates":[139.64776,35.69784]}},{"type":"Feature","properties":{"lineId":"tokyo-metro-marunouchi","stationName":"南阿佐ヶ谷","source":"MLIT N02 2025"},"geometry":{"type":"Point","coordinates":[139.63491,35.69973]}},{"type":"Feature","properties":{"lineId":"tokyo-metro-marunouchi","stationName":"荻窪","source":"MLIT N02 2025"},"geometry":{"type":"Point","coordinates":[139.61875,35.70416]}},{"type":"Feature","properties":{"lineId":"tokyo-metro-marunouchi","stationName":"茗荷谷","source":"MLIT N02 2025"},"geometry":{"type":"Point","coordinates":[139.7373,35.71682]}},{"type":"Feature","properties":{"lineId":"tokyo-metro-marunouchi","stationName":"新中野","source":"MLIT N02 2025"},"geometry":{"type":"Point","coordinates":[139.66873,35.69745]}},{"type":"Feature","properties":{"lineId":"tokyo-metro-marunouchi","stationName":"東高円寺","source":"MLIT N02 2025"},"geometry":{"type":"Point","coordinates":[139.65759,35.69806]}},{"type":"Feature","properties":{"lineId":"tokyo-metro-marunouchi","stationName":"池袋","source":"MLIT N02 2025"},"geometry":{"type":"Point","coordinates":[139.71196,35.73008]}},{"type":"Feature","properties":{"lineId":"tokyo-metro-marunouchi","stationName":"新大塚","source":"MLIT N02 2025"},"geometry":{"type":"Point","coordinates":[139.72951,35.72602]}},{"type":"Feature","properties":{"lineId":"tokyo-metro-marunouchi","stationName":"中野坂上","source":"MLIT N02 2025"},"geometry":{"type":"Point","coordinates":[139.68157,35.69716]}},{"type":"Feature","properties":{"lineId":"tokyo-metro-marunouchi","stationName":"東京","source":"MLIT N02 2025"},"geometry":{"type":"Point","coordinates":[139.7646,35.68114]}},{"type":"Feature","properties":{"lineId":"tokyo-metro-marunouchi","stationName":"国会議事堂前","source":"MLIT N02 2025"},"geometry":{"type":"Point","coordinates":[139.74546,35.67482]}},{"type":"Feature","properties":{"lineId":"tokyo-metro-marunouchi","stationName":"淡路町","source":"MLIT N02 2025"},"geometry":{"type":"Point","coordinates":[139.76745,35.69439]}},{"type":"Feature","properties":{"lineId":"tokyo-metro-marunouchi","stationName":"四谷三丁目","source":"MLIT N02 2025"},"geometry":{"type":"Point","coordinates":[139.71828,35.68774]}},{"type":"Feature","properties":{"lineId":"tokyo-metro-marunouchi","stationName":"銀座","source":"MLIT N02 2025"},"geometry":{"type":"Point","coordinates":[139.76382,35.67306]}},{"type":"Feature","properties":{"lineId":"tokyo-metro-marunouchi","stationName":"霞ヶ関","source":"MLIT N02 2025"},"geometry":{"type":"Point","coordinates":[139.7519,35.67456]}},{"type":"Feature","properties":{"lineId":"tokyo-metro-marunouchi","stationName":"四ツ谷","source":"MLIT N02 2025"},"geometry":{"type":"Point","coordinates":[139.73006,35.68441]}},{"type":"Feature","properties":{"lineId":"tokyo-metro-marunouchi","stationName":"大手町","source":"MLIT N02 2025"},"geometry":{"type":"Point","coordinates":[139.76612,35.68656]}},{"type":"Feature","properties":{"lineId":"tokyo-metro-marunouchi","stationName":"赤坂見附","source":"MLIT N02 2025"},"geometry":{"type":"Point","coordinates":[139.73724,35.67699]}},{"type":"Feature","properties":{"lineId":"tokyo-metro-marunouchi","stationName":"西新宿","source":"MLIT N02 2025"},"geometry":{"type":"Point","coordinates":[139.69192,35.69475]}},{"type":"Feature","properties":{"lineId":"tokyo-metro-marunouchi","stationName":"新宿三丁目","source":"MLIT N02 2025"},"geometry":{"type":"Point","coordinates":[139.70353,35.69149]}},{"type":"Feature","properties":{"lineId":"tokyo-metro-marunouchi","stationName":"新宿御苑前","source":"MLIT N02 2025"},"geometry":{"type":"Point","coordinates":[139.70998,35.68871]}},{"type":"Feature","properties":{"lineId":"tokyo-metro-marunouchi","stationName":"新宿","source":"MLIT N02 2025"},"geometry":{"type":"Point","coordinates":[139.70068,35.69246]}},{"type":"Feature","properties":{"lineId":"tokyo-metro-marunouchi","stationName":"中野新橋","source":"MLIT N02 2025"},"geometry":{"type":"Point","coordinates":[139.6739,35.69159]}},{"type":"Feature","properties":{"lineId":"tokyo-metro-marunouchi","stationName":"方南町","source":"MLIT N02 2025"},"geometry":{"type":"Point","coordinates":[139.6572,35.68336]}},{"type":"Feature","properties":{"lineId":"tokyo-metro-marunouchi","stationName":"中野富士見町","source":"MLIT N02 2025"},"geometry":{"type":"Point","coordinates":[139.66741,35.69075]}},{"type":"Feature","properties":{"lineId":"tokyo-metro-tozai","stationName":"原木中山","source":"MLIT N02 2025"},"geometry":{"type":"Point","coordinates":[139.9426,35.70396]}},{"type":"Feature","properties":{"lineId":"tokyo-metro-tozai","stationName":"妙典","source":"MLIT N02 2025"},"geometry":{"type":"Point","coordinates":[139.92427,35.69101]}},{"type":"Feature","properties":{"lineId":"tokyo-metro-tozai","stationName":"飯田橋","source":"MLIT N02 2025"},"geometry":{"type":"Point","coordinates":[139.74667,35.70132]}},{"type":"Feature","properties":{"lineId":"tokyo-metro-tozai","stationName":"中野","source":"MLIT N02 2025"},"geometry":{"type":"Point","coordinates":[139.66433,35.70569]}},{"type":"Feature","properties":{"lineId":"tokyo-metro-tozai","stationName":"落合","source":"MLIT N02 2025"},"geometry":{"type":"Point","coordinates":[139.68487,35.71037]}},{"type":"Feature","properties":{"lineId":"tokyo-metro-tozai","stationName":"神楽坂","source":"MLIT N02 2025"},"geometry":{"type":"Point","coordinates":[139.73338,35.70406]}},{"type":"Feature","properties":{"lineId":"tokyo-metro-tozai","stationName":"高田馬場","source":"MLIT N02 2025"},"geometry":{"type":"Point","coordinates":[139.70406,35.71376]}},{"type":"Feature","properties":{"lineId":"tokyo-metro-tozai","stationName":"早稲田","source":"MLIT N02 2025"},"geometry":{"type":"Point","coordinates":[139.72105,35.70578]}},{"type":"Feature","properties":{"lineId":"tokyo-metro-tozai","stationName":"大手町","source":"MLIT N02 2025"},"geometry":{"type":"Point","coordinates":[139.76566,35.68478]}},{"type":"Feature","properties":{"lineId":"tokyo-metro-tozai","stationName":"茅場町","source":"MLIT N02 2025"},"geometry":{"type":"Point","coordinates":[139.77947,35.68027]}},{"type":"Feature","properties":{"lineId":"tokyo-metro-tozai","stationName":"門前仲町","source":"MLIT N02 2025"},"geometry":{"type":"Point","coordinates":[139.7963,35.67181]}},{"type":"Feature","properties":{"lineId":"tokyo-metro-tozai","stationName":"木場","source":"MLIT N02 2025"},"geometry":{"type":"Point","coordinates":[139.80714,35.66936]}},{"type":"Feature","properties":{"lineId":"tokyo-metro-tozai","stationName":"浦安","source":"MLIT N02 2025"},"geometry":{"type":"Point","coordinates":[139.89274,35.66565]}},{"type":"Feature","properties":{"lineId":"tokyo-metro-tozai","stationName":"九段下","source":"MLIT N02 2025"},"geometry":{"type":"Point","coordinates":[139.7514,35.69554]}},{"type":"Feature","properties":{"lineId":"tokyo-metro-tozai","stationName":"竹橋","source":"MLIT N02 2025"},"geometry":{"type":"Point","coordinates":[139.75682,35.6906]}},{"type":"Feature","properties":{"lineId":"tokyo-metro-tozai","stationName":"葛西","source":"MLIT N02 2025"},"geometry":{"type":"Point","coordinates":[139.87176,35.66366]}},{"type":"Feature","properties":{"lineId":"tokyo-metro-tozai","stationName":"南砂町","source":"MLIT N02 2025"},"geometry":{"type":"Point","coordinates":[139.83291,35.66802]}},{"type":"Feature","properties":{"lineId":"tokyo-metro-tozai","stationName":"行徳","source":"MLIT N02 2025"},"geometry":{"type":"Point","coordinates":[139.91494,35.68324]}},{"type":"Feature","properties":{"lineId":"tokyo-metro-tozai","stationName":"南行徳","source":"MLIT N02 2025"},"geometry":{"type":"Point","coordinates":[139.90237,35.67281]}},{"type":"Feature","properties":{"lineId":"tokyo-metro-tozai","stationName":"西葛西","source":"MLIT N02 2025"},"geometry":{"type":"Point","coordinates":[139.85943,35.66458]}},{"type":"Feature","properties":{"lineId":"tokyo-metro-tozai","stationName":"日本橋","source":"MLIT N02 2025"},"geometry":{"type":"Point","coordinates":[139.77373,35.68252]}},{"type":"Feature","properties":{"lineId":"tokyo-metro-tozai","stationName":"東陽町","source":"MLIT N02 2025"},"geometry":{"type":"Point","coordinates":[139.81644,35.66952]}},{"type":"Feature","properties":{"lineId":"tokyo-metro-tozai","stationName":"西船橋","source":"MLIT N02 2025"},"geometry":{"type":"Point","coordinates":[139.95798,35.70777]}},{"type":"Feature","properties":{"lineId":"tokyo-metro-yurakucho","stationName":"飯田橋","source":"MLIT N02 2025"},"geometry":{"type":"Point","coordinates":[139.74308,35.70119]}},{"type":"Feature","properties":{"lineId":"tokyo-metro-fukutoshin","stationName":"池袋","source":"MLIT N02 2025"},"geometry":{"type":"Point","coordinates":[139.70889,35.73118]}},{"type":"Feature","properties":{"lineId":"tokyo-metro-yurakucho","stationName":"千川","source":"MLIT N02 2025"},"geometry":{"type":"Point","coordinates":[139.69029,35.73751]}},{"type":"Feature","properties":{"lineId":"tokyo-metro-yurakucho","stationName":"地下鉄成増","source":"MLIT N02 2025"},"geometry":{"type":"Point","coordinates":[139.62976,35.77748]}},{"type":"Feature","properties":{"lineId":"tokyo-metro-yurakucho","stationName":"東池袋","source":"MLIT N02 2025"},"geometry":{"type":"Point","coordinates":[139.71986,35.72531]}},{"type":"Feature","properties":{"lineId":"tokyo-metro-yurakucho","stationName":"池袋","source":"MLIT N02 2025"},"geometry":{"type":"Point","coordinates":[139.71197,35.72883]}},{"type":"Feature","properties":{"lineId":"tokyo-metro-yurakucho","stationName":"江戸川橋","source":"MLIT N02 2025"},"geometry":{"type":"Point","coordinates":[139.73511,35.70895]}},{"type":"Feature","properties":{"lineId":"tokyo-metro-yurakucho","stationName":"平和台","source":"MLIT N02 2025"},"geometry":{"type":"Point","coordinates":[139.65334,35.75814]}},{"type":"Feature","properties":{"lineId":"tokyo-metro-yurakucho","stationName":"小竹向原","source":"MLIT N02 2025"},"geometry":{"type":"Point","coordinates":[139.68054,35.74291]}},{"type":"Feature","properties":{"lineId":"tokyo-metro-yurakucho","stationName":"氷川台","source":"MLIT N02 2025"},"geometry":{"type":"Point","coordinates":[139.66644,35.74919]}},{"type":"Feature","properties":{"lineId":"tokyo-metro-yurakucho","stationName":"護国寺","source":"MLIT N02 2025"},"geometry":{"type":"Point","coordinates":[139.72785,35.71833]}},{"type":"Feature","properties":{"lineId":"tokyo-metro-yurakucho","stationName":"要町","source":"MLIT N02 2025"},"geometry":{"type":"Point","coordinates":[139.6996,35.73301]}},{"type":"Feature","properties":{"lineId":"tokyo-metro-yurakucho","stationName":"地下鉄赤塚","source":"MLIT N02 2025"},"geometry":{"type":"Point","coordinates":[139.64279,35.77069]}},{"type":"Feature","properties":{"lineId":"tokyo-metro-yurakucho","stationName":"和光市","source":"MLIT N02 2025"},"geometry":{"type":"Point","coordinates":[139.61391,35.78793]}},{"type":"Feature","properties":{"lineId":"tokyo-metro-yurakucho","stationName":"新富町","source":"MLIT N02 2025"},"geometry":{"type":"Point","coordinates":[139.77413,35.67031]}},{"type":"Feature","properties":{"lineId":"tokyo-metro-yurakucho","stationName":"麹町","source":"MLIT N02 2025"},"geometry":{"type":"Point","coordinates":[139.73771,35.68397]}},{"type":"Feature","properties":{"lineId":"tokyo-metro-yurakucho","stationName":"市ヶ谷","source":"MLIT N02 2025"},"geometry":{"type":"Point","coordinates":[139.737,35.69273]}},{"type":"Feature","properties":{"lineId":"tokyo-metro-yurakucho","stationName":"豊洲","source":"MLIT N02 2025"},"geometry":{"type":"Point","coordinates":[139.79582,35.65533]}},{"type":"Feature","properties":{"lineId":"tokyo-metro-yurakucho","stationName":"有楽町","source":"MLIT N02 2025"},"geometry":{"type":"Point","coordinates":[139.76273,35.67588]}},{"type":"Feature","properties":{"lineId":"tokyo-metro-yurakucho","stationName":"月島","source":"MLIT N02 2025"},"geometry":{"type":"Point","coordinates":[139.78476,35.66438]}},{"type":"Feature","properties":{"lineId":"tokyo-metro-yurakucho","stationName":"桜田門","source":"MLIT N02 2025"},"geometry":{"type":"Point","coordinates":[139.75159,35.67738]}},{"type":"Feature","properties":{"lineId":"tokyo-metro-yurakucho","stationName":"銀座一丁目","source":"MLIT N02 2025"},"geometry":{"type":"Point","coordinates":[139.76703,35.67436]}},{"type":"Feature","properties":{"lineId":"tokyo-metro-yurakucho","stationName":"辰巳","source":"MLIT N02 2025"},"geometry":{"type":"Point","coordinates":[139.80963,35.64624]}},{"type":"Feature","properties":{"lineId":"tokyo-metro-yurakucho","stationName":"新木場","source":"MLIT N02 2025"},"geometry":{"type":"Point","coordinates":[139.82786,35.64592]}},{"type":"Feature","properties":{"lineId":"tokyo-metro-yurakucho","stationName":"永田町","source":"MLIT N02 2025"},"geometry":{"type":"Point","coordinates":[139.74217,35.67768]}},{"type":"Feature","properties":{"lineId":"tokyo-metro-chiyoda","stationName":"西日暮里","source":"MLIT N02 2025"},"geometry":{"type":"Point","coordinates":[139.767,35.73241]}},{"type":"Feature","properties":{"lineId":"tokyo-metro-chiyoda","stationName":"千駄木","source":"MLIT N02 2025"},"geometry":{"type":"Point","coordinates":[139.76336,35.72593]}},{"type":"Feature","properties":{"lineId":"tokyo-metro-chiyoda","stationName":"新御茶ノ水","source":"MLIT N02 2025"},"geometry":{"type":"Point","coordinates":[139.76514,35.69626]}},{"type":"Feature","properties":{"lineId":"tokyo-metro-chiyoda","stationName":"北綾瀬","source":"MLIT N02 2025"},"geometry":{"type":"Point","coordinates":[139.83208,35.77653]}},{"type":"Feature","properties":{"lineId":"tokyo-metro-chiyoda","stationName":"町屋","source":"MLIT N02 2025"},"geometry":{"type":"Point","coordinates":[139.78021,35.74231]}},{"type":"Feature","properties":{"lineId":"tokyo-metro-chiyoda","stationName":"北千住","source":"MLIT N02 2025"},"geometry":{"type":"Point","coordinates":[139.80435,35.74898]}},{"type":"Feature","properties":{"lineId":"tokyo-metro-chiyoda","stationName":"湯島","source":"MLIT N02 2025"},"geometry":{"type":"Point","coordinates":[139.76997,35.70651]}},{"type":"Feature","properties":{"lineId":"tokyo-metro-chiyoda","stationName":"根津","source":"MLIT N02 2025"},"geometry":{"type":"Point","coordinates":[139.76633,35.71675]}},{"type":"Feature","properties":{"lineId":"tokyo-metro-chiyoda","stationName":"綾瀬","source":"MLIT N02 2025"},"geometry":{"type":"Point","coordinates":[139.82364,35.76216]}},{"type":"Feature","properties":{"lineId":"tokyo-metro-chiyoda","stationName":"二重橋前","source":"MLIT N02 2025"},"geometry":{"type":"Point","coordinates":[139.76146,35.67956]}},{"type":"Feature","properties":{"lineId":"tokyo-metro-chiyoda","stationName":"日比谷","source":"MLIT N02 2025"},"geometry":{"type":"Point","coordinates":[139.75803,35.67322]}},{"type":"Feature","properties":{"lineId":"tokyo-metro-chiyoda","stationName":"乃木坂","source":"MLIT N02 2025"},"geometry":{"type":"Point","coordinates":[139.72586,35.66624]}},{"type":"Feature","properties":{"lineId":"tokyo-metro-chiyoda","stationName":"赤坂","source":"MLIT N02 2025"},"geometry":{"type":"Point","coordinates":[139.73645,35.67218]}},{"type":"Feature","properties":{"lineId":"tokyo-metro-chiyoda","stationName":"大手町","source":"MLIT N02 2025"},"geometry":{"type":"Point","coordinates":[139.76302,35.68437]}},{"type":"Feature","properties":{"lineId":"tokyo-metro-chiyoda","stationName":"国会議事堂前","source":"MLIT N02 2025"},"geometry":{"type":"Point","coordinates":[139.74279,35.67347]}},{"type":"Feature","properties":{"lineId":"tokyo-metro-chiyoda","stationName":"霞ヶ関","source":"MLIT N02 2025"},"geometry":{"type":"Point","coordinates":[139.75094,35.67289]}},{"type":"Feature","properties":{"lineId":"tokyo-metro-chiyoda","stationName":"代々木公園","source":"MLIT N02 2025"},"geometry":{"type":"Point","coordinates":[139.68937,35.66917]}},{"type":"Feature","properties":{"lineId":"tokyo-metro-chiyoda","stationName":"表参道","source":"MLIT N02 2025"},"geometry":{"type":"Point","coordinates":[139.71152,35.66557]}},{"type":"Feature","properties":{"lineId":"tokyo-metro-chiyoda","stationName":"代々木上原","source":"MLIT N02 2025"},"geometry":{"type":"Point","coordinates":[139.67954,35.66886]}},{"type":"Feature","properties":{"lineId":"tokyo-metro-chiyoda","stationName":"明治神宮前","source":"MLIT N02 2025"},"geometry":{"type":"Point","coordinates":[139.70351,35.66932]}},{"type":"Feature","properties":{"lineId":"tokyo-metro-hanzomon","stationName":"押上","source":"MLIT N02 2025"},"geometry":{"type":"Point","coordinates":[139.81359,35.70908]}},{"type":"Feature","properties":{"lineId":"tokyo-metro-hanzomon","stationName":"錦糸町","source":"MLIT N02 2025"},"geometry":{"type":"Point","coordinates":[139.8149,35.69823]}},{"type":"Feature","properties":{"lineId":"tokyo-metro-hanzomon","stationName":"神保町","source":"MLIT N02 2025"},"geometry":{"type":"Point","coordinates":[139.7580105,35.69598749]}},{"type":"Feature","properties":{"lineId":"tokyo-metro-hanzomon","stationName":"水天宮前","source":"MLIT N02 2025"},"geometry":{"type":"Point","coordinates":[139.78484,35.68339]}},{"type":"Feature","properties":{"lineId":"tokyo-metro-hanzomon","stationName":"九段下","source":"MLIT N02 2025"},"geometry":{"type":"Point","coordinates":[139.7514,35.69554]}},{"type":"Feature","properties":{"lineId":"tokyo-metro-hanzomon","stationName":"住吉","source":"MLIT N02 2025"},"geometry":{"type":"Point","coordinates":[139.81564,35.68895]}},{"type":"Feature","properties":{"lineId":"tokyo-metro-hanzomon","stationName":"永田町","source":"MLIT N02 2025"},"geometry":{"type":"Point","coordinates":[139.73918,35.67844]}},{"type":"Feature","properties":{"lineId":"tokyo-metro-hanzomon","stationName":"半蔵門","source":"MLIT N02 2025"},"geometry":{"type":"Point","coordinates":[139.74181,35.68631]}},{"type":"Feature","properties":{"lineId":"tokyo-metro-hanzomon","stationName":"三越前","source":"MLIT N02 2025"},"geometry":{"type":"Point","coordinates":[139.77461,35.68464]}},{"type":"Feature","properties":{"lineId":"tokyo-metro-hanzomon","stationName":"大手町","source":"MLIT N02 2025"},"geometry":{"type":"Point","coordinates":[139.76604,35.68657]}},{"type":"Feature","properties":{"lineId":"tokyo-metro-hanzomon","stationName":"清澄白河","source":"MLIT N02 2025"},"geometry":{"type":"Point","coordinates":[139.79926,35.68209]}},{"type":"Feature","properties":{"lineId":"tokyo-metro-hanzomon","stationName":"青山一丁目","source":"MLIT N02 2025"},"geometry":{"type":"Point","coordinates":[139.72399,35.67293]}},{"type":"Feature","properties":{"lineId":"tokyo-metro-hanzomon","stationName":"渋谷","source":"MLIT N02 2025"},"geometry":{"type":"Point","coordinates":[139.69997,35.65945]}},{"type":"Feature","properties":{"lineId":"tokyo-metro-hanzomon","stationName":"表参道","source":"MLIT N02 2025"},"geometry":{"type":"Point","coordinates":[139.71244,35.6652]}},{"type":"Feature","properties":{"lineId":"toei-asakusa","stationName":"浅草","source":"MLIT N02 2025"},"geometry":{"type":"Point","coordinates":[139.79594,35.70849]}},{"type":"Feature","properties":{"lineId":"toei-asakusa","stationName":"蔵前","source":"MLIT N02 2025"},"geometry":{"type":"Point","coordinates":[139.79135,35.70356]}},{"type":"Feature","properties":{"lineId":"toei-asakusa","stationName":"本所吾妻橋","source":"MLIT N02 2025"},"geometry":{"type":"Point","coordinates":[139.8043,35.70859]}},{"type":"Feature","properties":{"lineId":"toei-asakusa","stationName":"浅草橋","source":"MLIT N02 2025"},"geometry":{"type":"Point","coordinates":[139.78693,35.69834]}},{"type":"Feature","properties":{"lineId":"toei-asakusa","stationName":"押上","source":"MLIT N02 2025"},"geometry":{"type":"Point","coordinates":[139.81324,35.71072]}},{"type":"Feature","properties":{"lineId":"toei-asakusa","stationName":"高輪台","source":"MLIT N02 2025"},"geometry":{"type":"Point","coordinates":[139.73017,35.63152]}},{"type":"Feature","properties":{"lineId":"toei-asakusa","stationName":"三田","source":"MLIT N02 2025"},"geometry":{"type":"Point","coordinates":[139.74914,35.64776]}},{"type":"Feature","properties":{"lineId":"toei-asakusa","stationName":"戸越","source":"MLIT N02 2025"},"geometry":{"type":"Point","coordinates":[139.71664,35.61511]}},{"type":"Feature","properties":{"lineId":"toei-asakusa","stationName":"日本橋","source":"MLIT N02 2025"},"geometry":{"type":"Point","coordinates":[139.77574,35.68155]}},{"type":"Feature","properties":{"lineId":"toei-asakusa","stationName":"新橋","source":"MLIT N02 2025"},"geometry":{"type":"Point","coordinates":[139.7592,35.66514]}},{"type":"Feature","properties":{"lineId":"toei-asakusa","stationName":"五反田","source":"MLIT N02 2025"},"geometry":{"type":"Point","coordinates":[139.7248,35.62752]}},{"type":"Feature","properties":{"lineId":"toei-asakusa","stationName":"宝町","source":"MLIT N02 2025"},"geometry":{"type":"Point","coordinates":[139.77215,35.67578]}},{"type":"Feature","properties":{"lineId":"toei-asakusa","stationName":"泉岳寺","source":"MLIT N02 2025"},"geometry":{"type":"Point","coordinates":[139.74008,35.6388]}},{"type":"Feature","properties":{"lineId":"toei-asakusa","stationName":"東銀座","source":"MLIT N02 2025"},"geometry":{"type":"Point","coordinates":[139.76732,35.66979]}},{"type":"Feature","properties":{"lineId":"toei-asakusa","stationName":"東日本橋","source":"MLIT N02 2025"},"geometry":{"type":"Point","coordinates":[139.78471,35.6913]}},{"type":"Feature","properties":{"lineId":"toei-asakusa","stationName":"大門","source":"MLIT N02 2025"},"geometry":{"type":"Point","coordinates":[139.75468,35.65678]}},{"type":"Feature","properties":{"lineId":"toei-asakusa","stationName":"人形町","source":"MLIT N02 2025"},"geometry":{"type":"Point","coordinates":[139.78178,35.68611]}},{"type":"Feature","properties":{"lineId":"toei-asakusa","stationName":"中延","source":"MLIT N02 2025"},"geometry":{"type":"Point","coordinates":[139.71374,35.60593]}},{"type":"Feature","properties":{"lineId":"toei-asakusa","stationName":"西馬込","source":"MLIT N02 2025"},"geometry":{"type":"Point","coordinates":[139.70679,35.58793]}},{"type":"Feature","properties":{"lineId":"toei-asakusa","stationName":"馬込","source":"MLIT N02 2025"},"geometry":{"type":"Point","coordinates":[139.71181,35.59621]}},{"type":"Feature","properties":{"lineId":"toei-mita","stationName":"水道橋","source":"MLIT N02 2025"},"geometry":{"type":"Point","coordinates":[139.75507,35.70381]}},{"type":"Feature","properties":{"lineId":"toei-mita","stationName":"白山","source":"MLIT N02 2025"},"geometry":{"type":"Point","coordinates":[139.75247,35.72198]}},{"type":"Feature","properties":{"lineId":"toei-mita","stationName":"千石","source":"MLIT N02 2025"},"geometry":{"type":"Point","coordinates":[139.7454,35.72748]}},{"type":"Feature","properties":{"lineId":"toei-mita","stationName":"春日","source":"MLIT N02 2025"},"geometry":{"type":"Point","coordinates":[139.75323,35.70997]}},{"type":"Feature","properties":{"lineId":"toei-mita","stationName":"巣鴨","source":"MLIT N02 2025"},"geometry":{"type":"Point","coordinates":[139.73865,35.7333]}},{"type":"Feature","properties":{"lineId":"toei-mita","stationName":"新板橋","source":"MLIT N02 2025"},"geometry":{"type":"Point","coordinates":[139.72025,35.74875]}},{"type":"Feature","properties":{"lineId":"toei-mita","stationName":"西高島平","source":"MLIT N02 2025"},"geometry":{"type":"Point","coordinates":[139.64455,35.7921]}},{"type":"Feature","properties":{"lineId":"toei-mita","stationName":"板橋区役所前","source":"MLIT N02 2025"},"geometry":{"type":"Point","coordinates":[139.71065,35.75082]}},{"type":"Feature","properties":{"lineId":"toei-mita","stationName":"新高島平","source":"MLIT N02 2025"},"geometry":{"type":"Point","coordinates":[139.65337,35.7904]}},{"type":"Feature","properties":{"lineId":"toei-mita","stationName":"本蓮沼","source":"MLIT N02 2025"},"geometry":{"type":"Point","coordinates":[139.70169,35.7696]}},{"type":"Feature","properties":{"lineId":"toei-mita","stationName":"西巣鴨","source":"MLIT N02 2025"},"geometry":{"type":"Point","coordinates":[139.72931,35.74279]}},{"type":"Feature","properties":{"lineId":"toei-mita","stationName":"高島平","source":"MLIT N02 2025"},"geometry":{"type":"Point","coordinates":[139.66035,35.78912]}},{"type":"Feature","properties":{"lineId":"toei-mita","stationName":"志村坂上","source":"MLIT N02 2025"},"geometry":{"type":"Point","coordinates":[139.69416,35.7769]}},{"type":"Feature","properties":{"lineId":"toei-mita","stationName":"板橋本町","source":"MLIT N02 2025"},"geometry":{"type":"Point","coordinates":[139.70546,35.76148]}},{"type":"Feature","properties":{"lineId":"toei-mita","stationName":"西台","source":"MLIT N02 2025"},"geometry":{"type":"Point","coordinates":[139.67169,35.78717]}},{"type":"Feature","properties":{"lineId":"toei-mita","stationName":"蓮根","source":"MLIT N02 2025"},"geometry":{"type":"Point","coordinates":[139.67914,35.78469]}},{"type":"Feature","properties":{"lineId":"toei-mita","stationName":"志村三丁目","source":"MLIT N02 2025"},"geometry":{"type":"Point","coordinates":[139.68499,35.77726]}},{"type":"Feature","properties":{"lineId":"toei-mita","stationName":"目黒","source":"MLIT N02 2025"},"geometry":{"type":"Point","coordinates":[139.7159,35.63177]}},{"type":"Feature","properties":{"lineId":"toei-mita","stationName":"日比谷","source":"MLIT N02 2025"},"geometry":{"type":"Point","coordinates":[139.7604,35.67735]}},{"type":"Feature","properties":{"lineId":"toei-mita","stationName":"内幸町","source":"MLIT N02 2025"},"geometry":{"type":"Point","coordinates":[139.7555,35.6695]}},{"type":"Feature","properties":{"lineId":"toei-mita","stationName":"白金高輪","source":"MLIT N02 2025"},"geometry":{"type":"Point","coordinates":[139.73388,35.64244]}},{"type":"Feature","properties":{"lineId":"toei-mita","stationName":"白金台","source":"MLIT N02 2025"},"geometry":{"type":"Point","coordinates":[139.72501,35.6374]}},{"type":"Feature","properties":{"lineId":"toei-mita","stationName":"神保町","source":"MLIT N02 2025"},"geometry":{"type":"Point","coordinates":[139.7581611,35.69578102]}},{"type":"Feature","properties":{"lineId":"toei-mita","stationName":"大手町","source":"MLIT N02 2025"},"geometry":{"type":"Point","coordinates":[139.76286,35.6849]}},{"type":"Feature","properties":{"lineId":"toei-mita","stationName":"御成門","source":"MLIT N02 2025"},"geometry":{"type":"Point","coordinates":[139.75149,35.66096]}},{"type":"Feature","properties":{"lineId":"toei-mita","stationName":"芝公園","source":"MLIT N02 2025"},"geometry":{"type":"Point","coordinates":[139.7498,35.65397]}},{"type":"Feature","properties":{"lineId":"toei-mita","stationName":"三田","source":"MLIT N02 2025"},"geometry":{"type":"Point","coordinates":[139.74892,35.64837]}},{"type":"Feature","properties":{"lineId":"toei-shinjuku","stationName":"本八幡","source":"MLIT N02 2025"},"geometry":{"type":"Point","coordinates":[139.92627,35.72263]}},{"type":"Feature","properties":{"lineId":"toei-shinjuku","stationName":"神保町","source":"MLIT N02 2025"},"geometry":{"type":"Point","coordinates":[139.7580105,35.69598749]}},{"type":"Feature","properties":{"lineId":"toei-shinjuku","stationName":"篠崎","source":"MLIT N02 2025"},"geometry":{"type":"Point","coordinates":[139.90318,35.70543]}},{"type":"Feature","properties":{"lineId":"toei-shinjuku","stationName":"九段下","source":"MLIT N02 2025"},"geometry":{"type":"Point","coordinates":[139.7514,35.69554]}},{"type":"Feature","properties":{"lineId":"toei-shinjuku","stationName":"西大島","source":"MLIT N02 2025"},"geometry":{"type":"Point","coordinates":[139.82625,35.68936]}},{"type":"Feature","properties":{"lineId":"toei-shinjuku","stationName":"曙橋","source":"MLIT N02 2025"},"geometry":{"type":"Point","coordinates":[139.72159,35.69236]}},{"type":"Feature","properties":{"lineId":"toei-shinjuku","stationName":"東大島","source":"MLIT N02 2025"},"geometry":{"type":"Point","coordinates":[139.84756,35.68985]}},{"type":"Feature","properties":{"lineId":"toei-shinjuku","stationName":"岩本町","source":"MLIT N02 2025"},"geometry":{"type":"Point","coordinates":[139.77513,35.69558]}},{"type":"Feature","properties":{"lineId":"toei-shinjuku","stationName":"菊川","source":"MLIT N02 2025"},"geometry":{"type":"Point","coordinates":[139.80606,35.6884]}},{"type":"Feature","properties":{"lineId":"toei-shinjuku","stationName":"大島","source":"MLIT N02 2025"},"geometry":{"type":"Point","coordinates":[139.83425,35.68975]}},{"type":"Feature","properties":{"lineId":"toei-shinjuku","stationName":"船堀","source":"MLIT N02 2025"},"geometry":{"type":"Point","coordinates":[139.86284,35.68375]}},{"type":"Feature","properties":{"lineId":"toei-shinjuku","stationName":"小川町","source":"MLIT N02 2025"},"geometry":{"type":"Point","coordinates":[139.76639,35.69504]}},{"type":"Feature","properties":{"lineId":"toei-shinjuku","stationName":"市ヶ谷","source":"MLIT N02 2025"},"geometry":{"type":"Point","coordinates":[139.73649,35.6912]}},{"type":"Feature","properties":{"lineId":"toei-shinjuku","stationName":"瑞江","source":"MLIT N02 2025"},"geometry":{"type":"Point","coordinates":[139.89731,35.69268]}},{"type":"Feature","properties":{"lineId":"toei-shinjuku","stationName":"馬喰横山","source":"MLIT N02 2025"},"geometry":{"type":"Point","coordinates":[139.78261,35.69228]}},{"type":"Feature","properties":{"lineId":"toei-shinjuku","stationName":"浜町","source":"MLIT N02 2025"},"geometry":{"type":"Point","coordinates":[139.78727,35.68879]}},{"type":"Feature","properties":{"lineId":"toei-shinjuku","stationName":"一之江","source":"MLIT N02 2025"},"geometry":{"type":"Point","coordinates":[139.88188,35.6858]}},{"type":"Feature","properties":{"lineId":"toei-shinjuku","stationName":"森下","source":"MLIT N02 2025"},"geometry":{"type":"Point","coordinates":[139.79734,35.68804]}},{"type":"Feature","properties":{"lineId":"toei-shinjuku","stationName":"住吉","source":"MLIT N02 2025"},"geometry":{"type":"Point","coordinates":[139.81564,35.68895]}},{"type":"Feature","properties":{"lineId":"toei-shinjuku","stationName":"新宿","source":"MLIT N02 2025"},"geometry":{"type":"Point","coordinates":[139.69791,35.68815]}},{"type":"Feature","properties":{"lineId":"toei-shinjuku","stationName":"新宿三丁目","source":"MLIT N02 2025"},"geometry":{"type":"Point","coordinates":[139.70558,35.69054]}},{"type":"Feature","properties":{"lineId":"toei-oedo","stationName":"本郷三丁目","source":"MLIT N02 2025"},"geometry":{"type":"Point","coordinates":[139.76106,35.70758]}},{"type":"Feature","properties":{"lineId":"toei-oedo","stationName":"春日","source":"MLIT N02 2025"},"geometry":{"type":"Point","coordinates":[139.75179,35.7085]}},{"type":"Feature","properties":{"lineId":"toei-oedo","stationName":"両国","source":"MLIT N02 2025"},"geometry":{"type":"Point","coordinates":[139.79742,35.69692]}},{"type":"Feature","properties":{"lineId":"toei-oedo","stationName":"上野御徒町","source":"MLIT N02 2025"},"geometry":{"type":"Point","coordinates":[139.77246,35.70802]}},{"type":"Feature","properties":{"lineId":"toei-oedo","stationName":"蔵前","source":"MLIT N02 2025"},"geometry":{"type":"Point","coordinates":[139.79223,35.70552]}},{"type":"Feature","properties":{"lineId":"toei-oedo","stationName":"新御徒町","source":"MLIT N02 2025"},"geometry":{"type":"Point","coordinates":[139.78191,35.707]}},{"type":"Feature","properties":{"lineId":"toei-oedo","stationName":"飯田橋","source":"MLIT N02 2025"},"geometry":{"type":"Point","coordinates":[139.74571,35.70309]}},{"type":"Feature","properties":{"lineId":"toei-oedo","stationName":"東新宿","source":"MLIT N02 2025"},"geometry":{"type":"Point","coordinates":[139.70686,35.698]}},{"type":"Feature","properties":{"lineId":"toei-oedo","stationName":"牛込柳町","source":"MLIT N02 2025"},"geometry":{"type":"Point","coordinates":[139.72439,35.69952]}},{"type":"Feature","properties":{"lineId":"toei-oedo","stationName":"新江古田","source":"MLIT N02 2025"},"geometry":{"type":"Point","coordinates":[139.67057,35.73249]}},{"type":"Feature","properties":{"lineId":"toei-oedo","stationName":"練馬","source":"MLIT N02 2025"},"geometry":{"type":"Point","coordinates":[139.65363,35.73715]}},{"type":"Feature","properties":{"lineId":"toei-oedo","stationName":"落合南長崎","source":"MLIT N02 2025"},"geometry":{"type":"Point","coordinates":[139.6833,35.72368]}},{"type":"Feature","properties":{"lineId":"toei-oedo","stationName":"牛込神楽坂","source":"MLIT N02 2025"},"geometry":{"type":"Point","coordinates":[139.73531,35.70062]}},{"type":"Feature","properties":{"lineId":"toei-oedo","stationName":"光が丘","source":"MLIT N02 2025"},"geometry":{"type":"Point","coordinates":[139.62851,35.75846]}},{"type":"Feature","properties":{"lineId":"toei-oedo","stationName":"豊島園","source":"MLIT N02 2025"},"geometry":{"type":"Point","coordinates":[139.64923,35.74248]}},{"type":"Feature","properties":{"lineId":"toei-oedo","stationName":"東中野","source":"MLIT N02 2025"},"geometry":{"type":"Point","coordinates":[139.68354,35.70802]}},{"type":"Feature","properties":{"lineId":"toei-oedo","stationName":"練馬春日町","source":"MLIT N02 2025"},"geometry":{"type":"Point","coordinates":[139.63991,35.75164]}},{"type":"Feature","properties":{"lineId":"toei-oedo","stationName":"若松河田","source":"MLIT N02 2025"},"geometry":{"type":"Point","coordinates":[139.71743,35.69893]}},{"type":"Feature","properties":{"lineId":"toei-oedo","stationName":"中井","source":"MLIT N02 2025"},"geometry":{"type":"Point","coordinates":[139.68662,35.71452]}},{"type":"Feature","properties":{"lineId":"toei-oedo","stationName":"中野坂上","source":"MLIT N02 2025"},"geometry":{"type":"Point","coordinates":[139.68299,35.69858]}},{"type":"Feature","properties":{"lineId":"toei-oedo","stationName":"大門","source":"MLIT N02 2025"},"geometry":{"type":"Point","coordinates":[139.75617,35.65664]}},{"type":"Feature","properties":{"lineId":"toei-oedo","stationName":"六本木","source":"MLIT N02 2025"},"geometry":{"type":"Point","coordinates":[139.73179,35.66365]}},{"type":"Feature","properties":{"lineId":"toei-oedo","stationName":"汐留","source":"MLIT N02 2025"},"geometry":{"type":"Point","coordinates":[139.76088,35.66443]}},{"type":"Feature","properties":{"lineId":"toei-oedo","stationName":"門前仲町","source":"MLIT N02 2025"},"geometry":{"type":"Point","coordinates":[139.79511,35.67273]}},{"type":"Feature","properties":{"lineId":"toei-oedo","stationName":"森下","source":"MLIT N02 2025"},"geometry":{"type":"Point","coordinates":[139.79818,35.68805]}},{"type":"Feature","properties":{"lineId":"toei-oedo","stationName":"築地市場","source":"MLIT N02 2025"},"geometry":{"type":"Point","coordinates":[139.76632,35.6653]}},{"type":"Feature","properties":{"lineId":"toei-oedo","stationName":"青山一丁目","source":"MLIT N02 2025"},"geometry":{"type":"Point","coordinates":[139.72406,35.67276]}},{"type":"Feature","properties":{"lineId":"toei-oedo","stationName":"麻布十番","source":"MLIT N02 2025"},"geometry":{"type":"Point","coordinates":[139.73682,35.65633]}},{"type":"Feature","properties":{"lineId":"toei-oedo","stationName":"勝どき","source":"MLIT N02 2025"},"geometry":{"type":"Point","coordinates":[139.77671,35.65865]}},{"type":"Feature","properties":{"lineId":"toei-oedo","stationName":"清澄白河","source":"MLIT N02 2025"},"geometry":{"type":"Point","coordinates":[139.79862,35.68322]}},{"type":"Feature","properties":{"lineId":"toei-oedo","stationName":"月島","source":"MLIT N02 2025"},"geometry":{"type":"Point","coordinates":[139.78356,35.66351]}},{"type":"Feature","properties":{"lineId":"toei-oedo","stationName":"赤羽橋","source":"MLIT N02 2025"},"geometry":{"type":"Point","coordinates":[139.74497,35.65489]}},{"type":"Feature","properties":{"lineId":"toei-oedo","stationName":"新宿","source":"MLIT N02 2025"},"geometry":{"type":"Point","coordinates":[139.69918,35.68809]}},{"type":"Feature","properties":{"lineId":"toei-oedo","stationName":"西新宿五丁目","source":"MLIT N02 2025"},"geometry":{"type":"Point","coordinates":[139.68398,35.6896]}},{"type":"Feature","properties":{"lineId":"toei-oedo","stationName":"都庁前","source":"MLIT N02 2025"},"geometry":{"type":"Point","coordinates":[139.6918,35.69045]}},{"type":"Feature","properties":{"lineId":"toei-oedo","stationName":"新宿西口","source":"MLIT N02 2025"},"geometry":{"type":"Point","coordinates":[139.69931,35.6925]}},{"type":"Feature","properties":{"lineId":"toei-oedo","stationName":"国立競技場","source":"MLIT N02 2025"},"geometry":{"type":"Point","coordinates":[139.71441,35.67997]}},{"type":"Feature","properties":{"lineId":"toei-oedo","stationName":"代々木","source":"MLIT N02 2025"},"geometry":{"type":"Point","coordinates":[139.70131,35.68456]}},{"type":"Feature","properties":{"lineId":"toden-arakawa","stationName":"荒川車庫前","source":"MLIT N02 2025"},"geometry":{"type":"Point","coordinates":[139.75305,35.75085]}},{"type":"Feature","properties":{"lineId":"toden-arakawa","stationName":"王子駅前","source":"MLIT N02 2025"},"geometry":{"type":"Point","coordinates":[139.73824,35.75274]}},{"type":"Feature","properties":{"lineId":"toden-arakawa","stationName":"梶原","source":"MLIT N02 2025"},"geometry":{"type":"Point","coordinates":[139.74702,35.75107]}},{"type":"Feature","properties":{"lineId":"toden-arakawa","stationName":"荒川遊園地前","source":"MLIT N02 2025"},"geometry":{"type":"Point","coordinates":[139.75741,35.75065]}},{"type":"Feature","properties":{"lineId":"toden-arakawa","stationName":"荒川七丁目","source":"MLIT N02 2025"},"geometry":{"type":"Point","coordinates":[139.78417,35.74195]}},{"type":"Feature","properties":{"lineId":"toden-arakawa","stationName":"熊野前","source":"MLIT N02 2025"},"geometry":{"type":"Point","coordinates":[139.76901,35.74922]}},{"type":"Feature","properties":{"lineId":"toden-arakawa","stationName":"三ノ輪橋","source":"MLIT N02 2025"},"geometry":{"type":"Point","coordinates":[139.79127,35.73235]}},{"type":"Feature","properties":{"lineId":"toden-arakawa","stationName":"荒川二丁目","source":"MLIT N02 2025"},"geometry":{"type":"Point","coordinates":[139.78469,35.73883]}},{"type":"Feature","properties":{"lineId":"toden-arakawa","stationName":"町屋二丁目","source":"MLIT N02 2025"},"geometry":{"type":"Point","coordinates":[139.7762,35.74408]}},{"type":"Feature","properties":{"lineId":"toden-arakawa","stationName":"宮ノ前","source":"MLIT N02 2025"},"geometry":{"type":"Point","coordinates":[139.76589,35.74986]}},{"type":"Feature","properties":{"lineId":"toden-arakawa","stationName":"荒川区役所前","source":"MLIT N02 2025"},"geometry":{"type":"Point","coordinates":[139.78585,35.73554]}},{"type":"Feature","properties":{"lineId":"toden-arakawa","stationName":"小台","source":"MLIT N02 2025"},"geometry":{"type":"Point","coordinates":[139.76147,35.7505]}},{"type":"Feature","properties":{"lineId":"toden-arakawa","stationName":"東尾久三丁目","source":"MLIT N02 2025"},"geometry":{"type":"Point","coordinates":[139.77375,35.74569]}},{"type":"Feature","properties":{"lineId":"toden-arakawa","stationName":"町屋駅前","source":"MLIT N02 2025"},"geometry":{"type":"Point","coordinates":[139.78088,35.74275]}},{"type":"Feature","properties":{"lineId":"toden-arakawa","stationName":"荒川一中前","source":"MLIT N02 2025"},"geometry":{"type":"Point","coordinates":[139.78893,35.73362]}},{"type":"Feature","properties":{"lineId":"toden-arakawa","stationName":"栄町","source":"MLIT N02 2025"},"geometry":{"type":"Point","coordinates":[139.74251,35.75086]}},{"type":"Feature","properties":{"lineId":"toden-arakawa","stationName":"早稲田","source":"MLIT N02 2025"},"geometry":{"type":"Point","coordinates":[139.71882,35.71194]}},{"type":"Feature","properties":{"lineId":"toden-arakawa","stationName":"庚申塚","source":"MLIT N02 2025"},"geometry":{"type":"Point","coordinates":[139.72964,35.73933]}},{"type":"Feature","properties":{"lineId":"toden-arakawa","stationName":"滝野川一丁目","source":"MLIT N02 2025"},"geometry":{"type":"Point","coordinates":[139.73533,35.74718]}},{"type":"Feature","properties":{"lineId":"toden-arakawa","stationName":"面影橋","source":"MLIT N02 2025"},"geometry":{"type":"Point","coordinates":[139.71443,35.7129]}},{"type":"Feature","properties":{"lineId":"toden-arakawa","stationName":"西ヶ原四丁目","source":"MLIT N02 2025"},"geometry":{"type":"Point","coordinates":[139.73283,35.74443]}},{"type":"Feature","properties":{"lineId":"toden-arakawa","stationName":"学習院下","source":"MLIT N02 2025"},"geometry":{"type":"Point","coordinates":[139.71241,35.71596]}},{"type":"Feature","properties":{"lineId":"toden-arakawa","stationName":"新庚申塚","source":"MLIT N02 2025"},"geometry":{"type":"Point","coordinates":[139.73046,35.74129]}},{"type":"Feature","properties":{"lineId":"toden-arakawa","stationName":"東池袋四丁目","source":"MLIT N02 2025"},"geometry":{"type":"Point","coordinates":[139.72097,35.7256]}},{"type":"Feature","properties":{"lineId":"toden-arakawa","stationName":"向原","source":"MLIT N02 2025"},"geometry":{"type":"Point","coordinates":[139.72498,35.72893]}},{"type":"Feature","properties":{"lineId":"toden-arakawa","stationName":"飛鳥山","source":"MLIT N02 2025"},"geometry":{"type":"Point","coordinates":[139.73743,35.75024]}},{"type":"Feature","properties":{"lineId":"toden-arakawa","stationName":"大塚駅前","source":"MLIT N02 2025"},"geometry":{"type":"Point","coordinates":[139.72951,35.73179]}},{"type":"Feature","properties":{"lineId":"toden-arakawa","stationName":"巣鴨新田","source":"MLIT N02 2025"},"geometry":{"type":"Point","coordinates":[139.72778,35.73536]}},{"type":"Feature","properties":{"lineId":"toden-arakawa","stationName":"都電雑司ヶ谷","source":"MLIT N02 2025"},"geometry":{"type":"Point","coordinates":[139.71779,35.72405]}},{"type":"Feature","properties":{"lineId":"toden-arakawa","stationName":"鬼子母神前","source":"MLIT N02 2025"},"geometry":{"type":"Point","coordinates":[139.71529,35.72076]}},{"type":"Feature","properties":{"lineId":"jr-keiyo","stationName":"西船橋","source":"MLIT N02 2025"},"geometry":{"type":"Point","coordinates":[139.95957,35.70728]}},{"type":"Feature","properties":{"lineId":"jr-keiyo","stationName":"新習志野","source":"MLIT N02 2025"},"geometry":{"type":"Point","coordinates":[140.01203,35.66795]}},{"type":"Feature","properties":{"lineId":"jr-keiyo","stationName":"市川塩浜","source":"MLIT N02 2025"},"geometry":{"type":"Point","coordinates":[139.92329,35.66577]}},{"type":"Feature","properties":{"lineId":"jr-keiyo","stationName":"稲毛海岸","source":"MLIT N02 2025"},"geometry":{"type":"Point","coordinates":[140.07396,35.62951]}},{"type":"Feature","properties":{"lineId":"jr-keiyo","stationName":"検見川浜","source":"MLIT N02 2025"},"geometry":{"type":"Point","coordinates":[140.05815,35.63785]}},{"type":"Feature","properties":{"lineId":"jr-keiyo","stationName":"南船橋","source":"MLIT N02 2025"},"geometry":{"type":"Point","coordinates":[139.99497,35.68202]}},{"type":"Feature","properties":{"lineId":"jr-keiyo","stationName":"海浜幕張","source":"MLIT N02 2025"},"geometry":{"type":"Point","coordinates":[140.04108,35.64895]}},{"type":"Feature","properties":{"lineId":"jr-keiyo","stationName":"千葉みなと","source":"MLIT N02 2025"},"geometry":{"type":"Point","coordinates":[140.10213,35.60736]}},{"type":"Feature","properties":{"lineId":"jr-keiyo","stationName":"二俣新町","source":"MLIT N02 2025"},"geometry":{"type":"Point","coordinates":[139.95871,35.69114]}},{"type":"Feature","properties":{"lineId":"jr-keiyo","stationName":"舞浜","source":"MLIT N02 2025"},"geometry":{"type":"Point","coordinates":[139.88271,35.63653]}},{"type":"Feature","properties":{"lineId":"jr-keiyo","stationName":"東京","source":"MLIT N02 2025"},"geometry":{"type":"Point","coordinates":[139.76515,35.67771]}},{"type":"Feature","properties":{"lineId":"jr-keiyo","stationName":"越中島","source":"MLIT N02 2025"},"geometry":{"type":"Point","coordinates":[139.79168,35.66868]}},{"type":"Feature","properties":{"lineId":"jr-keiyo","stationName":"新浦安","source":"MLIT N02 2025"},"geometry":{"type":"Point","coordinates":[139.9117,35.64883]}},{"type":"Feature","properties":{"lineId":"jr-keiyo","stationName":"葛西臨海公園","source":"MLIT N02 2025"},"geometry":{"type":"Point","coordinates":[139.86054,35.64452]}},{"type":"Feature","properties":{"lineId":"jr-keiyo","stationName":"八丁堀","source":"MLIT N02 2025"},"geometry":{"type":"Point","coordinates":[139.77859,35.67462]}},{"type":"Feature","properties":{"lineId":"jr-keiyo","stationName":"新木場","source":"MLIT N02 2025"},"geometry":{"type":"Point","coordinates":[139.82785,35.64609]}},{"type":"Feature","properties":{"lineId":"jr-keiyo","stationName":"潮見","source":"MLIT N02 2025"},"geometry":{"type":"Point","coordinates":[139.81781,35.65823]}},{"type":"Feature","properties":{"lineId":"jr-keiyo","stationName":"蘇我","source":"MLIT N02 2025"},"geometry":{"type":"Point","coordinates":[140.13049,35.58266]}},{"type":"Feature","properties":{"lineId":"jr-yamanote","stationName":"田端","source":"MLIT N02 2025"},"geometry":{"type":"Point","coordinates":[139.76248,35.73669]}},{"type":"Feature","properties":{"lineId":"jr-yamanote","stationName":"巣鴨","source":"MLIT N02 2025"},"geometry":{"type":"Point","coordinates":[139.73926,35.73325]}},{"type":"Feature","properties":{"lineId":"jr-yamanote","stationName":"駒込","source":"MLIT N02 2025"},"geometry":{"type":"Point","coordinates":[139.74909,35.73736]}},{"type":"Feature","properties":{"lineId":"jr-yamanote","stationName":"池袋","source":"MLIT N02 2025"},"geometry":{"type":"Point","coordinates":[139.7105,35.72903]}},{"type":"Feature","properties":{"lineId":"jr-yamanote","stationName":"高田馬場","source":"MLIT N02 2025"},"geometry":{"type":"Point","coordinates":[139.70403,35.71349]}},{"type":"Feature","properties":{"lineId":"jr-yamanote","stationName":"目白","source":"MLIT N02 2025"},"geometry":{"type":"Point","coordinates":[139.70596,35.71933]}},{"type":"Feature","properties":{"lineId":"jr-yamanote","stationName":"新大久保","source":"MLIT N02 2025"},"geometry":{"type":"Point","coordinates":[139.70019,35.70011]}},{"type":"Feature","properties":{"lineId":"jr-yamanote","stationName":"大塚","source":"MLIT N02 2025"},"geometry":{"type":"Point","coordinates":[139.72695,35.73203]}},{"type":"Feature","properties":{"lineId":"jr-yamanote","stationName":"大崎","source":"MLIT N02 2025"},"geometry":{"type":"Point","coordinates":[139.72761,35.62077]}},{"type":"Feature","properties":{"lineId":"jr-yamanote","stationName":"五反田","source":"MLIT N02 2025"},"geometry":{"type":"Point","coordinates":[139.72407,35.62562]}},{"type":"Feature","properties":{"lineId":"jr-yamanote","stationName":"品川","source":"MLIT N02 2025"},"geometry":{"type":"Point","coordinates":[139.73844,35.62927]}},{"type":"Feature","properties":{"lineId":"jr-yamanote","stationName":"目黒","source":"MLIT N02 2025"},"geometry":{"type":"Point","coordinates":[139.71562,35.63369]}},{"type":"Feature","properties":{"lineId":"jr-yamanote","stationName":"恵比寿","source":"MLIT N02 2025"},"geometry":{"type":"Point","coordinates":[139.70971,35.64743]}},{"type":"Feature","properties":{"lineId":"jr-yamanote","stationName":"渋谷","source":"MLIT N02 2025"},"geometry":{"type":"Point","coordinates":[139.70174,35.65785]}},{"type":"Feature","properties":{"lineId":"jr-yamanote","stationName":"新宿","source":"MLIT N02 2025"},"geometry":{"type":"Point","coordinates":[139.70024,35.68926]}},{"type":"Feature","properties":{"lineId":"jr-yamanote","stationName":"代々木","source":"MLIT N02 2025"},"geometry":{"type":"Point","coordinates":[139.70239,35.68309]}},{"type":"Feature","properties":{"lineId":"jr-yamanote","stationName":"原宿","source":"MLIT N02 2025"},"geometry":{"type":"Point","coordinates":[139.70275,35.67156]}},{"type":"Feature","properties":{"lineId":"jr-joban","stationName":"石岡","source":"MLIT N02 2025"},"geometry":{"type":"Point","coordinates":[140.28021,36.19083]}},{"type":"Feature","properties":{"lineId":"jr-joban","stationName":"羽鳥","source":"MLIT N02 2025"},"geometry":{"type":"Point","coordinates":[140.28704,36.24653]}},{"type":"Feature","properties":{"lineId":"jr-joban","stationName":"南柏","source":"MLIT N02 2025"},"geometry":{"type":"Point","coordinates":[139.95398,35.84453]}},{"type":"Feature","properties":{"lineId":"jr-joban","stationName":"龍ケ崎市","source":"MLIT N02 2025"},"geometry":{"type":"Point","coordinates":[140.13805,35.9298]}},{"type":"Feature","properties":{"lineId":"jr-joban","stationName":"取手","source":"MLIT N02 2025"},"geometry":{"type":"Point","coordinates":[140.06343,35.89636]}},{"type":"Feature","properties":{"lineId":"jr-joban","stationName":"柏","source":"MLIT N02 2025"},"geometry":{"type":"Point","coordinates":[139.97125,35.86248]}},{"type":"Feature","properties":{"lineId":"jr-joban","stationName":"藤代","source":"MLIT N02 2025"},"geometry":{"type":"Point","coordinates":[140.11626,35.92014]}},{"type":"Feature","properties":{"lineId":"jr-joban","stationName":"北柏","source":"MLIT N02 2025"},"geometry":{"type":"Point","coordinates":[139.98789,35.8757]}},{"type":"Feature","properties":{"lineId":"jr-joban","stationName":"高浜","source":"MLIT N02 2025"},"geometry":{"type":"Point","coordinates":[140.29503,36.16433]}},{"type":"Feature","properties":{"lineId":"jr-joban","stationName":"新松戸","source":"MLIT N02 2025"},"geometry":{"type":"Point","coordinates":[139.92118,35.82549]}},{"type":"Feature","properties":{"lineId":"jr-joban","stationName":"神立","source":"MLIT N02 2025"},"geometry":{"type":"Point","coordinates":[140.2496,36.12124]}},{"type":"Feature","properties":{"lineId":"jr-joban","stationName":"北小金","source":"MLIT N02 2025"},"geometry":{"type":"Point","coordinates":[139.92967,35.83266]}},{"type":"Feature","properties":{"lineId":"jr-joban","stationName":"天王台","source":"MLIT N02 2025"},"geometry":{"type":"Point","coordinates":[140.04251,35.87246]}},{"type":"Feature","properties":{"lineId":"jr-joban","stationName":"ひたち野うしく","source":"MLIT N02 2025"},"geometry":{"type":"Point","coordinates":[140.15818,36.00702]}},{"type":"Feature","properties":{"lineId":"jr-joban","stationName":"土浦","source":"MLIT N02 2025"},"geometry":{"type":"Point","coordinates":[140.20555,36.07725]}},{"type":"Feature","properties":{"lineId":"jr-joban","stationName":"我孫子","source":"MLIT N02 2025"},"geometry":{"type":"Point","coordinates":[140.01073,35.8729]}},{"type":"Feature","properties":{"lineId":"jr-joban","stationName":"荒川沖","source":"MLIT N02 2025"},"geometry":{"type":"Point","coordinates":[140.16517,36.02951]}},{"type":"Feature","properties":{"lineId":"jr-joban","stationName":"牛久","source":"MLIT N02 2025"},"geometry":{"type":"Point","coordinates":[140.14107,35.97563]}},{"type":"Feature","properties":{"lineId":"jr-joban","stationName":"北松戸","source":"MLIT N02 2025"},"geometry":{"type":"Point","coordinates":[139.91225,35.80103]}},{"type":"Feature","properties":{"lineId":"jr-joban","stationName":"日暮里","source":"MLIT N02 2025"},"geometry":{"type":"Point","coordinates":[139.77092,35.72822]}},{"type":"Feature","properties":{"lineId":"jr-joban","stationName":"馬橋","source":"MLIT N02 2025"},"geometry":{"type":"Point","coordinates":[139.91755,35.8126]}},{"type":"Feature","properties":{"lineId":"jr-joban","stationName":"南千住","source":"MLIT N02 2025"},"geometry":{"type":"Point","coordinates":[139.80002,35.73499]}},{"type":"Feature","properties":{"lineId":"jr-joban","stationName":"北千住","source":"MLIT N02 2025"},"geometry":{"type":"Point","coordinates":[139.80479,35.74934]}},{"type":"Feature","properties":{"lineId":"jr-joban","stationName":"綾瀬","source":"MLIT N02 2025"},"geometry":{"type":"Point","coordinates":[139.82367,35.76205]}},{"type":"Feature","properties":{"lineId":"jr-joban","stationName":"三河島","source":"MLIT N02 2025"},"geometry":{"type":"Point","coordinates":[139.77771,35.73329]}},{"type":"Feature","properties":{"lineId":"jr-joban","stationName":"亀有","source":"MLIT N02 2025"},"geometry":{"type":"Point","coordinates":[139.84756,35.76656]}},{"type":"Feature","properties":{"lineId":"jr-joban","stationName":"松戸","source":"MLIT N02 2025"},"geometry":{"type":"Point","coordinates":[139.90096,35.78496]}},{"type":"Feature","properties":{"lineId":"jr-joban","stationName":"金町","source":"MLIT N02 2025"},"geometry":{"type":"Point","coordinates":[139.86926,35.76941]}},{"type":"Feature","properties":{"lineId":"jr-ome","stationName":"拝島","source":"MLIT N02 2025"},"geometry":{"type":"Point","coordinates":[139.34319,35.72156]}},{"type":"Feature","properties":{"lineId":"jr-ome","stationName":"立川","source":"MLIT N02 2025"},"geometry":{"type":"Point","coordinates":[139.41254,35.69802]}},{"type":"Feature","properties":{"lineId":"jr-ome","stationName":"鳩ノ巣","source":"MLIT N02 2025"},"geometry":{"type":"Point","coordinates":[139.12857,35.81493]}},{"type":"Feature","properties":{"lineId":"jr-ome","stationName":"西立川","source":"MLIT N02 2025"},"geometry":{"type":"Point","coordinates":[139.39353,35.7035]}},{"type":"Feature","properties":{"lineId":"jr-ome","stationName":"古里","source":"MLIT N02 2025"},"geometry":{"type":"Point","coordinates":[139.15056,35.81629]}},{"type":"Feature","properties":{"lineId":"jr-ome","stationName":"小作","source":"MLIT N02 2025"},"geometry":{"type":"Point","coordinates":[139.30192,35.77634]}},{"type":"Feature","properties":{"lineId":"jr-ome","stationName":"軍畑","source":"MLIT N02 2025"},"geometry":{"type":"Point","coordinates":[139.20732,35.80738]}},{"type":"Feature","properties":{"lineId":"jr-ome","stationName":"白丸","source":"MLIT N02 2025"},"geometry":{"type":"Point","coordinates":[139.11508,35.81197]}},{"type":"Feature","properties":{"lineId":"jr-ome","stationName":"奥多摩","source":"MLIT N02 2025"},"geometry":{"type":"Point","coordinates":[139.097,35.8093]}},{"type":"Feature","properties":{"lineId":"jr-ome","stationName":"沢井","source":"MLIT N02 2025"},"geometry":{"type":"Point","coordinates":[139.19291,35.80607]}},{"type":"Feature","properties":{"lineId":"jr-ome","stationName":"川井","source":"MLIT N02 2025"},"geometry":{"type":"Point","coordinates":[139.16451,35.81376]}},{"type":"Feature","properties":{"lineId":"jr-ome","stationName":"東青梅","source":"MLIT N02 2025"},"geometry":{"type":"Point","coordinates":[139.27217,35.79012]}},{"type":"Feature","properties":{"lineId":"jr-ome","stationName":"青梅","source":"MLIT N02 2025"},"geometry":{"type":"Point","coordinates":[139.25741,35.79059]}},{"type":"Feature","properties":{"lineId":"jr-ome","stationName":"河辺","source":"MLIT N02 2025"},"geometry":{"type":"Point","coordinates":[139.28317,35.78516]}},{"type":"Feature","properties":{"lineId":"jr-ome","stationName":"御嶽","source":"MLIT N02 2025"},"geometry":{"type":"Point","coordinates":[139.18283,35.80143]}},{"type":"Feature","properties":{"lineId":"jr-ome","stationName":"日向和田","source":"MLIT N02 2025"},"geometry":{"type":"Point","coordinates":[139.22932,35.78896]}},{"type":"Feature","properties":{"lineId":"jr-ome","stationName":"牛浜","source":"MLIT N02 2025"},"geometry":{"type":"Point","coordinates":[139.33429,35.73365]}},{"type":"Feature","properties":{"lineId":"jr-ome","stationName":"中神","source":"MLIT N02 2025"},"geometry":{"type":"Point","coordinates":[139.37463,35.70933]}},{"type":"Feature","properties":{"lineId":"jr-ome","stationName":"福生","source":"MLIT N02 2025"},"geometry":{"type":"Point","coordinates":[139.3285,35.74147]}},{"type":"Feature","properties":{"lineId":"jr-ome","stationName":"東中神","source":"MLIT N02 2025"},"geometry":{"type":"Point","coordinates":[139.38409,35.70643]}},{"type":"Feature","properties":{"lineId":"jr-ome","stationName":"二俣尾","source":"MLIT N02 2025"},"geometry":{"type":"Point","coordinates":[139.21584,35.8042]}},{"type":"Feature","properties":{"lineId":"jr-ome","stationName":"昭島","source":"MLIT N02 2025"},"geometry":{"type":"Point","coordinates":[139.36292,35.71284]}},{"type":"Feature","properties":{"lineId":"jr-ome","stationName":"宮ノ平","source":"MLIT N02 2025"},"geometry":{"type":"Point","coordinates":[139.23687,35.78736]}},{"type":"Feature","properties":{"lineId":"jr-ome","stationName":"石神前","source":"MLIT N02 2025"},"geometry":{"type":"Point","coordinates":[139.2249,35.79714]}},{"type":"Feature","properties":{"lineId":"jr-ome","stationName":"羽村","source":"MLIT N02 2025"},"geometry":{"type":"Point","coordinates":[139.31588,35.75854]}},{"type":"Feature","properties":{"lineId":"jr-saikyo","stationName":"池袋","source":"MLIT N02 2025"},"geometry":{"type":"Point","coordinates":[139.71197,35.73144]}},{"type":"Feature","properties":{"lineId":"jr-saikyo","stationName":"赤羽","source":"MLIT N02 2025"},"geometry":{"type":"Point","coordinates":[139.72097,35.77755]}},{"type":"Feature","properties":{"lineId":"jr-saikyo","stationName":"十条","source":"MLIT N02 2025"},"geometry":{"type":"Point","coordinates":[139.72225,35.76117]}},{"type":"Feature","properties":{"lineId":"jr-saikyo","stationName":"板橋","source":"MLIT N02 2025"},"geometry":{"type":"Point","coordinates":[139.71924,35.7451]}},{"type":"Feature","properties":{"lineId":"jr-sobu","stationName":"西船橋","source":"MLIT N02 2025"},"geometry":{"type":"Point","coordinates":[139.9599,35.70689]}},{"type":"Feature","properties":{"lineId":"jr-sobu","stationName":"稲毛","source":"MLIT N02 2025"},"geometry":{"type":"Point","coordinates":[140.09191,35.63823]}},{"type":"Feature","properties":{"lineId":"jr-sobu","stationName":"西千葉","source":"MLIT N02 2025"},"geometry":{"type":"Point","coordinates":[140.10333,35.62262]}},{"type":"Feature","properties":{"lineId":"jr-sobu","stationName":"物井","source":"MLIT N02 2025"},"geometry":{"type":"Point","coordinates":[140.19987,35.68519]}},{"type":"Feature","properties":{"lineId":"jr-sobu","stationName":"成東","source":"MLIT N02 2025"},"geometry":{"type":"Point","coordinates":[140.40838,35.60852]}},{"type":"Feature","properties":{"lineId":"jr-sobu","stationName":"横芝","source":"MLIT N02 2025"},"geometry":{"type":"Point","coordinates":[140.48968,35.66124]}},{"type":"Feature","properties":{"lineId":"jr-sobu","stationName":"新検見川","source":"MLIT N02 2025"},"geometry":{"type":"Point","coordinates":[140.07264,35.65188]}},{"type":"Feature","properties":{"lineId":"jr-sobu","stationName":"八日市場","source":"MLIT N02 2025"},"geometry":{"type":"Point","coordinates":[140.55156,35.69885]}},{"type":"Feature","properties":{"lineId":"jr-sobu","stationName":"松尾","source":"MLIT N02 2025"},"geometry":{"type":"Point","coordinates":[140.45728,35.63553]}},{"type":"Feature","properties":{"lineId":"jr-sobu","stationName":"都賀","source":"MLIT N02 2025"},"geometry":{"type":"Point","coordinates":[140.14791,35.63512]}},{"type":"Feature","properties":{"lineId":"jr-sobu","stationName":"榎戸","source":"MLIT N02 2025"},"geometry":{"type":"Point","coordinates":[140.28868,35.68344]}},{"type":"Feature","properties":{"lineId":"jr-sobu","stationName":"津田沼","source":"MLIT N02 2025"},"geometry":{"type":"Point","coordinates":[140.02028,35.69133]}},{"type":"Feature","properties":{"lineId":"jr-sobu","stationName":"日向","source":"MLIT N02 2025"},"geometry":{"type":"Point","coordinates":[140.36174,35.62862]}},{"type":"Feature","properties":{"lineId":"jr-sobu","stationName":"飯倉","source":"MLIT N02 2025"},"geometry":{"type":"Point","coordinates":[140.52042,35.68457]}},{"type":"Feature","properties":{"lineId":"jr-sobu","stationName":"幕張本郷","source":"MLIT N02 2025"},"geometry":{"type":"Point","coordinates":[140.04214,35.67285]}},{"type":"Feature","properties":{"lineId":"jr-sobu","stationName":"東千葉","source":"MLIT N02 2025"},"geometry":{"type":"Point","coordinates":[140.12174,35.61668]}},{"type":"Feature","properties":{"lineId":"jr-sobu","stationName":"四街道","source":"MLIT N02 2025"},"geometry":{"type":"Point","coordinates":[140.16534,35.66296]}},{"type":"Feature","properties":{"lineId":"jr-sobu","stationName":"南酒々井","source":"MLIT N02 2025"},"geometry":{"type":"Point","coordinates":[140.26809,35.70425]}},{"type":"Feature","properties":{"lineId":"jr-sobu","stationName":"下総中山","source":"MLIT N02 2025"},"geometry":{"type":"Point","coordinates":[139.94219,35.71466]}},{"type":"Feature","properties":{"lineId":"jr-sobu","stationName":"本八幡","source":"MLIT N02 2025"},"geometry":{"type":"Point","coordinates":[139.92653,35.72122]}},{"type":"Feature","properties":{"lineId":"jr-sobu","stationName":"幕張","source":"MLIT N02 2025"},"geometry":{"type":"Point","coordinates":[140.05784,35.65953]}},{"type":"Feature","properties":{"lineId":"jr-sobu","stationName":"八街","source":"MLIT N02 2025"},"geometry":{"type":"Point","coordinates":[140.31649,35.66363]}},{"type":"Feature","properties":{"lineId":"jr-sobu","stationName":"佐倉","source":"MLIT N02 2025"},"geometry":{"type":"Point","coordinates":[140.22765,35.70985]}},{"type":"Feature","properties":{"lineId":"jr-sobu","stationName":"千葉","source":"MLIT N02 2025"},"geometry":{"type":"Point","coordinates":[140.11371,35.61343]}},{"type":"Feature","properties":{"lineId":"jr-sobu","stationName":"干潟","source":"MLIT N02 2025"},"geometry":{"type":"Point","coordinates":[140.60423,35.71856]}},{"type":"Feature","properties":{"lineId":"jr-sobu","stationName":"船橋","source":"MLIT N02 2025"},"geometry":{"type":"Point","coordinates":[139.98328,35.70187]}},{"type":"Feature","properties":{"lineId":"jr-sobu","stationName":"東船橋","source":"MLIT N02 2025"},"geometry":{"type":"Point","coordinates":[140.00464,35.69976]}},{"type":"Feature","properties":{"lineId":"jr-sobu","stationName":"御茶ノ水","source":"MLIT N02 2025"},"geometry":{"type":"Point","coordinates":[139.76634,35.69926]}},{"type":"Feature","properties":{"lineId":"jr-sobu","stationName":"新小岩","source":"MLIT N02 2025"},"geometry":{"type":"Point","coordinates":[139.85885,35.71758]}},{"type":"Feature","properties":{"lineId":"jr-sobu","stationName":"浅草橋","source":"MLIT N02 2025"},"geometry":{"type":"Point","coordinates":[139.78588,35.69728]}},{"type":"Feature","properties":{"lineId":"jr-sobu","stationName":"錦糸町","source":"MLIT N02 2025"},"geometry":{"type":"Point","coordinates":[139.81527,35.69676]}},{"type":"Feature","properties":{"lineId":"jr-sobu","stationName":"亀戸","source":"MLIT N02 2025"},"geometry":{"type":"Point","coordinates":[139.82577,35.69731]}},{"type":"Feature","properties":{"lineId":"jr-sobu","stationName":"平井","source":"MLIT N02 2025"},"geometry":{"type":"Point","coordinates":[139.84291,35.70678]}},{"type":"Feature","properties":{"lineId":"jr-sobu","stationName":"市川","source":"MLIT N02 2025"},"geometry":{"type":"Point","coordinates":[139.90686,35.72939]}},{"type":"Feature","properties":{"lineId":"jr-sobu","stationName":"小岩","source":"MLIT N02 2025"},"geometry":{"type":"Point","coordinates":[139.88111,35.73282]}},{"type":"Feature","properties":{"lineId":"jr-sobu","stationName":"秋葉原","source":"MLIT N02 2025"},"geometry":{"type":"Point","coordinates":[139.77194,35.69844]}},{"type":"Feature","properties":{"lineId":"jr-sobu","stationName":"東京","source":"MLIT N02 2025"},"geometry":{"type":"Point","coordinates":[139.76528,35.68159]}},{"type":"Feature","properties":{"lineId":"jr-sobu","stationName":"両国","source":"MLIT N02 2025"},"geometry":{"type":"Point","coordinates":[139.79449,35.69567]}},{"type":"Feature","properties":{"lineId":"jr-sobu","stationName":"馬喰町","source":"MLIT N02 2025"},"geometry":{"type":"Point","coordinates":[139.78281,35.69367]}},{"type":"Feature","properties":{"lineId":"jr-sobu","stationName":"新日本橋","source":"MLIT N02 2025"},"geometry":{"type":"Point","coordinates":[139.77443,35.68907]}},{"type":"Feature","properties":{"lineId":"jr-chuo","stationName":"水道橋","source":"MLIT N02 2025"},"geometry":{"type":"Point","coordinates":[139.75494,35.70191]}},{"type":"Feature","properties":{"lineId":"jr-chuo","stationName":"飯田橋","source":"MLIT N02 2025"},"geometry":{"type":"Point","coordinates":[139.7437,35.70019]}},{"type":"Feature","properties":{"lineId":"jr-chuo","stationName":"御茶ノ水","source":"MLIT N02 2025"},"geometry":{"type":"Point","coordinates":[139.76634,35.69926]}},{"type":"Feature","properties":{"lineId":"jr-chuo","stationName":"中野","source":"MLIT N02 2025"},"geometry":{"type":"Point","coordinates":[139.66433,35.70569]}},{"type":"Feature","properties":{"lineId":"jr-chuo","stationName":"東中野","source":"MLIT N02 2025"},"geometry":{"type":"Point","coordinates":[139.6839,35.70622]}},{"type":"Feature","properties":{"lineId":"jr-chuo","stationName":"吉祥寺","source":"MLIT N02 2025"},"geometry":{"type":"Point","coordinates":[139.58035,35.70316]}},{"type":"Feature","properties":{"lineId":"jr-chuo","stationName":"西荻窪","source":"MLIT N02 2025"},"geometry":{"type":"Point","coordinates":[139.60029,35.70383]}},{"type":"Feature","properties":{"lineId":"jr-chuo","stationName":"荻窪","source":"MLIT N02 2025"},"geometry":{"type":"Point","coordinates":[139.62151,35.70446]}},{"type":"Feature","properties":{"lineId":"jr-chuo","stationName":"阿佐ヶ谷","source":"MLIT N02 2025"},"geometry":{"type":"Point","coordinates":[139.63642,35.70489]}},{"type":"Feature","properties":{"lineId":"jr-chuo","stationName":"高円寺","source":"MLIT N02 2025"},"geometry":{"type":"Point","coordinates":[139.64955,35.70532]}},{"type":"Feature","properties":{"lineId":"jr-chuo","stationName":"大久保","source":"MLIT N02 2025"},"geometry":{"type":"Point","coordinates":[139.69688,35.70149]}},{"type":"Feature","properties":{"lineId":"jr-chuo","stationName":"神田","source":"MLIT N02 2025"},"geometry":{"type":"Point","coordinates":[139.77121,35.69258]}},{"type":"Feature","properties":{"lineId":"jr-chuo","stationName":"四ツ谷","source":"MLIT N02 2025"},"geometry":{"type":"Point","coordinates":[139.73063,35.68594]}},{"type":"Feature","properties":{"lineId":"jr-chuo","stationName":"市ヶ谷","source":"MLIT N02 2025"},"geometry":{"type":"Point","coordinates":[139.73471,35.69079]}},{"type":"Feature","properties":{"lineId":"jr-chuo","stationName":"信濃町","source":"MLIT N02 2025"},"geometry":{"type":"Point","coordinates":[139.72112,35.67994]}},{"type":"Feature","properties":{"lineId":"jr-chuo","stationName":"代々木","source":"MLIT N02 2025"},"geometry":{"type":"Point","coordinates":[139.70239,35.68309]}},{"type":"Feature","properties":{"lineId":"jr-chuo","stationName":"新宿","source":"MLIT N02 2025"},"geometry":{"type":"Point","coordinates":[139.7006,35.68995]}},{"type":"Feature","properties":{"lineId":"jr-chuo","stationName":"千駄ヶ谷","source":"MLIT N02 2025"},"geometry":{"type":"Point","coordinates":[139.7113,35.68123]}},{"type":"Feature","properties":{"lineId":"jr-chuo","stationName":"八王子","source":"MLIT N02 2025"},"geometry":{"type":"Point","coordinates":[139.339,35.65547]}},{"type":"Feature","properties":{"lineId":"jr-chuo","stationName":"国分寺","source":"MLIT N02 2025"},"geometry":{"type":"Point","coordinates":[139.48002,35.70011]}},{"type":"Feature","properties":{"lineId":"jr-chuo","stationName":"初狩","source":"MLIT N02 2025"},"geometry":{"type":"Point","coordinates":[138.88367,35.59429]}},{"type":"Feature","properties":{"lineId":"jr-chuo","stationName":"西国分寺","source":"MLIT N02 2025"},"geometry":{"type":"Point","coordinates":[139.46546,35.69971]}},{"type":"Feature","properties":{"lineId":"jr-chuo","stationName":"武蔵境","source":"MLIT N02 2025"},"geometry":{"type":"Point","coordinates":[139.54483,35.70214]}},{"type":"Feature","properties":{"lineId":"jr-chuo","stationName":"東小金井","source":"MLIT N02 2025"},"geometry":{"type":"Point","coordinates":[139.52505,35.7016]}},{"type":"Feature","properties":{"lineId":"jr-chuo","stationName":"鳥沢","source":"MLIT N02 2025"},"geometry":{"type":"Point","coordinates":[139.00221,35.60798]}},{"type":"Feature","properties":{"lineId":"jr-chuo","stationName":"武蔵小金井","source":"MLIT N02 2025"},"geometry":{"type":"Point","coordinates":[139.50705,35.7011]}},{"type":"Feature","properties":{"lineId":"jr-chuo","stationName":"上野原","source":"MLIT N02 2025"},"geometry":{"type":"Point","coordinates":[139.11428,35.6179]}},{"type":"Feature","properties":{"lineId":"jr-chuo","stationName":"大月","source":"MLIT N02 2025"},"geometry":{"type":"Point","coordinates":[138.94133,35.61274]}},{"type":"Feature","properties":{"lineId":"jr-chuo","stationName":"藤野","source":"MLIT N02 2025"},"geometry":{"type":"Point","coordinates":[139.15203,35.61592]}},{"type":"Feature","properties":{"lineId":"jr-chuo","stationName":"西八王子","source":"MLIT N02 2025"},"geometry":{"type":"Point","coordinates":[139.31102,35.65574]}},{"type":"Feature","properties":{"lineId":"jr-chuo","stationName":"国立","source":"MLIT N02 2025"},"geometry":{"type":"Point","coordinates":[139.4451,35.69916]}},{"type":"Feature","properties":{"lineId":"jr-chuo","stationName":"四方津","source":"MLIT N02 2025"},"geometry":{"type":"Point","coordinates":[139.07339,35.61413]}},{"type":"Feature","properties":{"lineId":"jr-chuo","stationName":"豊田","source":"MLIT N02 2025"},"geometry":{"type":"Point","coordinates":[139.38164,35.65957]}},{"type":"Feature","properties":{"lineId":"jr-chuo","stationName":"梁川","source":"MLIT N02 2025"},"geometry":{"type":"Point","coordinates":[139.03632,35.60711]}},{"type":"Feature","properties":{"lineId":"jr-chuo","stationName":"相模湖","source":"MLIT N02 2025"},"geometry":{"type":"Point","coordinates":[139.18962,35.61702]}},{"type":"Feature","properties":{"lineId":"jr-chuo","stationName":"高尾","source":"MLIT N02 2025"},"geometry":{"type":"Point","coordinates":[139.28133,35.64192]}},{"type":"Feature","properties":{"lineId":"jr-chuo","stationName":"猿橋","source":"MLIT N02 2025"},"geometry":{"type":"Point","coordinates":[138.96701,35.61239]}},{"type":"Feature","properties":{"lineId":"jr-chuo","stationName":"立川","source":"MLIT N02 2025"},"geometry":{"type":"Point","coordinates":[139.41256,35.69775]}},{"type":"Feature","properties":{"lineId":"jr-chuo","stationName":"三鷹","source":"MLIT N02 2025"},"geometry":{"type":"Point","coordinates":[139.56067,35.70269]}},{"type":"Feature","properties":{"lineId":"jr-chuo","stationName":"日野","source":"MLIT N02 2025"},"geometry":{"type":"Point","coordinates":[139.39348,35.67865]}},{"type":"Feature","properties":{"lineId":"jr-keihin-tohoku","stationName":"古河","source":"MLIT N02 2025"},"geometry":{"type":"Point","coordinates":[139.71007,36.19327]}},{"type":"Feature","properties":{"lineId":"jr-saikyo","stationName":"古河","source":"MLIT N02 2025"},"geometry":{"type":"Point","coordinates":[139.71007,36.19327]}},{"type":"Feature","properties":{"lineId":"jr-keihin-tohoku","stationName":"野木","source":"MLIT N02 2025"},"geometry":{"type":"Point","coordinates":[139.73372,36.22873]}},{"type":"Feature","properties":{"lineId":"jr-saikyo","stationName":"野木","source":"MLIT N02 2025"},"geometry":{"type":"Point","coordinates":[139.73372,36.22873]}},{"type":"Feature","properties":{"lineId":"jr-keihin-tohoku","stationName":"田端","source":"MLIT N02 2025"},"geometry":{"type":"Point","coordinates":[139.76248,35.73669]}},{"type":"Feature","properties":{"lineId":"jr-saikyo","stationName":"田端","source":"MLIT N02 2025"},"geometry":{"type":"Point","coordinates":[139.76248,35.73669]}},{"type":"Feature","properties":{"lineId":"jr-keihin-tohoku","stationName":"日暮里","source":"MLIT N02 2025"},"geometry":{"type":"Point","coordinates":[139.77092,35.72822]}},{"type":"Feature","properties":{"lineId":"jr-saikyo","stationName":"日暮里","source":"MLIT N02 2025"},"geometry":{"type":"Point","coordinates":[139.77092,35.72822]}},{"type":"Feature","properties":{"lineId":"jr-keihin-tohoku","stationName":"西日暮里","source":"MLIT N02 2025"},"geometry":{"type":"Point","coordinates":[139.76675,35.73213]}},{"type":"Feature","properties":{"lineId":"jr-saikyo","stationName":"西日暮里","source":"MLIT N02 2025"},"geometry":{"type":"Point","coordinates":[139.76675,35.73213]}},{"type":"Feature","properties":{"lineId":"jr-keihin-tohoku","stationName":"上野","source":"MLIT N02 2025"},"geometry":{"type":"Point","coordinates":[139.77507,35.71205]}},{"type":"Feature","properties":{"lineId":"jr-saikyo","stationName":"上野","source":"MLIT N02 2025"},"geometry":{"type":"Point","coordinates":[139.77507,35.71205]}},{"type":"Feature","properties":{"lineId":"jr-keihin-tohoku","stationName":"秋葉原","source":"MLIT N02 2025"},"geometry":{"type":"Point","coordinates":[139.77292,35.69772]}},{"type":"Feature","properties":{"lineId":"jr-saikyo","stationName":"秋葉原","source":"MLIT N02 2025"},"geometry":{"type":"Point","coordinates":[139.77292,35.69772]}},{"type":"Feature","properties":{"lineId":"jr-keihin-tohoku","stationName":"尾久","source":"MLIT N02 2025"},"geometry":{"type":"Point","coordinates":[139.75401,35.74677]}},{"type":"Feature","properties":{"lineId":"jr-saikyo","stationName":"尾久","source":"MLIT N02 2025"},"geometry":{"type":"Point","coordinates":[139.75401,35.74677]}},{"type":"Feature","properties":{"lineId":"jr-keihin-tohoku","stationName":"御徒町","source":"MLIT N02 2025"},"geometry":{"type":"Point","coordinates":[139.77486,35.70807]}},{"type":"Feature","properties":{"lineId":"jr-saikyo","stationName":"御徒町","source":"MLIT N02 2025"},"geometry":{"type":"Point","coordinates":[139.77486,35.70807]}},{"type":"Feature","properties":{"lineId":"jr-keihin-tohoku","stationName":"鶯谷","source":"MLIT N02 2025"},"geometry":{"type":"Point","coordinates":[139.77865,35.72085]}},{"type":"Feature","properties":{"lineId":"jr-saikyo","stationName":"鶯谷","source":"MLIT N02 2025"},"geometry":{"type":"Point","coordinates":[139.77865,35.72085]}},{"type":"Feature","properties":{"lineId":"jr-keihin-tohoku","stationName":"王子","source":"MLIT N02 2025"},"geometry":{"type":"Point","coordinates":[139.73891,35.75163]}},{"type":"Feature","properties":{"lineId":"jr-saikyo","stationName":"王子","source":"MLIT N02 2025"},"geometry":{"type":"Point","coordinates":[139.73891,35.75163]}},{"type":"Feature","properties":{"lineId":"jr-keihin-tohoku","stationName":"上中里","source":"MLIT N02 2025"},"geometry":{"type":"Point","coordinates":[139.74666,35.74668]}},{"type":"Feature","properties":{"lineId":"jr-saikyo","stationName":"上中里","source":"MLIT N02 2025"},"geometry":{"type":"Point","coordinates":[139.74666,35.74668]}},{"type":"Feature","properties":{"lineId":"jr-keihin-tohoku","stationName":"赤羽","source":"MLIT N02 2025"},"geometry":{"type":"Point","coordinates":[139.72097,35.77755]}},{"type":"Feature","properties":{"lineId":"jr-keihin-tohoku","stationName":"大宮","source":"MLIT N02 2025"},"geometry":{"type":"Point","coordinates":[139.62383,35.90782]}},{"type":"Feature","properties":{"lineId":"jr-saikyo","stationName":"大宮","source":"MLIT N02 2025"},"geometry":{"type":"Point","coordinates":[139.62383,35.90782]}},{"type":"Feature","properties":{"lineId":"jr-keihin-tohoku","stationName":"浦和","source":"MLIT N02 2025"},"geometry":{"type":"Point","coordinates":[139.65666,35.85936]}},{"type":"Feature","properties":{"lineId":"jr-saikyo","stationName":"浦和","source":"MLIT N02 2025"},"geometry":{"type":"Point","coordinates":[139.65666,35.85936]}},{"type":"Feature","properties":{"lineId":"jr-keihin-tohoku","stationName":"栗橋","source":"MLIT N02 2025"},"geometry":{"type":"Point","coordinates":[139.69376,36.13422]}},{"type":"Feature","properties":{"lineId":"jr-saikyo","stationName":"栗橋","source":"MLIT N02 2025"},"geometry":{"type":"Point","coordinates":[139.69376,36.13422]}},{"type":"Feature","properties":{"lineId":"jr-keihin-tohoku","stationName":"南浦和","source":"MLIT N02 2025"},"geometry":{"type":"Point","coordinates":[139.66963,35.84745]}},{"type":"Feature","properties":{"lineId":"jr-saikyo","stationName":"南浦和","source":"MLIT N02 2025"},"geometry":{"type":"Point","coordinates":[139.66963,35.84745]}},{"type":"Feature","properties":{"lineId":"jr-keihin-tohoku","stationName":"北戸田","source":"MLIT N02 2025"},"geometry":{"type":"Point","coordinates":[139.66058,35.8273]}},{"type":"Feature","properties":{"lineId":"jr-saikyo","stationName":"北戸田","source":"MLIT N02 2025"},"geometry":{"type":"Point","coordinates":[139.66058,35.8273]}},{"type":"Feature","properties":{"lineId":"jr-keihin-tohoku","stationName":"新白岡","source":"MLIT N02 2025"},"geometry":{"type":"Point","coordinates":[139.6721,36.03967]}},{"type":"Feature","properties":{"lineId":"jr-saikyo","stationName":"新白岡","source":"MLIT N02 2025"},"geometry":{"type":"Point","coordinates":[139.6721,36.03967]}},{"type":"Feature","properties":{"lineId":"jr-keihin-tohoku","stationName":"北与野","source":"MLIT N02 2025"},"geometry":{"type":"Point","coordinates":[139.62851,35.89068]}},{"type":"Feature","properties":{"lineId":"jr-saikyo","stationName":"北与野","source":"MLIT N02 2025"},"geometry":{"type":"Point","coordinates":[139.62851,35.89068]}},{"type":"Feature","properties":{"lineId":"jr-keihin-tohoku","stationName":"与野本町","source":"MLIT N02 2025"},"geometry":{"type":"Point","coordinates":[139.62633,35.88008]}},{"type":"Feature","properties":{"lineId":"jr-saikyo","stationName":"与野本町","source":"MLIT N02 2025"},"geometry":{"type":"Point","coordinates":[139.62633,35.88008]}},{"type":"Feature","properties":{"lineId":"jr-keihin-tohoku","stationName":"さいたま新都心","source":"MLIT N02 2025"},"geometry":{"type":"Point","coordinates":[139.63308,35.89478]}},{"type":"Feature","properties":{"lineId":"jr-saikyo","stationName":"さいたま新都心","source":"MLIT N02 2025"},"geometry":{"type":"Point","coordinates":[139.63308,35.89478]}},{"type":"Feature","properties":{"lineId":"jr-keihin-tohoku","stationName":"蓮田","source":"MLIT N02 2025"},"geometry":{"type":"Point","coordinates":[139.65226,35.97992]}},{"type":"Feature","properties":{"lineId":"jr-saikyo","stationName":"蓮田","source":"MLIT N02 2025"},"geometry":{"type":"Point","coordinates":[139.65226,35.97992]}},{"type":"Feature","properties":{"lineId":"jr-keihin-tohoku","stationName":"東鷲宮","source":"MLIT N02 2025"},"geometry":{"type":"Point","coordinates":[139.67978,36.08859]}},{"type":"Feature","properties":{"lineId":"jr-saikyo","stationName":"東鷲宮","source":"MLIT N02 2025"},"geometry":{"type":"Point","coordinates":[139.67978,36.08859]}},{"type":"Feature","properties":{"lineId":"jr-keihin-tohoku","stationName":"与野","source":"MLIT N02 2025"},"geometry":{"type":"Point","coordinates":[139.63864,35.88514]}},{"type":"Feature","properties":{"lineId":"jr-saikyo","stationName":"与野","source":"MLIT N02 2025"},"geometry":{"type":"Point","coordinates":[139.63864,35.88514]}},{"type":"Feature","properties":{"lineId":"jr-keihin-tohoku","stationName":"久喜","source":"MLIT N02 2025"},"geometry":{"type":"Point","coordinates":[139.67805,36.0671]}},{"type":"Feature","properties":{"lineId":"jr-saikyo","stationName":"久喜","source":"MLIT N02 2025"},"geometry":{"type":"Point","coordinates":[139.67805,36.0671]}},{"type":"Feature","properties":{"lineId":"jr-keihin-tohoku","stationName":"白岡","source":"MLIT N02 2025"},"geometry":{"type":"Point","coordinates":[139.66696,36.01923]}},{"type":"Feature","properties":{"lineId":"jr-saikyo","stationName":"白岡","source":"MLIT N02 2025"},"geometry":{"type":"Point","coordinates":[139.66696,36.01923]}},{"type":"Feature","properties":{"lineId":"jr-keihin-tohoku","stationName":"東大宮","source":"MLIT N02 2025"},"geometry":{"type":"Point","coordinates":[139.63982,35.94696]}},{"type":"Feature","properties":{"lineId":"jr-saikyo","stationName":"東大宮","source":"MLIT N02 2025"},"geometry":{"type":"Point","coordinates":[139.63982,35.94696]}},{"type":"Feature","properties":{"lineId":"jr-keihin-tohoku","stationName":"西川口","source":"MLIT N02 2025"},"geometry":{"type":"Point","coordinates":[139.70375,35.81613]}},{"type":"Feature","properties":{"lineId":"jr-saikyo","stationName":"西川口","source":"MLIT N02 2025"},"geometry":{"type":"Point","coordinates":[139.70375,35.81613]}},{"type":"Feature","properties":{"lineId":"jr-keihin-tohoku","stationName":"北浦和","source":"MLIT N02 2025"},"geometry":{"type":"Point","coordinates":[139.64498,35.8729]}},{"type":"Feature","properties":{"lineId":"jr-saikyo","stationName":"北浦和","source":"MLIT N02 2025"},"geometry":{"type":"Point","coordinates":[139.64498,35.8729]}},{"type":"Feature","properties":{"lineId":"jr-keihin-tohoku","stationName":"武蔵浦和","source":"MLIT N02 2025"},"geometry":{"type":"Point","coordinates":[139.64691,35.84541]}},{"type":"Feature","properties":{"lineId":"jr-saikyo","stationName":"武蔵浦和","source":"MLIT N02 2025"},"geometry":{"type":"Point","coordinates":[139.64691,35.84541]}},{"type":"Feature","properties":{"lineId":"jr-keihin-tohoku","stationName":"東十条","source":"MLIT N02 2025"},"geometry":{"type":"Point","coordinates":[139.72663,35.76395]}},{"type":"Feature","properties":{"lineId":"jr-saikyo","stationName":"東十条","source":"MLIT N02 2025"},"geometry":{"type":"Point","coordinates":[139.72663,35.76395]}},{"type":"Feature","properties":{"lineId":"jr-keihin-tohoku","stationName":"川口","source":"MLIT N02 2025"},"geometry":{"type":"Point","coordinates":[139.71735,35.80207]}},{"type":"Feature","properties":{"lineId":"jr-saikyo","stationName":"川口","source":"MLIT N02 2025"},"geometry":{"type":"Point","coordinates":[139.71735,35.80207]}},{"type":"Feature","properties":{"lineId":"jr-keihin-tohoku","stationName":"戸田公園","source":"MLIT N02 2025"},"geometry":{"type":"Point","coordinates":[139.67758,35.80841]}},{"type":"Feature","properties":{"lineId":"jr-saikyo","stationName":"戸田公園","source":"MLIT N02 2025"},"geometry":{"type":"Point","coordinates":[139.67758,35.80841]}},{"type":"Feature","properties":{"lineId":"jr-keihin-tohoku","stationName":"南与野","source":"MLIT N02 2025"},"geometry":{"type":"Point","coordinates":[139.63137,35.86652]}},{"type":"Feature","properties":{"lineId":"jr-saikyo","stationName":"南与野","source":"MLIT N02 2025"},"geometry":{"type":"Point","coordinates":[139.63137,35.86652]}},{"type":"Feature","properties":{"lineId":"jr-keihin-tohoku","stationName":"浮間舟渡","source":"MLIT N02 2025"},"geometry":{"type":"Point","coordinates":[139.69145,35.79124]}},{"type":"Feature","properties":{"lineId":"jr-saikyo","stationName":"浮間舟渡","source":"MLIT N02 2025"},"geometry":{"type":"Point","coordinates":[139.69145,35.79124]}},{"type":"Feature","properties":{"lineId":"jr-keihin-tohoku","stationName":"北赤羽","source":"MLIT N02 2025"},"geometry":{"type":"Point","coordinates":[139.70591,35.7869]}},{"type":"Feature","properties":{"lineId":"jr-saikyo","stationName":"北赤羽","source":"MLIT N02 2025"},"geometry":{"type":"Point","coordinates":[139.70591,35.7869]}},{"type":"Feature","properties":{"lineId":"jr-keihin-tohoku","stationName":"戸田","source":"MLIT N02 2025"},"geometry":{"type":"Point","coordinates":[139.66913,35.81839]}},{"type":"Feature","properties":{"lineId":"jr-saikyo","stationName":"戸田","source":"MLIT N02 2025"},"geometry":{"type":"Point","coordinates":[139.66913,35.81839]}},{"type":"Feature","properties":{"lineId":"jr-keihin-tohoku","stationName":"蕨","source":"MLIT N02 2025"},"geometry":{"type":"Point","coordinates":[139.68967,35.82865]}},{"type":"Feature","properties":{"lineId":"jr-saikyo","stationName":"蕨","source":"MLIT N02 2025"},"geometry":{"type":"Point","coordinates":[139.68967,35.82865]}},{"type":"Feature","properties":{"lineId":"jr-keihin-tohoku","stationName":"土呂","source":"MLIT N02 2025"},"geometry":{"type":"Point","coordinates":[139.63154,35.93067]}},{"type":"Feature","properties":{"lineId":"jr-saikyo","stationName":"土呂","source":"MLIT N02 2025"},"geometry":{"type":"Point","coordinates":[139.63154,35.93067]}},{"type":"Feature","properties":{"lineId":"jr-keihin-tohoku","stationName":"中浦和","source":"MLIT N02 2025"},"geometry":{"type":"Point","coordinates":[139.63733,35.85388]}},{"type":"Feature","properties":{"lineId":"jr-saikyo","stationName":"中浦和","source":"MLIT N02 2025"},"geometry":{"type":"Point","coordinates":[139.63733,35.85388]}},{"type":"Feature","properties":{"lineId":"jr-keihin-tohoku","stationName":"東京","source":"MLIT N02 2025"},"geometry":{"type":"Point","coordinates":[139.76621,35.67965]}},{"type":"Feature","properties":{"lineId":"jr-saikyo","stationName":"東京","source":"MLIT N02 2025"},"geometry":{"type":"Point","coordinates":[139.76621,35.67965]}},{"type":"Feature","properties":{"lineId":"jr-keihin-tohoku","stationName":"神田","source":"MLIT N02 2025"},"geometry":{"type":"Point","coordinates":[139.77121,35.69258]}},{"type":"Feature","properties":{"lineId":"jr-saikyo","stationName":"神田","source":"MLIT N02 2025"},"geometry":{"type":"Point","coordinates":[139.77121,35.69258]}},{"type":"Feature","properties":{"lineId":"tobu-skytree","stationName":"館林","source":"MLIT N02 2025"},"geometry":{"type":"Point","coordinates":[139.52773,36.24689]}},{"type":"Feature","properties":{"lineId":"tobu-skytree","stationName":"茂林寺前","source":"MLIT N02 2025"},"geometry":{"type":"Point","coordinates":[139.52707,36.22698]}},{"type":"Feature","properties":{"lineId":"tobu-skytree","stationName":"川俣","source":"MLIT N02 2025"},"geometry":{"type":"Point","coordinates":[139.52653,36.20954]}},{"type":"Feature","properties":{"lineId":"tobu-skytree","stationName":"羽生","source":"MLIT N02 2025"},"geometry":{"type":"Point","coordinates":[139.53406,36.16984]}},{"type":"Feature","properties":{"lineId":"tobu-skytree","stationName":"大袋","source":"MLIT N02 2025"},"geometry":{"type":"Point","coordinates":[139.77772,35.92538]}},{"type":"Feature","properties":{"lineId":"tobu-skytree","stationName":"一ノ割","source":"MLIT N02 2025"},"geometry":{"type":"Point","coordinates":[139.76582,35.96562]}},{"type":"Feature","properties":{"lineId":"tobu-skytree","stationName":"堀切","source":"MLIT N02 2025"},"geometry":{"type":"Point","coordinates":[139.81715,35.74361]}},{"type":"Feature","properties":{"lineId":"tobu-skytree","stationName":"新田","source":"MLIT N02 2025"},"geometry":{"type":"Point","coordinates":[139.79567,35.8536]}},{"type":"Feature","properties":{"lineId":"tobu-skytree","stationName":"鐘ヶ淵","source":"MLIT N02 2025"},"geometry":{"type":"Point","coordinates":[139.82072,35.73415]}},{"type":"Feature","properties":{"lineId":"tobu-skytree","stationName":"姫宮","source":"MLIT N02 2025"},"geometry":{"type":"Point","coordinates":[139.73846,36.00493]}},{"type":"Feature","properties":{"lineId":"tobu-skytree","stationName":"せんげん台","source":"MLIT N02 2025"},"geometry":{"type":"Point","coordinates":[139.77437,35.93672]}},{"type":"Feature","properties":{"lineId":"tobu-skytree","stationName":"浅草","source":"MLIT N02 2025"},"geometry":{"type":"Point","coordinates":[139.7987,35.71239]}},{"type":"Feature","properties":{"lineId":"tobu-skytree","stationName":"西新井","source":"MLIT N02 2025"},"geometry":{"type":"Point","coordinates":[139.78977,35.77786]}},{"type":"Feature","properties":{"lineId":"tobu-skytree","stationName":"谷塚","source":"MLIT N02 2025"},"geometry":{"type":"Point","coordinates":[139.80186,35.81562]}},{"type":"Feature","properties":{"lineId":"tobu-skytree","stationName":"竹ノ塚","source":"MLIT N02 2025"},"geometry":{"type":"Point","coordinates":[139.79098,35.79511]}},{"type":"Feature","properties":{"lineId":"tobu-skytree","stationName":"小菅","source":"MLIT N02 2025"},"geometry":{"type":"Point","coordinates":[139.8131,35.75923]}},{"type":"Feature","properties":{"lineId":"tobu-skytree","stationName":"北越谷","source":"MLIT N02 2025"},"geometry":{"type":"Point","coordinates":[139.78002,35.90099]}},{"type":"Feature","properties":{"lineId":"tobu-skytree","stationName":"春日部","source":"MLIT N02 2025"},"geometry":{"type":"Point","coordinates":[139.75259,35.98014]}},{"type":"Feature","properties":{"lineId":"tobu-skytree","stationName":"曳舟","source":"MLIT N02 2025"},"geometry":{"type":"Point","coordinates":[139.81667,35.71891]}},{"type":"Feature","properties":{"lineId":"tobu-skytree","stationName":"新越谷","source":"MLIT N02 2025"},"geometry":{"type":"Point","coordinates":[139.78967,35.87622]}},{"type":"Feature","properties":{"lineId":"tobu-skytree","stationName":"草加","source":"MLIT N02 2025"},"geometry":{"type":"Point","coordinates":[139.80352,35.82914]}},{"type":"Feature","properties":{"lineId":"tobu-skytree","stationName":"北春日部","source":"MLIT N02 2025"},"geometry":{"type":"Point","coordinates":[139.74459,35.98919]}},{"type":"Feature","properties":{"lineId":"tobu-skytree","stationName":"蒲生","source":"MLIT N02 2025"},"geometry":{"type":"Point","coordinates":[139.7919,35.86627]}},{"type":"Feature","properties":{"lineId":"tobu-skytree","stationName":"東向島","source":"MLIT N02 2025"},"geometry":{"type":"Point","coordinates":[139.81941,35.72483]}},{"type":"Feature","properties":{"lineId":"tobu-skytree","stationName":"とうきょうスカイツリー","source":"MLIT N02 2025"},"geometry":{"type":"Point","coordinates":[139.81016,35.71066]}},{"type":"Feature","properties":{"lineId":"tobu-skytree","stationName":"五反野","source":"MLIT N02 2025"},"geometry":{"type":"Point","coordinates":[139.80864,35.76647]}},{"type":"Feature","properties":{"lineId":"tobu-skytree","stationName":"武里","source":"MLIT N02 2025"},"geometry":{"type":"Point","coordinates":[139.77047,35.94991]}},{"type":"Feature","properties":{"lineId":"tobu-skytree","stationName":"越谷","source":"MLIT N02 2025"},"geometry":{"type":"Point","coordinates":[139.7866,35.88676]}},{"type":"Feature","properties":{"lineId":"tobu-skytree","stationName":"獨協大学前","source":"MLIT N02 2025"},"geometry":{"type":"Point","coordinates":[139.801,35.84262]}},{"type":"Feature","properties":{"lineId":"tobu-skytree","stationName":"梅島","source":"MLIT N02 2025"},"geometry":{"type":"Point","coordinates":[139.7964,35.77326]}},{"type":"Feature","properties":{"lineId":"tobu-skytree","stationName":"北千住","source":"MLIT N02 2025"},"geometry":{"type":"Point","coordinates":[139.80578,35.75053]}},{"type":"Feature","properties":{"lineId":"tobu-skytree","stationName":"牛田","source":"MLIT N02 2025"},"geometry":{"type":"Point","coordinates":[139.81137,35.74448]}},{"type":"Feature","properties":{"lineId":"tobu-skytree","stationName":"和戸","source":"MLIT N02 2025"},"geometry":{"type":"Point","coordinates":[139.70058,36.04002]}},{"type":"Feature","properties":{"lineId":"tobu-skytree","stationName":"加須","source":"MLIT N02 2025"},"geometry":{"type":"Point","coordinates":[139.59542,36.12301]}},{"type":"Feature","properties":{"lineId":"tobu-skytree","stationName":"東武動物公園","source":"MLIT N02 2025"},"geometry":{"type":"Point","coordinates":[139.72601,36.02516]}},{"type":"Feature","properties":{"lineId":"tobu-skytree","stationName":"久喜","source":"MLIT N02 2025"},"geometry":{"type":"Point","coordinates":[139.67787,36.06607]}},{"type":"Feature","properties":{"lineId":"tobu-skytree","stationName":"花崎","source":"MLIT N02 2025"},"geometry":{"type":"Point","coordinates":[139.6327,36.11025]}},{"type":"Feature","properties":{"lineId":"tobu-skytree","stationName":"鷲宮","source":"MLIT N02 2025"},"geometry":{"type":"Point","coordinates":[139.65653,36.0968]}},{"type":"Feature","properties":{"lineId":"tobu-skytree","stationName":"南羽生","source":"MLIT N02 2025"},"geometry":{"type":"Point","coordinates":[139.55748,36.14926]}},{"type":"Feature","properties":{"lineId":"tobu-kameido","stationName":"曳舟","source":"MLIT N02 2025"},"geometry":{"type":"Point","coordinates":[139.81667,35.71891]}},{"type":"Feature","properties":{"lineId":"tobu-kameido","stationName":"東あずま","source":"MLIT N02 2025"},"geometry":{"type":"Point","coordinates":[139.83142,35.70769]}},{"type":"Feature","properties":{"lineId":"tobu-kameido","stationName":"小村井","source":"MLIT N02 2025"},"geometry":{"type":"Point","coordinates":[139.82727,35.71044]}},{"type":"Feature","properties":{"lineId":"tobu-kameido","stationName":"亀戸","source":"MLIT N02 2025"},"geometry":{"type":"Point","coordinates":[139.82768,35.69774]}},{"type":"Feature","properties":{"lineId":"tobu-kameido","stationName":"亀戸水神","source":"MLIT N02 2025"},"geometry":{"type":"Point","coordinates":[139.83353,35.70029]}},{"type":"Feature","properties":{"lineId":"tobu-tojo","stationName":"池袋","source":"MLIT N02 2025"},"geometry":{"type":"Point","coordinates":[139.71106,35.73099]}},{"type":"Feature","properties":{"lineId":"tobu-tojo","stationName":"大山","source":"MLIT N02 2025"},"geometry":{"type":"Point","coordinates":[139.70254,35.74844]}},{"type":"Feature","properties":{"lineId":"tobu-tojo","stationName":"北池袋","source":"MLIT N02 2025"},"geometry":{"type":"Point","coordinates":[139.71603,35.73963]}},{"type":"Feature","properties":{"lineId":"tobu-tojo","stationName":"成増","source":"MLIT N02 2025"},"geometry":{"type":"Point","coordinates":[139.63271,35.77771]}},{"type":"Feature","properties":{"lineId":"tobu-tojo","stationName":"上板橋","source":"MLIT N02 2025"},"geometry":{"type":"Point","coordinates":[139.67549,35.76393]}},{"type":"Feature","properties":{"lineId":"tobu-tojo","stationName":"下赤塚","source":"MLIT N02 2025"},"geometry":{"type":"Point","coordinates":[139.64433,35.77067]}},{"type":"Feature","properties":{"lineId":"tobu-tojo","stationName":"中板橋","source":"MLIT N02 2025"},"geometry":{"type":"Point","coordinates":[139.69356,35.75669]}},{"type":"Feature","properties":{"lineId":"tobu-tojo","stationName":"ときわ台","source":"MLIT N02 2025"},"geometry":{"type":"Point","coordinates":[139.68788,35.75916]}},{"type":"Feature","properties":{"lineId":"tobu-tojo","stationName":"朝霞台","source":"MLIT N02 2025"},"geometry":{"type":"Point","coordinates":[139.58796,35.8139]}},{"type":"Feature","properties":{"lineId":"tobu-tojo","stationName":"朝霞","source":"MLIT N02 2025"},"geometry":{"type":"Point","coordinates":[139.60054,35.79596]}},{"type":"Feature","properties":{"lineId":"tobu-tojo","stationName":"下板橋","source":"MLIT N02 2025"},"geometry":{"type":"Point","coordinates":[139.71576,35.745]}},{"type":"Feature","properties":{"lineId":"tobu-tojo","stationName":"東武練馬","source":"MLIT N02 2025"},"geometry":{"type":"Point","coordinates":[139.66165,35.76875]}},{"type":"Feature","properties":{"lineId":"tobu-tojo","stationName":"和光市","source":"MLIT N02 2025"},"geometry":{"type":"Point","coordinates":[139.61391,35.78793]}},{"type":"Feature","properties":{"lineId":"tobu-tojo","stationName":"森林公園","source":"MLIT N02 2025"},"geometry":{"type":"Point","coordinates":[139.3743,36.04537]}},{"type":"Feature","properties":{"lineId":"tobu-tojo","stationName":"川越市","source":"MLIT N02 2025"},"geometry":{"type":"Point","coordinates":[139.47777,35.91339]}},{"type":"Feature","properties":{"lineId":"tobu-tojo","stationName":"柳瀬川","source":"MLIT N02 2025"},"geometry":{"type":"Point","coordinates":[139.56316,35.8301]}},{"type":"Feature","properties":{"lineId":"tobu-tojo","stationName":"鶴瀬","source":"MLIT N02 2025"},"geometry":{"type":"Point","coordinates":[139.53901,35.84591]}},{"type":"Feature","properties":{"lineId":"tobu-tojo","stationName":"若葉","source":"MLIT N02 2025"},"geometry":{"type":"Point","coordinates":[139.40814,35.94936]}},{"type":"Feature","properties":{"lineId":"tobu-tojo","stationName":"東武竹沢","source":"MLIT N02 2025"},"geometry":{"type":"Point","coordinates":[139.2376,36.07502]}},{"type":"Feature","properties":{"lineId":"tobu-tojo","stationName":"北坂戸","source":"MLIT N02 2025"},"geometry":{"type":"Point","coordinates":[139.3963,35.97132]}},{"type":"Feature","properties":{"lineId":"tobu-tojo","stationName":"寄居","source":"MLIT N02 2025"},"geometry":{"type":"Point","coordinates":[139.1931,36.1172]}},{"type":"Feature","properties":{"lineId":"tobu-tojo","stationName":"川越","source":"MLIT N02 2025"},"geometry":{"type":"Point","coordinates":[139.48305,35.90726]}},{"type":"Feature","properties":{"lineId":"tobu-tojo","stationName":"東松山","source":"MLIT N02 2025"},"geometry":{"type":"Point","coordinates":[139.40157,36.03466]}},{"type":"Feature","properties":{"lineId":"tobu-tojo","stationName":"鶴ヶ島","source":"MLIT N02 2025"},"geometry":{"type":"Point","coordinates":[139.42369,35.93693]}},{"type":"Feature","properties":{"lineId":"tobu-tojo","stationName":"高坂","source":"MLIT N02 2025"},"geometry":{"type":"Point","coordinates":[139.39769,36.00294]}},{"type":"Feature","properties":{"lineId":"tobu-tojo","stationName":"みずほ台","source":"MLIT N02 2025"},"geometry":{"type":"Point","coordinates":[139.54977,35.83886]}},{"type":"Feature","properties":{"lineId":"tobu-tojo","stationName":"志木","source":"MLIT N02 2025"},"geometry":{"type":"Point","coordinates":[139.57601,35.82171]}},{"type":"Feature","properties":{"lineId":"tobu-tojo","stationName":"武蔵嵐山","source":"MLIT N02 2025"},"geometry":{"type":"Point","coordinates":[139.32695,36.04474]}},{"type":"Feature","properties":{"lineId":"tobu-tojo","stationName":"鉢形","source":"MLIT N02 2025"},"geometry":{"type":"Point","coordinates":[139.20798,36.11364]}},{"type":"Feature","properties":{"lineId":"tobu-tojo","stationName":"玉淀","source":"MLIT N02 2025"},"geometry":{"type":"Point","coordinates":[139.20015,36.11699]}},{"type":"Feature","properties":{"lineId":"tobu-tojo","stationName":"男衾","source":"MLIT N02 2025"},"geometry":{"type":"Point","coordinates":[139.23379,36.10845]}},{"type":"Feature","properties":{"lineId":"tobu-tojo","stationName":"ふじみ野","source":"MLIT N02 2025"},"geometry":{"type":"Point","coordinates":[139.52236,35.86158]}},{"type":"Feature","properties":{"lineId":"tobu-tojo","stationName":"上福岡","source":"MLIT N02 2025"},"geometry":{"type":"Point","coordinates":[139.51129,35.87453]}},{"type":"Feature","properties":{"lineId":"tobu-tojo","stationName":"霞ヶ関","source":"MLIT N02 2025"},"geometry":{"type":"Point","coordinates":[139.4434,35.92557]}},{"type":"Feature","properties":{"lineId":"tobu-tojo","stationName":"新河岸","source":"MLIT N02 2025"},"geometry":{"type":"Point","coordinates":[139.49692,35.89148]}},{"type":"Feature","properties":{"lineId":"tobu-tojo","stationName":"つきのわ","source":"MLIT N02 2025"},"geometry":{"type":"Point","coordinates":[139.34597,36.04365]}},{"type":"Feature","properties":{"lineId":"tobu-tojo","stationName":"小川町","source":"MLIT N02 2025"},"geometry":{"type":"Point","coordinates":[139.26009,36.05892]}},{"type":"Feature","properties":{"lineId":"tobu-tojo","stationName":"坂戸","source":"MLIT N02 2025"},"geometry":{"type":"Point","coordinates":[139.3934,35.95722]}},{"type":"Feature","properties":{"lineId":"tobu-skytree","stationName":"押上","source":"MLIT N02 2025"},"geometry":{"type":"Point","coordinates":[139.81359,35.70908]}},{"type":"Feature","properties":{"lineId":"tokyo-metro-fukutoshin","stationName":"渋谷","source":"MLIT N02 2025"},"geometry":{"type":"Point","coordinates":[139.702524,35.659078]}},{"type":"Feature","properties":{"lineId":"tokyo-metro-fukutoshin","stationName":"明治神宮前","source":"MLIT N02 2025"},"geometry":{"type":"Point","coordinates":[139.70507,35.66796]}},{"type":"Feature","properties":{"lineId":"tokyo-metro-fukutoshin","stationName":"新宿三丁目","source":"MLIT N02 2025"},"geometry":{"type":"Point","coordinates":[139.70464,35.6904]}},{"type":"Feature","properties":{"lineId":"tokyo-metro-fukutoshin","stationName":"東新宿","source":"MLIT N02 2025"},"geometry":{"type":"Point","coordinates":[139.70801,35.70066]}},{"type":"Feature","properties":{"lineId":"tokyo-metro-fukutoshin","stationName":"北参道","source":"MLIT N02 2025"},"geometry":{"type":"Point","coordinates":[139.70606,35.67774]}},{"type":"Feature","properties":{"lineId":"tokyo-metro-fukutoshin","stationName":"西早稲田","source":"MLIT N02 2025"},"geometry":{"type":"Point","coordinates":[139.70918,35.70838]}},{"type":"Feature","properties":{"lineId":"tokyo-metro-fukutoshin","stationName":"雑司が谷","source":"MLIT N02 2025"},"geometry":{"type":"Point","coordinates":[139.71385,35.71901]}},{"type":"Feature","properties":{"lineId":"nippori-toneri","stationName":"見沼代親水公園","source":"MLIT N02 2025"},"geometry":{"type":"Point","coordinates":[139.77072,35.81479]}},{"type":"Feature","properties":{"lineId":"nippori-toneri","stationName":"舎人","source":"MLIT N02 2025"},"geometry":{"type":"Point","coordinates":[139.77013,35.80594]}},{"type":"Feature","properties":{"lineId":"nippori-toneri","stationName":"舎人公園","source":"MLIT N02 2025"},"geometry":{"type":"Point","coordinates":[139.77012,35.79712]}},{"type":"Feature","properties":{"lineId":"nippori-toneri","stationName":"西新井大師西","source":"MLIT N02 2025"},"geometry":{"type":"Point","coordinates":[139.77014,35.78149]}},{"type":"Feature","properties":{"lineId":"nippori-toneri","stationName":"江北","source":"MLIT N02 2025"},"geometry":{"type":"Point","coordinates":[139.77032,35.77419]}},{"type":"Feature","properties":{"lineId":"nippori-toneri","stationName":"高野","source":"MLIT N02 2025"},"geometry":{"type":"Point","coordinates":[139.77069,35.76867]}},{"type":"Feature","properties":{"lineId":"nippori-toneri","stationName":"足立小台","source":"MLIT N02 2025"},"geometry":{"type":"Point","coordinates":[139.77024,35.75489]}},{"type":"Feature","properties":{"lineId":"nippori-toneri","stationName":"谷在家","source":"MLIT N02 2025"},"geometry":{"type":"Point","coordinates":[139.7701,35.78893]}},{"type":"Feature","properties":{"lineId":"nippori-toneri","stationName":"扇大橋","source":"MLIT N02 2025"},"geometry":{"type":"Point","coordinates":[139.77084,35.76452]}},{"type":"Feature","properties":{"lineId":"nippori-toneri","stationName":"西日暮里","source":"MLIT N02 2025"},"geometry":{"type":"Point","coordinates":[139.76817,35.7341]}},{"type":"Feature","properties":{"lineId":"nippori-toneri","stationName":"赤土小学校前","source":"MLIT N02 2025"},"geometry":{"type":"Point","coordinates":[139.76916,35.74337]}},{"type":"Feature","properties":{"lineId":"nippori-toneri","stationName":"熊野前","source":"MLIT N02 2025"},"geometry":{"type":"Point","coordinates":[139.76997,35.74864]}},{"type":"Feature","properties":{"lineId":"nippori-toneri","stationName":"日暮里","source":"MLIT N02 2025"},"geometry":{"type":"Point","coordinates":[139.77146,35.72905]}},{"type":"Feature","properties":{"lineId":"tokyo-metro-hibiya","stationName":"虎ノ門ヒルズ","source":"MLIT N02 2025"},"geometry":{"type":"Point","coordinates":[139.74755,35.66681]}},{"type":"Feature","properties":{"lineId":"tobu-tojo","stationName":"みなみ寄居","source":"MLIT N02 2025"},"geometry":{"type":"Point","coordinates":[139.23649682,36.09179002]}},{"type":"Feature","properties":{"lineId":"tokyo-metro-fukutoshin","stationName":"要町","source":"MLIT N02 2025"},"geometry":{"type":"Point","coordinates":[139.6996,35.73301]}},{"type":"Feature","properties":{"lineId":"tokyo-metro-fukutoshin","stationName":"小竹向原","source":"MLIT N02 2025"},"geometry":{"type":"Point","coordinates":[139.68054,35.74291]}},{"type":"Feature","properties":{"lineId":"tokyo-metro-fukutoshin","stationName":"千川","source":"MLIT N02 2025"},"geometry":{"type":"Point","coordinates":[139.69029,35.73751]}},{"type":"Feature","properties":{"lineId":"jr-keiyo","stationName":"幕張豊砂","source":"MLIT N02 2025"},"geometry":{"type":"Point","coordinates":[140.02797592,35.65754874]}}]}
