{"type":"FeatureCollection","features":[{"type":"Feature","properties":{"lineId":"keio-main","sourceLineName":"京王線","sourceOperator":"京王電鉄","source":"MLIT N02 2025"},"geometry":{"type":"LineString","coordinates":[[139.69932,35.68871],[139.69791,35.68815]]}},{"type":"Feature","properties":{"lineId":"keio-main","sourceLineName":"京王線","sourceOperator":"京王電鉄","source":"MLIT N02 2025"},"geometry":{"type":"LineString","coordinates":[[139.68792,35.68114],[139.67821,35.6769]]}},{"type":"Feature","properties":{"lineId":"keio-main","sourceLineName":"京王線","sourceOperator":"京王電鉄","source":"MLIT N02 2025"},"geometry":{"type":"LineString","coordinates":[[139.68862,35.6817],[139.68792,35.68114]]}},{"type":"Feature","properties":{"lineId":"keio-main","sourceLineName":"京王線","sourceOperator":"京王電鉄","source":"MLIT N02 2025"},"geometry":{"type":"LineString","coordinates":[[139.65112,35.66852],[139.64999,35.6682]]}},{"type":"Feature","properties":{"lineId":"keio-main","sourceLineName":"京王線","sourceOperator":"京王電鉄","source":"MLIT N02 2025"},"geometry":{"type":"LineString","coordinates":[[139.62263,35.66897],[139.6242,35.66872]]}},{"type":"Feature","properties":{"lineId":"keio-main","sourceLineName":"京王線","sourceOperator":"京王電鉄","source":"MLIT N02 2025"},"geometry":{"type":"LineString","coordinates":[[139.64098,35.66622],[139.64308,35.66613]]}},{"type":"Feature","properties":{"lineId":"keio-main","sourceLineName":"京王線","sourceOperator":"京王電鉄","source":"MLIT N02 2025"},"geometry":{"type":"LineString","coordinates":[[139.69917,35.69047],[139.69925,35.6895]]}},{"type":"Feature","properties":{"lineId":"keio-main","sourceLineName":"京王線","sourceOperator":"京王電鉄","source":"MLIT N02 2025"},"geometry":{"type":"LineString","coordinates":[[139.66789,35.67388],[139.67349,35.67578]]}},{"type":"Feature","properties":{"lineId":"keio-main","sourceLineName":"京王線","sourceOperator":"京王電鉄","source":"MLIT N02 2025"},"geometry":{"type":"LineString","coordinates":[[139.64098,35.66622],[139.63231,35.66751]]}},{"type":"Feature","properties":{"lineId":"keio-main","sourceLineName":"京王線","sourceOperator":"京王電鉄","source":"MLIT N02 2025"},"geometry":{"type":"LineString","coordinates":[[139.69791,35.68815],[139.69407,35.68642],[139.69072,35.68402],[139.68862,35.6817]]}},{"type":"Feature","properties":{"lineId":"keio-main","sourceLineName":"京王線","sourceOperator":"京王電鉄","source":"MLIT N02 2025"},"geometry":{"type":"LineString","coordinates":[[139.61506,35.66999],[139.6139,35.67016]]}},{"type":"Feature","properties":{"lineId":"keio-main","sourceLineName":"京王線","sourceOperator":"京王電鉄","source":"MLIT N02 2025"},"geometry":{"type":"LineString","coordinates":[[139.63231,35.66751],[139.63062,35.66777]]}},{"type":"Feature","properties":{"lineId":"keio-main","sourceLineName":"京王線","sourceOperator":"京王電鉄","source":"MLIT N02 2025"},"geometry":{"type":"LineString","coordinates":[[139.61506,35.66999],[139.62263,35.66897]]}},{"type":"Feature","properties":{"lineId":"keio-main","sourceLineName":"京王線","sourceOperator":"京王電鉄","source":"MLIT N02 2025"},"geometry":{"type":"LineString","coordinates":[[139.64999,35.6682],[139.64308,35.66613]]}},{"type":"Feature","properties":{"lineId":"keio-main","sourceLineName":"京王線","sourceOperator":"京王電鉄","source":"MLIT N02 2025"},"geometry":{"type":"LineString","coordinates":[[139.67723,35.67662],[139.67349,35.67578]]}},{"type":"Feature","properties":{"lineId":"keio-main","sourceLineName":"京王線","sourceOperator":"京王電鉄","source":"MLIT N02 2025"},"geometry":{"type":"LineString","coordinates":[[139.67821,35.6769],[139.67723,35.67662]]}},{"type":"Feature","properties":{"lineId":"keio-main","sourceLineName":"京王線","sourceOperator":"京王電鉄","source":"MLIT N02 2025"},"geometry":{"type":"LineString","coordinates":[[139.66789,35.67388],[139.66646,35.67344]]}},{"type":"Feature","properties":{"lineId":"keio-main","sourceLineName":"京王線","sourceOperator":"京王電鉄","source":"MLIT N02 2025"},"geometry":{"type":"LineString","coordinates":[[139.6242,35.66872],[139.63062,35.66777]]}},{"type":"Feature","properties":{"lineId":"keio-main","sourceLineName":"京王線","sourceOperator":"京王電鉄","source":"MLIT N02 2025"},"geometry":{"type":"LineString","coordinates":[[139.66005,35.67131],[139.65874,35.67084]]}},{"type":"Feature","properties":{"lineId":"keio-main","sourceLineName":"京王線","sourceOperator":"京王電鉄","source":"MLIT N02 2025"},"geometry":{"type":"LineString","coordinates":[[139.65874,35.67084],[139.65112,35.66852]]}},{"type":"Feature","properties":{"lineId":"keio-main","sourceLineName":"京王線","sourceOperator":"京王電鉄","source":"MLIT N02 2025"},"geometry":{"type":"LineString","coordinates":[[139.66646,35.67344],[139.66005,35.67131]]}},{"type":"Feature","properties":{"lineId":"keio-main","sourceLineName":"京王線","sourceOperator":"京王電鉄","source":"MLIT N02 2025"},"geometry":{"type":"LineString","coordinates":[[139.54289,35.65231],[139.54356,35.65211]]}},{"type":"Feature","properties":{"lineId":"keio-main","sourceLineName":"京王線","sourceOperator":"京王電鉄","source":"MLIT N02 2025"},"geometry":{"type":"LineString","coordinates":[[139.54356,35.65211],[139.54591,35.65143]]}},{"type":"Feature","properties":{"lineId":"keio-main","sourceLineName":"京王線","sourceOperator":"京王電鉄","source":"MLIT N02 2025"},"geometry":{"type":"LineString","coordinates":[[139.41503,35.66142],[139.41397,35.66188]]}},{"type":"Feature","properties":{"lineId":"keio-main","sourceLineName":"京王線","sourceOperator":"京王電鉄","source":"MLIT N02 2025"},"geometry":{"type":"LineString","coordinates":[[139.41397,35.66188],[139.41223,35.66267]]}},{"type":"Feature","properties":{"lineId":"keio-main","sourceLineName":"京王線","sourceOperator":"京王電鉄","source":"MLIT N02 2025"},"geometry":{"type":"LineString","coordinates":[[139.45845,35.65966],[139.46363,35.66052],[139.46571,35.66161],[139.4668,35.66296],[139.46816,35.66739]]}},{"type":"Feature","properties":{"lineId":"keio-main","sourceLineName":"京王線","sourceOperator":"京王電鉄","source":"MLIT N02 2025"},"geometry":{"type":"LineString","coordinates":[[139.36507,35.6428],[139.36669,35.64276]]}},{"type":"Feature","properties":{"lineId":"keio-main","sourceLineName":"京王線","sourceOperator":"京王電鉄","source":"MLIT N02 2025"},"geometry":{"type":"LineString","coordinates":[[139.59948,35.66751],[139.60127,35.66816]]}},{"type":"Feature","properties":{"lineId":"keio-main","sourceLineName":"京王線","sourceOperator":"京王電鉄","source":"MLIT N02 2025"},"geometry":{"type":"LineString","coordinates":[[139.51209,35.66396],[139.51683,35.66308],[139.52288,35.66034]]}},{"type":"Feature","properties":{"lineId":"keio-main","sourceLineName":"京王線","sourceOperator":"京王電鉄","source":"MLIT N02 2025"},"geometry":{"type":"LineString","coordinates":[[139.39213,35.65473],[139.39042,35.65327],[139.38057,35.64794]]}},{"type":"Feature","properties":{"lineId":"keio-main","sourceLineName":"京王線","sourceOperator":"京王電鉄","source":"MLIT N02 2025"},"geometry":{"type":"LineString","coordinates":[[139.44616,35.65068],[139.43746,35.6525],[139.43339,35.65657],[139.43193,35.65723]]}},{"type":"Feature","properties":{"lineId":"keio-main","sourceLineName":"京王線","sourceOperator":"京王電鉄","source":"MLIT N02 2025"},"geometry":{"type":"LineString","coordinates":[[139.57434,35.65762],[139.57604,35.65838]]}},{"type":"Feature","properties":{"lineId":"keio-main","sourceLineName":"京王線","sourceOperator":"京王電鉄","source":"MLIT N02 2025"},"geometry":{"type":"LineString","coordinates":[[139.55907,35.65045],[139.56589,35.65365]]}},{"type":"Feature","properties":{"lineId":"keio-main","sourceLineName":"京王線","sourceOperator":"京王電鉄","source":"MLIT N02 2025"},"geometry":{"type":"LineString","coordinates":[[139.5858,35.66257],[139.59948,35.66751]]}},{"type":"Feature","properties":{"lineId":"keio-main","sourceLineName":"京王線","sourceOperator":"京王電鉄","source":"MLIT N02 2025"},"geometry":{"type":"LineString","coordinates":[[139.60755,35.67037],[139.60127,35.66816]]}},{"type":"Feature","properties":{"lineId":"keio-main","sourceLineName":"京王線","sourceOperator":"京王電鉄","source":"MLIT N02 2025"},"geometry":{"type":"LineString","coordinates":[[139.44776,35.65092],[139.44951,35.65202],[139.45207,35.65825],[139.45694,35.65941]]}},{"type":"Feature","properties":{"lineId":"keio-main","sourceLineName":"京王線","sourceOperator":"京王電鉄","source":"MLIT N02 2025"},"geometry":{"type":"LineString","coordinates":[[139.41503,35.66142],[139.43082,35.65752]]}},{"type":"Feature","properties":{"lineId":"keio-main","sourceLineName":"京王線","sourceOperator":"京王電鉄","source":"MLIT N02 2025"},"geometry":{"type":"LineString","coordinates":[[139.56589,35.65365],[139.56736,35.65433]]}},{"type":"Feature","properties":{"lineId":"keio-main","sourceLineName":"京王線","sourceOperator":"京王電鉄","source":"MLIT N02 2025"},"geometry":{"type":"LineString","coordinates":[[139.52444,35.65963],[139.52866,35.65772]]}},{"type":"Feature","properties":{"lineId":"keio-main","sourceLineName":"京王線","sourceOperator":"京王電鉄","source":"MLIT N02 2025"},"geometry":{"type":"LineString","coordinates":[[139.60896,35.67065],[139.60755,35.67037]]}},{"type":"Feature","properties":{"lineId":"keio-main","sourceLineName":"京王線","sourceOperator":"京王電鉄","source":"MLIT N02 2025"},"geometry":{"type":"LineString","coordinates":[[139.41223,35.66267],[139.41006,35.66343],[139.40486,35.66377],[139.39864,35.66054],[139.39302,35.65555]]}},{"type":"Feature","properties":{"lineId":"keio-main","sourceLineName":"京王線","sourceOperator":"京王電鉄","source":"MLIT N02 2025"},"geometry":{"type":"LineString","coordinates":[[139.45694,35.65941],[139.45845,35.65966]]}},{"type":"Feature","properties":{"lineId":"keio-main","sourceLineName":"京王線","sourceOperator":"京王電鉄","source":"MLIT N02 2025"},"geometry":{"type":"LineString","coordinates":[[139.49602,35.66854],[139.49478,35.669]]}},{"type":"Feature","properties":{"lineId":"keio-main","sourceLineName":"京王線","sourceOperator":"京王電鉄","source":"MLIT N02 2025"},"geometry":{"type":"LineString","coordinates":[[139.51052,35.66431],[139.51209,35.66396]]}},{"type":"Feature","properties":{"lineId":"keio-main","sourceLineName":"京王線","sourceOperator":"京王電鉄","source":"MLIT N02 2025"},"geometry":{"type":"LineString","coordinates":[[139.6139,35.67016],[139.60896,35.67065]]}},{"type":"Feature","properties":{"lineId":"keio-main","sourceLineName":"京王線","sourceOperator":"京王電鉄","source":"MLIT N02 2025"},"geometry":{"type":"LineString","coordinates":[[139.37922,35.64668],[139.374,35.64268],[139.36669,35.64276]]}},{"type":"Feature","properties":{"lineId":"keio-main","sourceLineName":"京王線","sourceOperator":"京王電鉄","source":"MLIT N02 2025"},"geometry":{"type":"LineString","coordinates":[[139.43082,35.65752],[139.43193,35.65723]]}},{"type":"Feature","properties":{"lineId":"keio-main","sourceLineName":"京王線","sourceOperator":"京王電鉄","source":"MLIT N02 2025"},"geometry":{"type":"LineString","coordinates":[[139.55108,35.64993],[139.55235,35.64979]]}},{"type":"Feature","properties":{"lineId":"keio-main","sourceLineName":"京王線","sourceOperator":"京王電鉄","source":"MLIT N02 2025"},"geometry":{"type":"LineString","coordinates":[[139.38057,35.64794],[139.37922,35.64668]]}},{"type":"Feature","properties":{"lineId":"keio-main","sourceLineName":"京王線","sourceOperator":"京王電鉄","source":"MLIT N02 2025"},"geometry":{"type":"LineString","coordinates":[[139.50117,35.6667],[139.50307,35.66602]]}},{"type":"Feature","properties":{"lineId":"keio-main","sourceLineName":"京王線","sourceOperator":"京王電鉄","source":"MLIT N02 2025"},"geometry":{"type":"LineString","coordinates":[[139.55779,35.64992],[139.55907,35.65045]]}},{"type":"Feature","properties":{"lineId":"keio-main","sourceLineName":"京王線","sourceOperator":"京王電鉄","source":"MLIT N02 2025"},"geometry":{"type":"LineString","coordinates":[[139.57604,35.65838],[139.58468,35.66218]]}},{"type":"Feature","properties":{"lineId":"keio-main","sourceLineName":"京王線","sourceOperator":"京王電鉄","source":"MLIT N02 2025"},"geometry":{"type":"LineString","coordinates":[[139.54591,35.65143],[139.55108,35.64993]]}},{"type":"Feature","properties":{"lineId":"keio-main","sourceLineName":"京王線","sourceOperator":"京王電鉄","source":"MLIT N02 2025"},"geometry":{"type":"LineString","coordinates":[[139.46816,35.66739],[139.46857,35.66881]]}},{"type":"Feature","properties":{"lineId":"keio-main","sourceLineName":"京王線","sourceOperator":"京王電鉄","source":"MLIT N02 2025"},"geometry":{"type":"LineString","coordinates":[[139.52866,35.65772],[139.53035,35.65692]]}},{"type":"Feature","properties":{"lineId":"keio-main","sourceLineName":"京王線","sourceOperator":"京王電鉄","source":"MLIT N02 2025"},"geometry":{"type":"LineString","coordinates":[[139.47941,35.67234],[139.47516,35.67294],[139.47067,35.67205],[139.46946,35.67111],[139.46857,35.66881]]}},{"type":"Feature","properties":{"lineId":"keio-main","sourceLineName":"京王線","sourceOperator":"京王電鉄","source":"MLIT N02 2025"},"geometry":{"type":"LineString","coordinates":[[139.53035,35.65692],[139.53572,35.65446],[139.54289,35.65231]]}},{"type":"Feature","properties":{"lineId":"keio-main","sourceLineName":"京王線","sourceOperator":"京王電鉄","source":"MLIT N02 2025"},"geometry":{"type":"LineString","coordinates":[[139.50307,35.66602],[139.51052,35.66431]]}},{"type":"Feature","properties":{"lineId":"keio-main","sourceLineName":"京王線","sourceOperator":"京王電鉄","source":"MLIT N02 2025"},"geometry":{"type":"LineString","coordinates":[[139.39302,35.65555],[139.39213,35.65473]]}},{"type":"Feature","properties":{"lineId":"keio-main","sourceLineName":"京王線","sourceOperator":"京王電鉄","source":"MLIT N02 2025"},"geometry":{"type":"LineString","coordinates":[[139.58468,35.66218],[139.5858,35.66257]]}},{"type":"Feature","properties":{"lineId":"keio-main","sourceLineName":"京王線","sourceOperator":"京王電鉄","source":"MLIT N02 2025"},"geometry":{"type":"LineString","coordinates":[[139.44616,35.65068],[139.44776,35.65092]]}},{"type":"Feature","properties":{"lineId":"keio-main","sourceLineName":"京王線","sourceOperator":"京王電鉄","source":"MLIT N02 2025"},"geometry":{"type":"LineString","coordinates":[[139.49602,35.66854],[139.50117,35.6667]]}},{"type":"Feature","properties":{"lineId":"keio-main","sourceLineName":"京王線","sourceOperator":"京王電鉄","source":"MLIT N02 2025"},"geometry":{"type":"LineString","coordinates":[[139.49376,35.66935],[139.48079,35.67204]]}},{"type":"Feature","properties":{"lineId":"keio-main","sourceLineName":"京王線","sourceOperator":"京王電鉄","source":"MLIT N02 2025"},"geometry":{"type":"LineString","coordinates":[[139.49478,35.669],[139.49376,35.66935]]}},{"type":"Feature","properties":{"lineId":"keio-main","sourceLineName":"京王線","sourceOperator":"京王電鉄","source":"MLIT N02 2025"},"geometry":{"type":"LineString","coordinates":[[139.55235,35.64979],[139.55633,35.64953],[139.55779,35.64992]]}},{"type":"Feature","properties":{"lineId":"keio-main","sourceLineName":"京王線","sourceOperator":"京王電鉄","source":"MLIT N02 2025"},"geometry":{"type":"LineString","coordinates":[[139.56736,35.65433],[139.57434,35.65762]]}},{"type":"Feature","properties":{"lineId":"keio-main","sourceLineName":"京王線","sourceOperator":"京王電鉄","source":"MLIT N02 2025"},"geometry":{"type":"LineString","coordinates":[[139.48079,35.67204],[139.47941,35.67234]]}},{"type":"Feature","properties":{"lineId":"keio-main","sourceLineName":"京王線","sourceOperator":"京王電鉄","source":"MLIT N02 2025"},"geometry":{"type":"LineString","coordinates":[[139.52288,35.66034],[139.52444,35.65963]]}},{"type":"Feature","properties":{"lineId":"keio-main","sourceLineName":"京王線","sourceOperator":"京王電鉄","source":"MLIT N02 2025"},"geometry":{"type":"LineString","coordinates":[[139.34246,35.65849],[139.34365,35.65755]]}},{"type":"Feature","properties":{"lineId":"keio-main","sourceLineName":"京王線","sourceOperator":"京王電鉄","source":"MLIT N02 2025"},"geometry":{"type":"LineString","coordinates":[[139.35528,35.64402],[139.3583,35.64301],[139.36507,35.6428]]}},{"type":"Feature","properties":{"lineId":"keio-main","sourceLineName":"京王線","sourceOperator":"京王電鉄","source":"MLIT N02 2025"},"geometry":{"type":"LineString","coordinates":[[139.34365,35.65755],[139.34624,35.65567],[139.34921,35.64771],[139.35131,35.64565]]}},{"type":"Feature","properties":{"lineId":"keio-main","sourceLineName":"京王線","sourceOperator":"京王電鉄","source":"MLIT N02 2025"},"geometry":{"type":"LineString","coordinates":[[139.35131,35.64565],[139.35308,35.64495]]}},{"type":"Feature","properties":{"lineId":"keio-main","sourceLineName":"京王線","sourceOperator":"京王電鉄","source":"MLIT N02 2025"},"geometry":{"type":"LineString","coordinates":[[139.35308,35.64495],[139.35528,35.64402]]}},{"type":"Feature","properties":{"lineId":"keio-main","sourceLineName":"京王線","sourceOperator":"京王電鉄","source":"MLIT N02 2025"},"geometry":{"type":"LineString","coordinates":[[139.69925,35.6895],[139.69931,35.68838],[139.69516,35.68657],[139.68636,35.68036],[139.6794,35.67741],[139.67349,35.67578]]}},{"type":"Feature","properties":{"lineId":"keikyu-main","sourceLineName":"本線","sourceOperator":"京浜急行電鉄","source":"MLIT N02 2025"},"geometry":{"type":"LineString","coordinates":[[139.73543,35.58811],[139.73619,35.59256],[139.73879,35.59817]]}},{"type":"Feature","properties":{"lineId":"keikyu-main","sourceLineName":"本線","sourceOperator":"京浜急行電鉄","source":"MLIT N02 2025"},"geometry":{"type":"LineString","coordinates":[[139.73219,35.57279],[139.73183,35.57221]]}},{"type":"Feature","properties":{"lineId":"keikyu-main","sourceLineName":"本線","sourceOperator":"京浜急行電鉄","source":"MLIT N02 2025"},"geometry":{"type":"LineString","coordinates":[[139.7152,35.55006],[139.71487,35.54949]]}},{"type":"Feature","properties":{"lineId":"keikyu-main","sourceLineName":"本線","sourceOperator":"京浜急行電鉄","source":"MLIT N02 2025"},"geometry":{"type":"LineString","coordinates":[[139.74166,35.61586],[139.74137,35.6173]]}},{"type":"Feature","properties":{"lineId":"keikyu-main","sourceLineName":"本線","sourceOperator":"京浜急行電鉄","source":"MLIT N02 2025"},"geometry":{"type":"LineString","coordinates":[[139.73826,35.62841],[139.7384,35.63483]]}},{"type":"Feature","properties":{"lineId":"keikyu-main","sourceLineName":"本線","sourceOperator":"京浜急行電鉄","source":"MLIT N02 2025"},"geometry":{"type":"LineString","coordinates":[[139.73925,35.62285],[139.73807,35.62689]]}},{"type":"Feature","properties":{"lineId":"keikyu-main","sourceLineName":"本線","sourceOperator":"京浜急行電鉄","source":"MLIT N02 2025"},"geometry":{"type":"LineString","coordinates":[[139.73807,35.62689],[139.73826,35.62841]]}},{"type":"Feature","properties":{"lineId":"keikyu-main","sourceLineName":"本線","sourceOperator":"京浜急行電鉄","source":"MLIT N02 2025"},"geometry":{"type":"LineString","coordinates":[[139.72794,35.5665],[139.72515659,35.56286733]]}},{"type":"Feature","properties":{"lineId":"keikyu-main","sourceLineName":"本線","sourceOperator":"京浜急行電鉄","source":"MLIT N02 2025"},"geometry":{"type":"LineString","coordinates":[[139.73941,35.62205],[139.73925,35.62285]]}},{"type":"Feature","properties":{"lineId":"keikyu-main","sourceLineName":"本線","sourceOperator":"京浜急行電鉄","source":"MLIT N02 2025"},"geometry":{"type":"LineString","coordinates":[[139.71487,35.54949],[139.70781,35.54081]]}},{"type":"Feature","properties":{"lineId":"keikyu-main","sourceLineName":"本線","sourceOperator":"京浜急行電鉄","source":"MLIT N02 2025"},"geometry":{"type":"LineString","coordinates":[[139.74324,35.60864],[139.74303,35.60974]]}},{"type":"Feature","properties":{"lineId":"keikyu-main","sourceLineName":"本線","sourceOperator":"京浜急行電鉄","source":"MLIT N02 2025"},"geometry":{"type":"LineString","coordinates":[[139.73183,35.57221],[139.7284,35.56707]]}},{"type":"Feature","properties":{"lineId":"keikyu-main","sourceLineName":"本線","sourceOperator":"京浜急行電鉄","source":"MLIT N02 2025"},"geometry":{"type":"LineString","coordinates":[[139.72346,35.56054],[139.7152,35.55006]]}},{"type":"Feature","properties":{"lineId":"keikyu-main","sourceLineName":"本線","sourceOperator":"京浜急行電鉄","source":"MLIT N02 2025"},"geometry":{"type":"LineString","coordinates":[[139.73879,35.59817],[139.7391,35.59884]]}},{"type":"Feature","properties":{"lineId":"keikyu-main","sourceLineName":"本線","sourceOperator":"京浜急行電鉄","source":"MLIT N02 2025"},"geometry":{"type":"LineString","coordinates":[[139.73524,35.58705],[139.73519,35.5795]]}},{"type":"Feature","properties":{"lineId":"keikyu-main","sourceLineName":"本線","sourceOperator":"京浜急行電鉄","source":"MLIT N02 2025"},"geometry":{"type":"LineString","coordinates":[[139.74275,35.60545],[139.74353,35.60695],[139.74324,35.60864]]}},{"type":"Feature","properties":{"lineId":"keikyu-main","sourceLineName":"本線","sourceOperator":"京浜急行電鉄","source":"MLIT N02 2025"},"geometry":{"type":"LineString","coordinates":[[139.7284,35.56707],[139.72794,35.5665]]}},{"type":"Feature","properties":{"lineId":"keikyu-main","sourceLineName":"本線","sourceOperator":"京浜急行電鉄","source":"MLIT N02 2025"},"geometry":{"type":"LineString","coordinates":[[139.70781,35.54081],[139.70732,35.54025]]}},{"type":"Feature","properties":{"lineId":"keikyu-main","sourceLineName":"本線","sourceOperator":"京浜急行電鉄","source":"MLIT N02 2025"},"geometry":{"type":"LineString","coordinates":[[139.74137,35.6173],[139.73941,35.62205]]}},{"type":"Feature","properties":{"lineId":"keikyu-main","sourceLineName":"本線","sourceOperator":"京浜急行電鉄","source":"MLIT N02 2025"},"geometry":{"type":"LineString","coordinates":[[139.74303,35.60974],[139.74166,35.61586]]}},{"type":"Feature","properties":{"lineId":"keikyu-main","sourceLineName":"本線","sourceOperator":"京浜急行電鉄","source":"MLIT N02 2025"},"geometry":{"type":"LineString","coordinates":[[139.73519,35.5795],[139.73464,35.5779]]}},{"type":"Feature","properties":{"lineId":"keikyu-main","sourceLineName":"本線","sourceOperator":"京浜急行電鉄","source":"MLIT N02 2025"},"geometry":{"type":"LineString","coordinates":[[139.73524,35.58705],[139.73543,35.58811]]}},{"type":"Feature","properties":{"lineId":"keikyu-main","sourceLineName":"本線","sourceOperator":"京浜急行電鉄","source":"MLIT N02 2025"},"geometry":{"type":"LineString","coordinates":[[139.7391,35.59884],[139.74214,35.60469]]}},{"type":"Feature","properties":{"lineId":"keikyu-main","sourceLineName":"本線","sourceOperator":"京浜急行電鉄","source":"MLIT N02 2025"},"geometry":{"type":"LineString","coordinates":[[139.73464,35.5779],[139.73219,35.57279]]}},{"type":"Feature","properties":{"lineId":"keikyu-main","sourceLineName":"本線","sourceOperator":"京浜急行電鉄","source":"MLIT N02 2025"},"geometry":{"type":"LineString","coordinates":[[139.74214,35.60469],[139.74275,35.60545]]}},{"type":"Feature","properties":{"lineId":"keikyu-main","sourceLineName":"本線","sourceOperator":"京浜急行電鉄","source":"MLIT N02 2025"},"geometry":{"type":"LineString","coordinates":[[139.7384,35.63483],[139.73938,35.63746]]}},{"type":"Feature","properties":{"lineId":"keikyu-main","sourceLineName":"本線","sourceOperator":"京浜急行電鉄","source":"MLIT N02 2025"},"geometry":{"type":"LineString","coordinates":[[139.73938,35.63746],[139.74008,35.6388]]}},{"type":"Feature","properties":{"lineId":"keikyu-main","sourceLineName":"本線","sourceOperator":"京浜急行電鉄","source":"MLIT N02 2025"},"geometry":{"type":"LineString","coordinates":[[139.68635,35.26351],[139.68772,35.26279]]}},{"type":"Feature","properties":{"lineId":"keikyu-main","sourceLineName":"本線","sourceOperator":"京浜急行電鉄","source":"MLIT N02 2025"},"geometry":{"type":"LineString","coordinates":[[139.68772,35.26279],[139.6878,35.26276]]}},{"type":"Feature","properties":{"lineId":"keikyu-main","sourceLineName":"本線","sourceOperator":"京浜急行電鉄","source":"MLIT N02 2025"},"geometry":{"type":"LineString","coordinates":[[139.70132,35.53338],[139.70056,35.53264]]}},{"type":"Feature","properties":{"lineId":"keikyu-main","sourceLineName":"本線","sourceOperator":"京浜急行電鉄","source":"MLIT N02 2025"},"geometry":{"type":"LineString","coordinates":[[139.64238,35.28673],[139.64338,35.2866]]}},{"type":"Feature","properties":{"lineId":"keikyu-main","sourceLineName":"本線","sourceOperator":"京浜急行電鉄","source":"MLIT N02 2025"},"geometry":{"type":"LineString","coordinates":[[139.6946,35.26133],[139.69614,35.26068]]}},{"type":"Feature","properties":{"lineId":"keikyu-main","sourceLineName":"本線","sourceOperator":"京浜急行電鉄","source":"MLIT N02 2025"},"geometry":{"type":"LineString","coordinates":[[139.67611,35.27041],[139.67748,35.26947]]}},{"type":"Feature","properties":{"lineId":"keikyu-main","sourceLineName":"本線","sourceOperator":"京浜急行電鉄","source":"MLIT N02 2025"},"geometry":{"type":"LineString","coordinates":[[139.64435,35.48433],[139.64572,35.48478]]}},{"type":"Feature","properties":{"lineId":"keikyu-main","sourceLineName":"本線","sourceOperator":"京浜急行電鉄","source":"MLIT N02 2025"},"geometry":{"type":"LineString","coordinates":[[139.64572,35.48478],[139.65132,35.48555],[139.65536,35.48703]]}},{"type":"Feature","properties":{"lineId":"keikyu-main","sourceLineName":"本線","sourceOperator":"京浜急行電鉄","source":"MLIT N02 2025"},"geometry":{"type":"LineString","coordinates":[[139.68677,35.51801],[139.68621,35.51717]]}},{"type":"Feature","properties":{"lineId":"keikyu-main","sourceLineName":"本線","sourceOperator":"京浜急行電鉄","source":"MLIT N02 2025"},"geometry":{"type":"LineString","coordinates":[[139.69614,35.26068],[139.70061,35.25913],[139.70699,35.25958]]}},{"type":"Feature","properties":{"lineId":"keikyu-main","sourceLineName":"本線","sourceOperator":"京浜急行電鉄","source":"MLIT N02 2025"},"geometry":{"type":"LineString","coordinates":[[139.715,35.25261],[139.71253,35.25781],[139.71049,35.25921],[139.70884,35.25954]]}},{"type":"Feature","properties":{"lineId":"keikyu-main","sourceLineName":"本線","sourceOperator":"京浜急行電鉄","source":"MLIT N02 2025"},"geometry":{"type":"LineString","coordinates":[[139.67708,35.50604],[139.6732,35.50063]]}},{"type":"Feature","properties":{"lineId":"keikyu-main","sourceLineName":"本線","sourceOperator":"京浜急行電鉄","source":"MLIT N02 2025"},"geometry":{"type":"LineString","coordinates":[[139.66319,35.28034],[139.66937,35.27902]]}},{"type":"Feature","properties":{"lineId":"keikyu-main","sourceLineName":"本線","sourceOperator":"京浜急行電鉄","source":"MLIT N02 2025"},"geometry":{"type":"LineString","coordinates":[[139.64338,35.2866],[139.652,35.28092]]}},{"type":"Feature","properties":{"lineId":"keikyu-main","sourceLineName":"本線","sourceOperator":"京浜急行電鉄","source":"MLIT N02 2025"},"geometry":{"type":"LineString","coordinates":[[139.71502,35.25112],[139.715,35.25261]]}},{"type":"Feature","properties":{"lineId":"keikyu-main","sourceLineName":"本線","sourceOperator":"京浜急行電鉄","source":"MLIT N02 2025"},"geometry":{"type":"LineString","coordinates":[[139.67748,35.26947],[139.68242,35.26671],[139.68635,35.26351]]}},{"type":"Feature","properties":{"lineId":"keikyu-main","sourceLineName":"本線","sourceOperator":"京浜急行電鉄","source":"MLIT N02 2025"},"geometry":{"type":"LineString","coordinates":[[139.70699,35.25958],[139.70884,35.25954]]}},{"type":"Feature","properties":{"lineId":"keikyu-main","sourceLineName":"本線","sourceOperator":"京浜急行電鉄","source":"MLIT N02 2025"},"geometry":{"type":"LineString","coordinates":[[139.67072,35.27837],[139.67397,35.27539],[139.67469,35.27215],[139.67611,35.27041]]}},{"type":"Feature","properties":{"lineId":"keikyu-main","sourceLineName":"本線","sourceOperator":"京浜急行電鉄","source":"MLIT N02 2025"},"geometry":{"type":"LineString","coordinates":[[139.65306,35.28041],[139.66184,35.28029]]}},{"type":"Feature","properties":{"lineId":"keikyu-main","sourceLineName":"本線","sourceOperator":"京浜急行電鉄","source":"MLIT N02 2025"},"geometry":{"type":"LineString","coordinates":[[139.70056,35.53264],[139.69172,35.52331]]}},{"type":"Feature","properties":{"lineId":"keikyu-main","sourceLineName":"本線","sourceOperator":"京浜急行電鉄","source":"MLIT N02 2025"},"geometry":{"type":"LineString","coordinates":[[139.66937,35.27902],[139.67072,35.27837]]}},{"type":"Feature","properties":{"lineId":"keikyu-main","sourceLineName":"本線","sourceOperator":"京浜急行電鉄","source":"MLIT N02 2025"},"geometry":{"type":"LineString","coordinates":[[139.66776,35.49596],[139.67252,35.50002]]}},{"type":"Feature","properties":{"lineId":"keikyu-main","sourceLineName":"本線","sourceOperator":"京浜急行電鉄","source":"MLIT N02 2025"},"geometry":{"type":"LineString","coordinates":[[139.65634,35.48741],[139.66085,35.49012],[139.66691,35.49524]]}},{"type":"Feature","properties":{"lineId":"keikyu-main","sourceLineName":"本線","sourceOperator":"京浜急行電鉄","source":"MLIT N02 2025"},"geometry":{"type":"LineString","coordinates":[[139.67252,35.50002],[139.6732,35.50063]]}},{"type":"Feature","properties":{"lineId":"keikyu-main","sourceLineName":"本線","sourceOperator":"京浜急行電鉄","source":"MLIT N02 2025"},"geometry":{"type":"LineString","coordinates":[[139.66691,35.49524],[139.66776,35.49596]]}},{"type":"Feature","properties":{"lineId":"keikyu-main","sourceLineName":"本線","sourceOperator":"京浜急行電鉄","source":"MLIT N02 2025"},"geometry":{"type":"LineString","coordinates":[[139.68621,35.51717],[139.6825,35.51137],[139.67811,35.50725]]}},{"type":"Feature","properties":{"lineId":"keikyu-main","sourceLineName":"本線","sourceOperator":"京浜急行電鉄","source":"MLIT N02 2025"},"geometry":{"type":"LineString","coordinates":[[139.70732,35.54025],[139.70132,35.53338]]}},{"type":"Feature","properties":{"lineId":"keikyu-main","sourceLineName":"本線","sourceOperator":"京浜急行電鉄","source":"MLIT N02 2025"},"geometry":{"type":"LineString","coordinates":[[139.69172,35.52331],[139.69118,35.52274]]}},{"type":"Feature","properties":{"lineId":"keikyu-main","sourceLineName":"本線","sourceOperator":"京浜急行電鉄","source":"MLIT N02 2025"},"geometry":{"type":"LineString","coordinates":[[139.65536,35.48703],[139.65634,35.48741]]}},{"type":"Feature","properties":{"lineId":"keikyu-main","sourceLineName":"本線","sourceOperator":"京浜急行電鉄","source":"MLIT N02 2025"},"geometry":{"type":"LineString","coordinates":[[139.652,35.28092],[139.65306,35.28041]]}},{"type":"Feature","properties":{"lineId":"keikyu-main","sourceLineName":"本線","sourceOperator":"京浜急行電鉄","source":"MLIT N02 2025"},"geometry":{"type":"LineString","coordinates":[[139.66184,35.28029],[139.66319,35.28034]]}},{"type":"Feature","properties":{"lineId":"keikyu-main","sourceLineName":"本線","sourceOperator":"京浜急行電鉄","source":"MLIT N02 2025"},"geometry":{"type":"LineString","coordinates":[[139.6878,35.26276],[139.6946,35.26133]]}},{"type":"Feature","properties":{"lineId":"keikyu-main","sourceLineName":"本線","sourceOperator":"京浜急行電鉄","source":"MLIT N02 2025"},"geometry":{"type":"LineString","coordinates":[[139.69118,35.52274],[139.68677,35.51801]]}},{"type":"Feature","properties":{"lineId":"keikyu-main","sourceLineName":"本線","sourceOperator":"京浜急行電鉄","source":"MLIT N02 2025"},"geometry":{"type":"LineString","coordinates":[[139.67811,35.50725],[139.67708,35.50604]]}},{"type":"Feature","properties":{"lineId":"keikyu-main","sourceLineName":"本線","sourceOperator":"京浜急行電鉄","source":"MLIT N02 2025"},"geometry":{"type":"LineString","coordinates":[[139.62014,35.33047],[139.62011,35.33179]]}},{"type":"Feature","properties":{"lineId":"keikyu-main","sourceLineName":"本線","sourceOperator":"京浜急行電鉄","source":"MLIT N02 2025"},"geometry":{"type":"LineString","coordinates":[[139.61978,35.32749],[139.62014,35.33047]]}},{"type":"Feature","properties":{"lineId":"keikyu-main","sourceLineName":"本線","sourceOperator":"京浜急行電鉄","source":"MLIT N02 2025"},"geometry":{"type":"LineString","coordinates":[[139.59703,35.42371],[139.59781,35.42058],[139.59662,35.41431],[139.59658,35.41026]]}},{"type":"Feature","properties":{"lineId":"keikyu-main","sourceLineName":"本線","sourceOperator":"京浜急行電鉄","source":"MLIT N02 2025"},"geometry":{"type":"LineString","coordinates":[[139.62165,35.34277],[139.62017,35.33731],[139.62011,35.33179]]}},{"type":"Feature","properties":{"lineId":"keikyu-main","sourceLineName":"本線","sourceOperator":"京浜急行電鉄","source":"MLIT N02 2025"},"geometry":{"type":"LineString","coordinates":[[139.62652,35.44591],[139.62685,35.44522]]}},{"type":"Feature","properties":{"lineId":"keikyu-main","sourceLineName":"本線","sourceOperator":"京浜急行電鉄","source":"MLIT N02 2025"},"geometry":{"type":"LineString","coordinates":[[139.59987,35.43373],[139.59749,35.43303],[139.59605,35.43125],[139.5961,35.42731],[139.59679,35.42449]]}},{"type":"Feature","properties":{"lineId":"keikyu-main","sourceLineName":"本線","sourceOperator":"京浜急行電鉄","source":"MLIT N02 2025"},"geometry":{"type":"LineString","coordinates":[[139.63956,35.48104],[139.64078,35.48199]]}},{"type":"Feature","properties":{"lineId":"keikyu-main","sourceLineName":"本線","sourceOperator":"京浜急行電鉄","source":"MLIT N02 2025"},"geometry":{"type":"LineString","coordinates":[[139.62482,35.30146],[139.62557,35.30059]]}},{"type":"Feature","properties":{"lineId":"keikyu-main","sourceLineName":"本線","sourceOperator":"京浜急行電鉄","source":"MLIT N02 2025"},"geometry":{"type":"LineString","coordinates":[[139.62983,35.36619],[139.62969,35.36723]]}},{"type":"Feature","properties":{"lineId":"keikyu-main","sourceLineName":"本線","sourceOperator":"京浜急行電鉄","source":"MLIT N02 2025"},"geometry":{"type":"LineString","coordinates":[[139.62557,35.30059],[139.62647,35.2988],[139.62744,35.29336],[139.62932,35.29063],[139.63495,35.28676],[139.63863,35.28621],[139.64238,35.28673]]}},{"type":"Feature","properties":{"lineId":"keikyu-main","sourceLineName":"本線","sourceOperator":"京浜急行電鉄","source":"MLIT N02 2025"},"geometry":{"type":"LineString","coordinates":[[139.62237,35.46528],[139.62388,35.46722]]}},{"type":"Feature","properties":{"lineId":"keikyu-main","sourceLineName":"本線","sourceOperator":"京浜急行電鉄","source":"MLIT N02 2025"},"geometry":{"type":"LineString","coordinates":[[139.64078,35.48199],[139.64435,35.48433]]}},{"type":"Feature","properties":{"lineId":"keikyu-main","sourceLineName":"本線","sourceOperator":"京浜急行電鉄","source":"MLIT N02 2025"},"geometry":{"type":"LineString","coordinates":[[139.60997,35.39458],[139.61091,35.39368]]}},{"type":"Feature","properties":{"lineId":"keikyu-main","sourceLineName":"本線","sourceOperator":"京浜急行電鉄","source":"MLIT N02 2025"},"geometry":{"type":"LineString","coordinates":[[139.62764,35.47151],[139.63444,35.47718]]}},{"type":"Feature","properties":{"lineId":"keikyu-main","sourceLineName":"本線","sourceOperator":"京浜急行電鉄","source":"MLIT N02 2025"},"geometry":{"type":"LineString","coordinates":[[139.61976,35.45619],[139.62179,35.45063],[139.62652,35.44591]]}},{"type":"Feature","properties":{"lineId":"keikyu-main","sourceLineName":"本線","sourceOperator":"京浜急行電鉄","source":"MLIT N02 2025"},"geometry":{"type":"LineString","coordinates":[[139.63444,35.47718],[139.63541,35.47793]]}},{"type":"Feature","properties":{"lineId":"keikyu-main","sourceLineName":"本線","sourceOperator":"京浜急行電鉄","source":"MLIT N02 2025"},"geometry":{"type":"LineString","coordinates":[[139.613,35.43679],[139.60118,35.43402]]}},{"type":"Feature","properties":{"lineId":"keikyu-main","sourceLineName":"本線","sourceOperator":"京浜急行電鉄","source":"MLIT N02 2025"},"geometry":{"type":"LineString","coordinates":[[139.60118,35.43402],[139.59987,35.43373]]}},{"type":"Feature","properties":{"lineId":"keikyu-main","sourceLineName":"本線","sourceOperator":"京浜急行電鉄","source":"MLIT N02 2025"},"geometry":{"type":"LineString","coordinates":[[139.61976,35.45619],[139.61936,35.45713]]}},{"type":"Feature","properties":{"lineId":"keikyu-main","sourceLineName":"本線","sourceOperator":"京浜急行電鉄","source":"MLIT N02 2025"},"geometry":{"type":"LineString","coordinates":[[139.62315,35.4399],[139.62197,35.43951]]}},{"type":"Feature","properties":{"lineId":"keikyu-main","sourceLineName":"本線","sourceOperator":"京浜急行電鉄","source":"MLIT N02 2025"},"geometry":{"type":"LineString","coordinates":[[139.62891,35.35988],[139.62793,35.35764],[139.62799,35.354],[139.62749,35.35225],[139.62485,35.34943],[139.62233,35.34547],[139.62189,35.34372]]}},{"type":"Feature","properties":{"lineId":"keikyu-main","sourceLineName":"本線","sourceOperator":"京浜急行電鉄","source":"MLIT N02 2025"},"geometry":{"type":"LineString","coordinates":[[139.62719,35.47099],[139.62764,35.47151]]}},{"type":"Feature","properties":{"lineId":"keikyu-main","sourceLineName":"本線","sourceOperator":"京浜急行電鉄","source":"MLIT N02 2025"},"geometry":{"type":"LineString","coordinates":[[139.63541,35.47793],[139.63956,35.48104]]}},{"type":"Feature","properties":{"lineId":"keikyu-main","sourceLineName":"本線","sourceOperator":"京浜急行電鉄","source":"MLIT N02 2025"},"geometry":{"type":"LineString","coordinates":[[139.62197,35.43951],[139.61427,35.43699]]}},{"type":"Feature","properties":{"lineId":"keikyu-main","sourceLineName":"本線","sourceOperator":"京浜急行電鉄","source":"MLIT N02 2025"},"geometry":{"type":"LineString","coordinates":[[139.59664,35.40843],[139.59713,35.4051],[139.59909,35.4016],[139.60337,35.39738],[139.60811,35.39607],[139.60997,35.39458]]}},{"type":"Feature","properties":{"lineId":"keikyu-main","sourceLineName":"本線","sourceOperator":"京浜急行電鉄","source":"MLIT N02 2025"},"geometry":{"type":"LineString","coordinates":[[139.62189,35.34372],[139.62165,35.34277]]}},{"type":"Feature","properties":{"lineId":"keikyu-main","sourceLineName":"本線","sourceOperator":"京浜急行電鉄","source":"MLIT N02 2025"},"geometry":{"type":"LineString","coordinates":[[139.61978,35.32749],[139.61882,35.32389],[139.61922,35.32221],[139.62123,35.31905],[139.62459,35.31632]]}},{"type":"Feature","properties":{"lineId":"keikyu-main","sourceLineName":"本線","sourceOperator":"京浜急行電鉄","source":"MLIT N02 2025"},"geometry":{"type":"LineString","coordinates":[[139.59658,35.41026],[139.59664,35.40843]]}},{"type":"Feature","properties":{"lineId":"keikyu-main","sourceLineName":"本線","sourceOperator":"京浜急行電鉄","source":"MLIT N02 2025"},"geometry":{"type":"LineString","coordinates":[[139.61581,35.38354],[139.61946,35.37706],[139.624,35.3743],[139.62645,35.37367],[139.62859,35.37194],[139.62969,35.36723]]}},{"type":"Feature","properties":{"lineId":"keikyu-main","sourceLineName":"本線","sourceOperator":"京浜急行電鉄","source":"MLIT N02 2025"},"geometry":{"type":"LineString","coordinates":[[139.62947,35.36119],[139.62891,35.35988]]}},{"type":"Feature","properties":{"lineId":"keikyu-main","sourceLineName":"本線","sourceOperator":"京浜急行電鉄","source":"MLIT N02 2025"},"geometry":{"type":"LineString","coordinates":[[139.62947,35.36119],[139.62983,35.36619]]}},{"type":"Feature","properties":{"lineId":"keikyu-main","sourceLineName":"本線","sourceOperator":"京浜急行電鉄","source":"MLIT N02 2025"},"geometry":{"type":"LineString","coordinates":[[139.59679,35.42449],[139.59703,35.42371]]}},{"type":"Feature","properties":{"lineId":"keikyu-main","sourceLineName":"本線","sourceOperator":"京浜急行電鉄","source":"MLIT N02 2025"},"geometry":{"type":"LineString","coordinates":[[139.62459,35.31632],[139.6251,35.31493]]}},{"type":"Feature","properties":{"lineId":"keikyu-main","sourceLineName":"本線","sourceOperator":"京浜急行電鉄","source":"MLIT N02 2025"},"geometry":{"type":"LineString","coordinates":[[139.62685,35.44522],[139.62687,35.44389],[139.62541,35.44148],[139.62315,35.4399]]}},{"type":"Feature","properties":{"lineId":"keikyu-main","sourceLineName":"本線","sourceOperator":"京浜急行電鉄","source":"MLIT N02 2025"},"geometry":{"type":"LineString","coordinates":[[139.61936,35.45713],[139.61861,35.45912],[139.62179,35.4628],[139.62237,35.46528]]}},{"type":"Feature","properties":{"lineId":"keikyu-main","sourceLineName":"本線","sourceOperator":"京浜急行電鉄","source":"MLIT N02 2025"},"geometry":{"type":"LineString","coordinates":[[139.6251,35.31493],[139.62393,35.31069],[139.62351,35.30438],[139.62482,35.30146]]}},{"type":"Feature","properties":{"lineId":"keikyu-main","sourceLineName":"本線","sourceOperator":"京浜急行電鉄","source":"MLIT N02 2025"},"geometry":{"type":"LineString","coordinates":[[139.61091,35.39368],[139.61275,35.3913],[139.61541,35.38427]]}},{"type":"Feature","properties":{"lineId":"keikyu-main","sourceLineName":"本線","sourceOperator":"京浜急行電鉄","source":"MLIT N02 2025"},"geometry":{"type":"LineString","coordinates":[[139.62388,35.46722],[139.62719,35.47099]]}},{"type":"Feature","properties":{"lineId":"keikyu-main","sourceLineName":"本線","sourceOperator":"京浜急行電鉄","source":"MLIT N02 2025"},"geometry":{"type":"LineString","coordinates":[[139.61427,35.43699],[139.613,35.43679]]}},{"type":"Feature","properties":{"lineId":"keikyu-main","sourceLineName":"本線","sourceOperator":"京浜急行電鉄","source":"MLIT N02 2025"},"geometry":{"type":"LineString","coordinates":[[139.61541,35.38427],[139.61581,35.38354]]}},{"type":"Feature","properties":{"lineId":"tsukuba-express","sourceLineName":"常磐新線","sourceOperator":"首都圏新都市鉄道","source":"MLIT N02 2025"},"geometry":{"type":"LineString","coordinates":[[140.08155,36.0822],[140.08301,36.08213]]}},{"type":"Feature","properties":{"lineId":"tsukuba-express","sourceLineName":"常磐新線","sourceOperator":"首都圏新都市鉄道","source":"MLIT N02 2025"},"geometry":{"type":"LineString","coordinates":[[140.10956,36.08197],[140.10482,36.07993],[140.1004,36.07936],[140.0903,36.08156],[140.08301,36.08213]]}},{"type":"Feature","properties":{"lineId":"tsukuba-express","sourceLineName":"常磐新線","sourceOperator":"首都圏新都市鉄道","source":"MLIT N02 2025"},"geometry":{"type":"LineString","coordinates":[[140.03801,35.9938],[140.03868,35.99501]]}},{"type":"Feature","properties":{"lineId":"tsukuba-express","sourceLineName":"常磐新線","sourceOperator":"首都圏新都市鉄道","source":"MLIT N02 2025"},"geometry":{"type":"LineString","coordinates":[[140.03868,35.99501],[140.05328,36.0211],[140.05608,36.02935]]}},{"type":"Feature","properties":{"lineId":"tsukuba-express","sourceLineName":"常磐新線","sourceOperator":"首都圏新都市鉄道","source":"MLIT N02 2025"},"geometry":{"type":"LineString","coordinates":[[140.10956,36.08197],[140.11153,36.08288]]}},{"type":"Feature","properties":{"lineId":"tsukuba-express","sourceLineName":"常磐新線","sourceOperator":"首都圏新都市鉄道","source":"MLIT N02 2025"},"geometry":{"type":"LineString","coordinates":[[140.05608,36.02935],[140.05633,36.03049]]}},{"type":"Feature","properties":{"lineId":"tsukuba-express","sourceLineName":"常磐新線","sourceOperator":"首都圏新都市鉄道","source":"MLIT N02 2025"},"geometry":{"type":"LineString","coordinates":[[140.08155,36.0822],[140.07375,36.08169],[140.07101,36.0806],[140.0683,36.07869],[140.06639,36.07634],[140.06063,36.06589],[140.05936,36.06157],[140.05933,36.05899]]}},{"type":"Feature","properties":{"lineId":"tsukuba-express","sourceLineName":"常磐新線","sourceOperator":"首都圏新都市鉄道","source":"MLIT N02 2025"},"geometry":{"type":"LineString","coordinates":[[140.05942,36.05781],[140.06035,36.04699],[140.05633,36.03049]]}},{"type":"Feature","properties":{"lineId":"tsukuba-express","sourceLineName":"常磐新線","sourceOperator":"首都圏新都市鉄道","source":"MLIT N02 2025"},"geometry":{"type":"LineString","coordinates":[[140.05942,36.05781],[140.05933,36.05899]]}},{"type":"Feature","properties":{"lineId":"tsukuba-express","sourceLineName":"常磐新線","sourceOperator":"首都圏新都市鉄道","source":"MLIT N02 2025"},"geometry":{"type":"LineString","coordinates":[[139.99266,35.9503],[140.0004,35.95426],[140.00176,35.95578],[140.00739,35.9658],[140.032,35.98506],[140.03451,35.98776],[140.03801,35.9938]]}},{"type":"Feature","properties":{"lineId":"tsukuba-express","sourceLineName":"常磐新線","sourceOperator":"首都圏新都市鉄道","source":"MLIT N02 2025"},"geometry":{"type":"LineString","coordinates":[[139.99136,35.94973],[139.99266,35.9503]]}},{"type":"Feature","properties":{"lineId":"tsukuba-express","sourceLineName":"常磐新線","sourceOperator":"首都圏新都市鉄道","source":"MLIT N02 2025"},"geometry":{"type":"LineString","coordinates":[[139.95734,35.91027],[139.95769,35.91145]]}},{"type":"Feature","properties":{"lineId":"tsukuba-express","sourceLineName":"常磐新線","sourceOperator":"首都圏新都市鉄道","source":"MLIT N02 2025"},"geometry":{"type":"LineString","coordinates":[[139.95769,35.91145],[139.96077,35.92225],[139.97377,35.94299],[139.97776,35.94581],[139.98445,35.94705],[139.99136,35.94973]]}},{"type":"Feature","properties":{"lineId":"tsukuba-express","sourceLineName":"常磐新線","sourceOperator":"首都圏新都市鉄道","source":"MLIT N02 2025"},"geometry":{"type":"LineString","coordinates":[[139.78118,35.70699],[139.7835,35.70677]]}},{"type":"Feature","properties":{"lineId":"tsukuba-express","sourceLineName":"常磐新線","sourceOperator":"首都圏新都市鉄道","source":"MLIT N02 2025"},"geometry":{"type":"LineString","coordinates":[[139.84529,35.80816],[139.85111,35.81236],[139.85938,35.81713],[139.87301,35.82059],[139.8755,35.82167],[139.87804,35.82396]]}},{"type":"Feature","properties":{"lineId":"tsukuba-express","sourceLineName":"常磐新線","sourceOperator":"首都圏新都市鉄道","source":"MLIT N02 2025"},"geometry":{"type":"LineString","coordinates":[[139.91529,35.85519],[139.91507,35.85399]]}},{"type":"Feature","properties":{"lineId":"tsukuba-express","sourceLineName":"常磐新線","sourceOperator":"首都圏新都市鉄道","source":"MLIT N02 2025"},"geometry":{"type":"LineString","coordinates":[[139.92543,35.8722],[139.9342,35.88001],[139.94911,35.88755],[139.95108,35.88971],[139.95238,35.89276]]}},{"type":"Feature","properties":{"lineId":"tsukuba-express","sourceLineName":"常磐新線","sourceOperator":"首都圏新都市鉄道","source":"MLIT N02 2025"},"geometry":{"type":"LineString","coordinates":[[139.79261,35.71478],[139.79269,35.71858],[139.79123,35.7213],[139.79106,35.72796],[139.79239,35.7297],[139.797,35.7312],[139.79844,35.73233]]}},{"type":"Feature","properties":{"lineId":"tsukuba-express","sourceLineName":"常磐新線","sourceOperator":"首都圏新都市鉄道","source":"MLIT N02 2025"},"geometry":{"type":"LineString","coordinates":[[139.79844,35.73233],[139.79946,35.73364]]}},{"type":"Feature","properties":{"lineId":"tsukuba-express","sourceLineName":"常磐新線","sourceOperator":"首都圏新都市鉄道","source":"MLIT N02 2025"},"geometry":{"type":"LineString","coordinates":[[139.77395,35.6976],[139.77455,35.70054]]}},{"type":"Feature","properties":{"lineId":"tsukuba-express","sourceLineName":"常磐新線","sourceOperator":"首都圏新都市鉄道","source":"MLIT N02 2025"},"geometry":{"type":"LineString","coordinates":[[139.90212,35.83801],[139.8946,35.83254],[139.88329,35.83013],[139.88058,35.828],[139.8787,35.82501]]}},{"type":"Feature","properties":{"lineId":"tsukuba-express","sourceLineName":"常磐新線","sourceOperator":"首都圏新都市鉄道","source":"MLIT N02 2025"},"geometry":{"type":"LineString","coordinates":[[139.82028,35.77281],[139.82171,35.78394]]}},{"type":"Feature","properties":{"lineId":"tsukuba-express","sourceLineName":"常磐新線","sourceOperator":"首都圏新都市鉄道","source":"MLIT N02 2025"},"geometry":{"type":"LineString","coordinates":[[139.82021,35.77119],[139.82021,35.77122]]}},{"type":"Feature","properties":{"lineId":"tsukuba-express","sourceLineName":"常磐新線","sourceOperator":"首都圏新都市鉄道","source":"MLIT N02 2025"},"geometry":{"type":"LineString","coordinates":[[139.80554,35.75104],[139.80659,35.75413],[139.81071,35.75905],[139.81539,35.76124],[139.81695,35.76275],[139.81977,35.76874],[139.82021,35.77119]]}},{"type":"Feature","properties":{"lineId":"tsukuba-express","sourceLineName":"常磐新線","sourceOperator":"首都圏新都市鉄道","source":"MLIT N02 2025"},"geometry":{"type":"LineString","coordinates":[[139.82021,35.77119],[139.82028,35.77281]]}},{"type":"Feature","properties":{"lineId":"tsukuba-express","sourceLineName":"常磐新線","sourceOperator":"首都圏新都市鉄道","source":"MLIT N02 2025"},"geometry":{"type":"LineString","coordinates":[[139.7835,35.70677],[139.79005,35.70669],[139.79077,35.70747],[139.7923,35.71308]]}},{"type":"Feature","properties":{"lineId":"tsukuba-express","sourceLineName":"常磐新線","sourceOperator":"首都圏新都市鉄道","source":"MLIT N02 2025"},"geometry":{"type":"LineString","coordinates":[[139.92448,35.87131],[139.9179,35.86473],[139.91603,35.86015],[139.91529,35.85519]]}},{"type":"Feature","properties":{"lineId":"tsukuba-express","sourceLineName":"常磐新線","sourceOperator":"首都圏新都市鉄道","source":"MLIT N02 2025"},"geometry":{"type":"LineString","coordinates":[[139.90347,35.83885],[139.90212,35.83801]]}},{"type":"Feature","properties":{"lineId":"tsukuba-express","sourceLineName":"常磐新線","sourceOperator":"首都圏新都市鉄道","source":"MLIT N02 2025"},"geometry":{"type":"LineString","coordinates":[[139.95267,35.89387],[139.95734,35.91027]]}},{"type":"Feature","properties":{"lineId":"tsukuba-express","sourceLineName":"常磐新線","sourceOperator":"首都圏新都市鉄道","source":"MLIT N02 2025"},"geometry":{"type":"LineString","coordinates":[[139.77455,35.70054],[139.77449,35.70267],[139.77548,35.70701],[139.77665,35.70751],[139.78118,35.70699]]}},{"type":"Feature","properties":{"lineId":"tsukuba-express","sourceLineName":"常磐新線","sourceOperator":"首都圏新都市鉄道","source":"MLIT N02 2025"},"geometry":{"type":"LineString","coordinates":[[139.84418,35.80737],[139.84529,35.80816]]}},{"type":"Feature","properties":{"lineId":"tsukuba-express","sourceLineName":"常磐新線","sourceOperator":"首都圏新都市鉄道","source":"MLIT N02 2025"},"geometry":{"type":"LineString","coordinates":[[139.92448,35.87131],[139.92543,35.8722]]}},{"type":"Feature","properties":{"lineId":"tsukuba-express","sourceLineName":"常磐新線","sourceOperator":"首都圏新都市鉄道","source":"MLIT N02 2025"},"geometry":{"type":"LineString","coordinates":[[139.84418,35.80737],[139.83865,35.80358],[139.83236,35.80031],[139.82694,35.79898],[139.82549,35.79808],[139.82209,35.79382],[139.8219,35.78562]]}},{"type":"Feature","properties":{"lineId":"tsukuba-express","sourceLineName":"常磐新線","sourceOperator":"首都圏新都市鉄道","source":"MLIT N02 2025"},"geometry":{"type":"LineString","coordinates":[[139.79261,35.71478],[139.7923,35.71308]]}},{"type":"Feature","properties":{"lineId":"tsukuba-express","sourceLineName":"常磐新線","sourceOperator":"首都圏新都市鉄道","source":"MLIT N02 2025"},"geometry":{"type":"LineString","coordinates":[[139.79946,35.73364],[139.80481,35.74869]]}},{"type":"Feature","properties":{"lineId":"tsukuba-express","sourceLineName":"常磐新線","sourceOperator":"首都圏新都市鉄道","source":"MLIT N02 2025"},"geometry":{"type":"LineString","coordinates":[[139.91507,35.85399],[139.91321,35.84938],[139.90849,35.84522],[139.90623,35.84057],[139.90347,35.83885]]}},{"type":"Feature","properties":{"lineId":"tsukuba-express","sourceLineName":"常磐新線","sourceOperator":"首都圏新都市鉄道","source":"MLIT N02 2025"},"geometry":{"type":"LineString","coordinates":[[139.82171,35.78394],[139.8219,35.78562]]}},{"type":"Feature","properties":{"lineId":"tsukuba-express","sourceLineName":"常磐新線","sourceOperator":"首都圏新都市鉄道","source":"MLIT N02 2025"},"geometry":{"type":"LineString","coordinates":[[139.87804,35.82396],[139.8787,35.82501]]}},{"type":"Feature","properties":{"lineId":"tsukuba-express","sourceLineName":"常磐新線","sourceOperator":"首都圏新都市鉄道","source":"MLIT N02 2025"},"geometry":{"type":"LineString","coordinates":[[139.80481,35.74869],[139.80554,35.75104]]}},{"type":"Feature","properties":{"lineId":"tsukuba-express","sourceLineName":"常磐新線","sourceOperator":"首都圏新都市鉄道","source":"MLIT N02 2025"},"geometry":{"type":"LineString","coordinates":[[139.95238,35.89276],[139.95267,35.89387]]}},{"type":"Feature","properties":{"lineId":"odakyu-odawara","sourceLineName":"小田原線","sourceOperator":"小田急電鉄","source":"MLIT N02 2025"},"geometry":{"type":"LineString","coordinates":[[139.69817,35.68316],[139.69913,35.68395]]}},{"type":"Feature","properties":{"lineId":"odakyu-odawara","sourceLineName":"小田原線","sourceOperator":"小田急電鉄","source":"MLIT N02 2025"},"geometry":{"type":"LineString","coordinates":[[139.69964,35.69047],[139.70086,35.686],[139.69913,35.68395]]}},{"type":"Feature","properties":{"lineId":"odakyu-odawara","sourceLineName":"小田原線","sourceOperator":"小田急電鉄","source":"MLIT N02 2025"},"geometry":{"type":"LineString","coordinates":[[139.66667,35.66095],[139.66802,35.66194]]}},{"type":"Feature","properties":{"lineId":"odakyu-odawara","sourceLineName":"小田原線","sourceOperator":"小田急電鉄","source":"MLIT N02 2025"},"geometry":{"type":"LineString","coordinates":[[139.69388,35.67908],[139.69817,35.68316]]}},{"type":"Feature","properties":{"lineId":"odakyu-odawara","sourceLineName":"小田原線","sourceOperator":"小田急電鉄","source":"MLIT N02 2025"},"geometry":{"type":"LineString","coordinates":[[139.68843,35.66945],[139.68964,35.67007]]}},{"type":"Feature","properties":{"lineId":"odakyu-odawara","sourceLineName":"小田原線","sourceOperator":"小田急電鉄","source":"MLIT N02 2025"},"geometry":{"type":"LineString","coordinates":[[139.67354,35.6658],[139.67877,35.66849]]}},{"type":"Feature","properties":{"lineId":"odakyu-odawara","sourceLineName":"小田原線","sourceOperator":"小田急電鉄","source":"MLIT N02 2025"},"geometry":{"type":"LineString","coordinates":[[139.69329,35.67813],[139.69388,35.67908]]}},{"type":"Feature","properties":{"lineId":"odakyu-odawara","sourceLineName":"小田原線","sourceOperator":"小田急電鉄","source":"MLIT N02 2025"},"geometry":{"type":"LineString","coordinates":[[139.68843,35.66945],[139.68606,35.6697]]}},{"type":"Feature","properties":{"lineId":"odakyu-odawara","sourceLineName":"小田原線","sourceOperator":"小田急電鉄","source":"MLIT N02 2025"},"geometry":{"type":"LineString","coordinates":[[139.68964,35.67007],[139.69329,35.67813]]}},{"type":"Feature","properties":{"lineId":"odakyu-odawara","sourceLineName":"小田原線","sourceOperator":"小田急電鉄","source":"MLIT N02 2025"},"geometry":{"type":"LineString","coordinates":[[139.69971,35.69189],[139.69964,35.69047]]}},{"type":"Feature","properties":{"lineId":"odakyu-odawara","sourceLineName":"小田原線","sourceOperator":"小田急電鉄","source":"MLIT N02 2025"},"geometry":{"type":"LineString","coordinates":[[139.66802,35.66194],[139.67254,35.66508]]}},{"type":"Feature","properties":{"lineId":"odakyu-odawara","sourceLineName":"小田原線","sourceOperator":"小田急電鉄","source":"MLIT N02 2025"},"geometry":{"type":"LineString","coordinates":[[139.67254,35.66508],[139.67354,35.6658]]}},{"type":"Feature","properties":{"lineId":"odakyu-odawara","sourceLineName":"小田原線","sourceOperator":"小田急電鉄","source":"MLIT N02 2025"},"geometry":{"type":"LineString","coordinates":[[139.681,35.66954],[139.68332,35.67021],[139.68606,35.6697]]}},{"type":"Feature","properties":{"lineId":"odakyu-odawara","sourceLineName":"小田原線","sourceOperator":"小田急電鉄","source":"MLIT N02 2025"},"geometry":{"type":"LineString","coordinates":[[139.67877,35.66849],[139.681,35.66954]]}},{"type":"Feature","properties":{"lineId":"odakyu-odawara","sourceLineName":"小田原線","sourceOperator":"小田急電鉄","source":"MLIT N02 2025"},"geometry":{"type":"LineString","coordinates":[[139.63778,35.65151],[139.63557,35.65087]]}},{"type":"Feature","properties":{"lineId":"odakyu-odawara","sourceLineName":"小田原線","sourceOperator":"小田急電鉄","source":"MLIT N02 2025"},"geometry":{"type":"LineString","coordinates":[[139.65434,35.65624],[139.66076,35.65814]]}},{"type":"Feature","properties":{"lineId":"odakyu-odawara","sourceLineName":"小田原線","sourceOperator":"小田急電鉄","source":"MLIT N02 2025"},"geometry":{"type":"LineString","coordinates":[[139.66076,35.65814],[139.66244,35.65857]]}},{"type":"Feature","properties":{"lineId":"odakyu-odawara","sourceLineName":"小田原線","sourceOperator":"小田急電鉄","source":"MLIT N02 2025"},"geometry":{"type":"LineString","coordinates":[[139.6481,35.65411],[139.65276,35.6558]]}},{"type":"Feature","properties":{"lineId":"odakyu-odawara","sourceLineName":"小田原線","sourceOperator":"小田急電鉄","source":"MLIT N02 2025"},"geometry":{"type":"LineString","coordinates":[[139.65434,35.65624],[139.65276,35.6558]]}},{"type":"Feature","properties":{"lineId":"odakyu-odawara","sourceLineName":"小田原線","sourceOperator":"小田急電鉄","source":"MLIT N02 2025"},"geometry":{"type":"LineString","coordinates":[[139.63557,35.65087],[139.62533,35.64791]]}},{"type":"Feature","properties":{"lineId":"odakyu-odawara","sourceLineName":"小田原線","sourceOperator":"小田急電鉄","source":"MLIT N02 2025"},"geometry":{"type":"LineString","coordinates":[[139.66244,35.65857],[139.66667,35.66095]]}},{"type":"Feature","properties":{"lineId":"odakyu-odawara","sourceLineName":"小田原線","sourceOperator":"小田急電鉄","source":"MLIT N02 2025"},"geometry":{"type":"LineString","coordinates":[[139.62533,35.64791],[139.62373,35.64744]]}},{"type":"Feature","properties":{"lineId":"odakyu-odawara","sourceLineName":"小田原線","sourceOperator":"小田急電鉄","source":"MLIT N02 2025"},"geometry":{"type":"LineString","coordinates":[[139.6481,35.65411],[139.64607,35.65344]]}},{"type":"Feature","properties":{"lineId":"odakyu-odawara","sourceLineName":"小田原線","sourceOperator":"小田急電鉄","source":"MLIT N02 2025"},"geometry":{"type":"LineString","coordinates":[[139.63778,35.65151],[139.64607,35.65344]]}},{"type":"Feature","properties":{"lineId":"odakyu-odawara","sourceLineName":"小田原線","sourceOperator":"小田急電鉄","source":"MLIT N02 2025"},"geometry":{"type":"LineString","coordinates":[[139.51514,35.60866],[139.51702,35.60939]]}},{"type":"Feature","properties":{"lineId":"odakyu-odawara","sourceLineName":"小田原線","sourceOperator":"小田急電鉄","source":"MLIT N02 2025"},"geometry":{"type":"LineString","coordinates":[[139.57331,35.6268],[139.57413,35.62803]]}},{"type":"Feature","properties":{"lineId":"odakyu-odawara","sourceLineName":"小田原線","sourceOperator":"小田急電鉄","source":"MLIT N02 2025"},"geometry":{"type":"LineString","coordinates":[[139.56975,35.62136],[139.57331,35.6268]]}},{"type":"Feature","properties":{"lineId":"odakyu-odawara","sourceLineName":"小田原線","sourceOperator":"小田急電鉄","source":"MLIT N02 2025"},"geometry":{"type":"LineString","coordinates":[[139.48078,35.5829],[139.47734,35.58166],[139.47588,35.58033],[139.46713,35.5672],[139.46393,35.56428]]}},{"type":"Feature","properties":{"lineId":"odakyu-odawara","sourceLineName":"小田原線","sourceOperator":"小田急電鉄","source":"MLIT N02 2025"},"geometry":{"type":"LineString","coordinates":[[139.58554,35.63613],[139.58802,35.63686]]}},{"type":"Feature","properties":{"lineId":"odakyu-odawara","sourceLineName":"小田原線","sourceOperator":"小田急電鉄","source":"MLIT N02 2025"},"geometry":{"type":"LineString","coordinates":[[139.52902,35.61463],[139.54065,35.61482]]}},{"type":"Feature","properties":{"lineId":"odakyu-odawara","sourceLineName":"小田原線","sourceOperator":"小田急電鉄","source":"MLIT N02 2025"},"geometry":{"type":"LineString","coordinates":[[139.49799,35.59023],[139.49983,35.59367],[139.50112,35.59791],[139.50288,35.60006]]}},{"type":"Feature","properties":{"lineId":"odakyu-odawara","sourceLineName":"小田原線","sourceOperator":"小田急電鉄","source":"MLIT N02 2025"},"geometry":{"type":"LineString","coordinates":[[139.54065,35.61482],[139.54295,35.61506]]}},{"type":"Feature","properties":{"lineId":"odakyu-odawara","sourceLineName":"小田原線","sourceOperator":"小田急電鉄","source":"MLIT N02 2025"},"geometry":{"type":"LineString","coordinates":[[139.61064,35.64351],[139.62373,35.64744]]}},{"type":"Feature","properties":{"lineId":"odakyu-odawara","sourceLineName":"小田原線","sourceOperator":"小田急電鉄","source":"MLIT N02 2025"},"geometry":{"type":"LineString","coordinates":[[139.52706,35.61484],[139.52902,35.61463]]}},{"type":"Feature","properties":{"lineId":"odakyu-odawara","sourceLineName":"小田原線","sourceOperator":"小田急電鉄","source":"MLIT N02 2025"},"geometry":{"type":"LineString","coordinates":[[139.57807,35.63283],[139.58084,35.63461],[139.58554,35.63613]]}},{"type":"Feature","properties":{"lineId":"odakyu-odawara","sourceLineName":"小田原線","sourceOperator":"小田急電鉄","source":"MLIT N02 2025"},"geometry":{"type":"LineString","coordinates":[[139.56567,35.61773],[139.56767,35.61878],[139.56878,35.62007]]}},{"type":"Feature","properties":{"lineId":"odakyu-odawara","sourceLineName":"小田原線","sourceOperator":"小田急電鉄","source":"MLIT N02 2025"},"geometry":{"type":"LineString","coordinates":[[139.57669,35.63162],[139.57807,35.63283]]}},{"type":"Feature","properties":{"lineId":"odakyu-odawara","sourceLineName":"小田原線","sourceOperator":"小田急電鉄","source":"MLIT N02 2025"},"geometry":{"type":"LineString","coordinates":[[139.44575,35.54471],[139.44442,35.54312]]}},{"type":"Feature","properties":{"lineId":"odakyu-odawara","sourceLineName":"小田原線","sourceOperator":"小田急電鉄","source":"MLIT N02 2025"},"geometry":{"type":"LineString","coordinates":[[139.51702,35.60939],[139.51983,35.61077],[139.5238,35.61437],[139.52706,35.61484]]}},{"type":"Feature","properties":{"lineId":"odakyu-odawara","sourceLineName":"小田原線","sourceOperator":"小田急電鉄","source":"MLIT N02 2025"},"geometry":{"type":"LineString","coordinates":[[139.49711,35.58891],[139.49799,35.59023]]}},{"type":"Feature","properties":{"lineId":"odakyu-odawara","sourceLineName":"小田原線","sourceOperator":"小田急電鉄","source":"MLIT N02 2025"},"geometry":{"type":"LineString","coordinates":[[139.46393,35.56428],[139.46295,35.56274]]}},{"type":"Feature","properties":{"lineId":"odakyu-odawara","sourceLineName":"小田原線","sourceOperator":"小田急電鉄","source":"MLIT N02 2025"},"geometry":{"type":"LineString","coordinates":[[139.54295,35.61506],[139.55976,35.6156],[139.56355,35.61683]]}},{"type":"Feature","properties":{"lineId":"odakyu-odawara","sourceLineName":"小田原線","sourceOperator":"小田急電鉄","source":"MLIT N02 2025"},"geometry":{"type":"LineString","coordinates":[[139.57413,35.62803],[139.57669,35.63162]]}},{"type":"Feature","properties":{"lineId":"odakyu-odawara","sourceLineName":"小田原線","sourceOperator":"小田急電鉄","source":"MLIT N02 2025"},"geometry":{"type":"LineString","coordinates":[[139.60895,35.64302],[139.61064,35.64351]]}},{"type":"Feature","properties":{"lineId":"odakyu-odawara","sourceLineName":"小田原線","sourceOperator":"小田急電鉄","source":"MLIT N02 2025"},"geometry":{"type":"LineString","coordinates":[[139.6002,35.64046],[139.60895,35.64302]]}},{"type":"Feature","properties":{"lineId":"odakyu-odawara","sourceLineName":"小田原線","sourceOperator":"小田急電鉄","source":"MLIT N02 2025"},"geometry":{"type":"LineString","coordinates":[[139.56878,35.62007],[139.56975,35.62136]]}},{"type":"Feature","properties":{"lineId":"odakyu-odawara","sourceLineName":"小田原線","sourceOperator":"小田急電鉄","source":"MLIT N02 2025"},"geometry":{"type":"LineString","coordinates":[[139.46295,35.56274],[139.46162,35.55921],[139.46126,35.55488],[139.45964,35.55216],[139.45712,35.5506],[139.45143,35.54944],[139.44758,35.54678],[139.44575,35.54471]]}},{"type":"Feature","properties":{"lineId":"odakyu-odawara","sourceLineName":"小田原線","sourceOperator":"小田急電鉄","source":"MLIT N02 2025"},"geometry":{"type":"LineString","coordinates":[[139.50828,35.60435],[139.51224,35.60756],[139.51514,35.60866]]}},{"type":"Feature","properties":{"lineId":"odakyu-odawara","sourceLineName":"小田原線","sourceOperator":"小田急電鉄","source":"MLIT N02 2025"},"geometry":{"type":"LineString","coordinates":[[139.58802,35.63686],[139.59796,35.63981]]}},{"type":"Feature","properties":{"lineId":"odakyu-odawara","sourceLineName":"小田原線","sourceOperator":"小田急電鉄","source":"MLIT N02 2025"},"geometry":{"type":"LineString","coordinates":[[139.56355,35.61683],[139.56567,35.61773]]}},{"type":"Feature","properties":{"lineId":"odakyu-odawara","sourceLineName":"小田原線","sourceOperator":"小田急電鉄","source":"MLIT N02 2025"},"geometry":{"type":"LineString","coordinates":[[139.48287,35.58332],[139.49151,35.58523],[139.49523,35.58698],[139.49711,35.58891]]}},{"type":"Feature","properties":{"lineId":"odakyu-odawara","sourceLineName":"小田原線","sourceOperator":"小田急電鉄","source":"MLIT N02 2025"},"geometry":{"type":"LineString","coordinates":[[139.59796,35.63981],[139.6002,35.64046]]}},{"type":"Feature","properties":{"lineId":"odakyu-odawara","sourceLineName":"小田原線","sourceOperator":"小田急電鉄","source":"MLIT N02 2025"},"geometry":{"type":"LineString","coordinates":[[139.48287,35.58332],[139.48078,35.5829]]}},{"type":"Feature","properties":{"lineId":"odakyu-odawara","sourceLineName":"小田原線","sourceOperator":"小田急電鉄","source":"MLIT N02 2025"},"geometry":{"type":"LineString","coordinates":[[139.50288,35.60006],[139.50667,35.60306]]}},{"type":"Feature","properties":{"lineId":"odakyu-odawara","sourceLineName":"小田原線","sourceOperator":"小田急電鉄","source":"MLIT N02 2025"},"geometry":{"type":"LineString","coordinates":[[139.50667,35.60306],[139.50828,35.60435]]}},{"type":"Feature","properties":{"lineId":"odakyu-odawara","sourceLineName":"小田原線","sourceOperator":"小田急電鉄","source":"MLIT N02 2025"},"geometry":{"type":"LineString","coordinates":[[139.42242,35.51486],[139.40909,35.49995]]}},{"type":"Feature","properties":{"lineId":"odakyu-odawara","sourceLineName":"小田原線","sourceOperator":"小田急電鉄","source":"MLIT N02 2025"},"geometry":{"type":"LineString","coordinates":[[139.44442,35.54312],[139.44314,35.54129],[139.44175,35.53671],[139.43879,35.53329]]}},{"type":"Feature","properties":{"lineId":"odakyu-odawara","sourceLineName":"小田原線","sourceOperator":"小田急電鉄","source":"MLIT N02 2025"},"geometry":{"type":"LineString","coordinates":[[139.39991,35.48025],[139.39866,35.46226],[139.39506,35.4564],[139.39182,35.45355]]}},{"type":"Feature","properties":{"lineId":"odakyu-odawara","sourceLineName":"小田原線","sourceOperator":"小田急電鉄","source":"MLIT N02 2025"},"geometry":{"type":"LineString","coordinates":[[139.3652,35.43986],[139.36738,35.44084],[139.37752,35.44297]]}},{"type":"Feature","properties":{"lineId":"odakyu-odawara","sourceLineName":"小田原線","sourceOperator":"小田急電鉄","source":"MLIT N02 2025"},"geometry":{"type":"LineString","coordinates":[[139.42363,35.51625],[139.42242,35.51486]]}},{"type":"Feature","properties":{"lineId":"odakyu-odawara","sourceLineName":"小田原線","sourceOperator":"小田急電鉄","source":"MLIT N02 2025"},"geometry":{"type":"LineString","coordinates":[[139.36355,35.43856],[139.3652,35.43986]]}},{"type":"Feature","properties":{"lineId":"odakyu-odawara","sourceLineName":"小田原線","sourceOperator":"小田急電鉄","source":"MLIT N02 2025"},"geometry":{"type":"LineString","coordinates":[[139.37752,35.44297],[139.3783,35.44316]]}},{"type":"Feature","properties":{"lineId":"odakyu-odawara","sourceLineName":"小田原線","sourceOperator":"小田急電鉄","source":"MLIT N02 2025"},"geometry":{"type":"LineString","coordinates":[[139.43698,35.53111],[139.42363,35.51625]]}},{"type":"Feature","properties":{"lineId":"odakyu-odawara","sourceLineName":"小田原線","sourceOperator":"小田急電鉄","source":"MLIT N02 2025"},"geometry":{"type":"LineString","coordinates":[[139.408,35.49877],[139.40035,35.48939],[139.3998,35.48721],[139.39986,35.48173]]}},{"type":"Feature","properties":{"lineId":"odakyu-odawara","sourceLineName":"小田原線","sourceOperator":"小田急電鉄","source":"MLIT N02 2025"},"geometry":{"type":"LineString","coordinates":[[139.40909,35.49995],[139.408,35.49877]]}},{"type":"Feature","properties":{"lineId":"odakyu-odawara","sourceLineName":"小田原線","sourceOperator":"小田急電鉄","source":"MLIT N02 2025"},"geometry":{"type":"LineString","coordinates":[[139.39986,35.48173],[139.39991,35.48025]]}},{"type":"Feature","properties":{"lineId":"odakyu-odawara","sourceLineName":"小田原線","sourceOperator":"小田急電鉄","source":"MLIT N02 2025"},"geometry":{"type":"LineString","coordinates":[[139.3901,35.45212],[139.38065,35.44434],[139.3783,35.44316]]}},{"type":"Feature","properties":{"lineId":"odakyu-odawara","sourceLineName":"小田原線","sourceOperator":"小田急電鉄","source":"MLIT N02 2025"},"geometry":{"type":"LineString","coordinates":[[139.39182,35.45355],[139.3901,35.45212]]}},{"type":"Feature","properties":{"lineId":"odakyu-odawara","sourceLineName":"小田原線","sourceOperator":"小田急電鉄","source":"MLIT N02 2025"},"geometry":{"type":"LineString","coordinates":[[139.15154,35.28547],[139.15237,35.28467]]}},{"type":"Feature","properties":{"lineId":"odakyu-odawara","sourceLineName":"小田原線","sourceOperator":"小田急電鉄","source":"MLIT N02 2025"},"geometry":{"type":"LineString","coordinates":[[139.27125,35.37317],[139.27063,35.37266]]}},{"type":"Feature","properties":{"lineId":"odakyu-odawara","sourceLineName":"小田原線","sourceOperator":"小田急電鉄","source":"MLIT N02 2025"},"geometry":{"type":"LineString","coordinates":[[139.1856,35.3739],[139.18339,35.37419]]}},{"type":"Feature","properties":{"lineId":"odakyu-odawara","sourceLineName":"小田原線","sourceOperator":"小田急電鉄","source":"MLIT N02 2025"},"geometry":{"type":"LineString","coordinates":[[139.2779,35.38099],[139.29816,35.38857],[139.3132,35.3958]]}},{"type":"Feature","properties":{"lineId":"odakyu-odawara","sourceLineName":"小田原線","sourceOperator":"小田急電鉄","source":"MLIT N02 2025"},"geometry":{"type":"LineString","coordinates":[[139.13063,35.33758],[139.13174,35.33989],[139.13598,35.34304]]}},{"type":"Feature","properties":{"lineId":"odakyu-odawara","sourceLineName":"小田原線","sourceOperator":"小田急電鉄","source":"MLIT N02 2025"},"geometry":{"type":"LineString","coordinates":[[139.14491,35.2974],[139.14541,35.29614]]}},{"type":"Feature","properties":{"lineId":"odakyu-odawara","sourceLineName":"小田原線","sourceOperator":"小田急電鉄","source":"MLIT N02 2025"},"geometry":{"type":"LineString","coordinates":[[139.31439,35.39638],[139.3132,35.3958]]}},{"type":"Feature","properties":{"lineId":"odakyu-odawara","sourceLineName":"小田原線","sourceOperator":"小田急電鉄","source":"MLIT N02 2025"},"geometry":{"type":"LineString","coordinates":[[139.13567,35.32681],[139.13595,35.32618]]}},{"type":"Feature","properties":{"lineId":"odakyu-odawara","sourceLineName":"小田原線","sourceOperator":"小田急電鉄","source":"MLIT N02 2025"},"geometry":{"type":"LineString","coordinates":[[139.34465,35.41817],[139.35022,35.42252],[139.35499,35.42994],[139.36355,35.43856]]}},{"type":"Feature","properties":{"lineId":"odakyu-odawara","sourceLineName":"小田原線","sourceOperator":"小田急電鉄","source":"MLIT N02 2025"},"geometry":{"type":"LineString","coordinates":[[139.15237,35.28467],[139.1552,35.28139],[139.15447,35.27212]]}},{"type":"Feature","properties":{"lineId":"odakyu-odawara","sourceLineName":"小田原線","sourceOperator":"小田急電鉄","source":"MLIT N02 2025"},"geometry":{"type":"LineString","coordinates":[[139.13063,35.33758],[139.13567,35.32681]]}},{"type":"Feature","properties":{"lineId":"odakyu-odawara","sourceLineName":"小田原線","sourceOperator":"小田急電鉄","source":"MLIT N02 2025"},"geometry":{"type":"LineString","coordinates":[[139.2779,35.38099],[139.27666,35.38026]]}},{"type":"Feature","properties":{"lineId":"odakyu-odawara","sourceLineName":"小田原線","sourceOperator":"小田急電鉄","source":"MLIT N02 2025"},"geometry":{"type":"LineString","coordinates":[[139.27125,35.37317],[139.27666,35.38026]]}},{"type":"Feature","properties":{"lineId":"odakyu-odawara","sourceLineName":"小田原線","sourceOperator":"小田急電鉄","source":"MLIT N02 2025"},"geometry":{"type":"LineString","coordinates":[[139.22685,35.36956],[139.22531,35.37058]]}},{"type":"Feature","properties":{"lineId":"odakyu-odawara","sourceLineName":"小田原線","sourceOperator":"小田急電鉄","source":"MLIT N02 2025"},"geometry":{"type":"LineString","coordinates":[[139.13595,35.32618],[139.14163,35.3142],[139.14252,35.31096]]}},{"type":"Feature","properties":{"lineId":"odakyu-odawara","sourceLineName":"小田原線","sourceOperator":"小田急電鉄","source":"MLIT N02 2025"},"geometry":{"type":"LineString","coordinates":[[139.31439,35.39638],[139.31898,35.3988],[139.33423,35.40925],[139.33743,35.41293],[139.34366,35.41737]]}},{"type":"Feature","properties":{"lineId":"odakyu-odawara","sourceLineName":"小田原線","sourceOperator":"小田急電鉄","source":"MLIT N02 2025"},"geometry":{"type":"LineString","coordinates":[[139.14541,35.29614],[139.1486,35.2886],[139.15154,35.28547]]}},{"type":"Feature","properties":{"lineId":"odakyu-odawara","sourceLineName":"小田原線","sourceOperator":"小田急電鉄","source":"MLIT N02 2025"},"geometry":{"type":"LineString","coordinates":[[139.18339,35.37419],[139.17622,35.37437],[139.17027,35.37547],[139.16652,35.3734],[139.16342,35.37027],[139.16217,35.36581],[139.159,35.36315],[139.15887,35.36154],[139.1602,35.35814],[139.15861,35.35582],[139.15532,35.35347],[139.15307,35.35014],[139.1495,35.34715],[139.14122,35.34537]]}},{"type":"Feature","properties":{"lineId":"odakyu-odawara","sourceLineName":"小田原線","sourceOperator":"小田急電鉄","source":"MLIT N02 2025"},"geometry":{"type":"LineString","coordinates":[[139.13598,35.34304],[139.13878,35.34432]]}},{"type":"Feature","properties":{"lineId":"odakyu-odawara","sourceLineName":"小田原線","sourceOperator":"小田急電鉄","source":"MLIT N02 2025"},"geometry":{"type":"LineString","coordinates":[[139.14252,35.31096],[139.14263,35.31034]]}},{"type":"Feature","properties":{"lineId":"odakyu-odawara","sourceLineName":"小田原線","sourceOperator":"小田急電鉄","source":"MLIT N02 2025"},"geometry":{"type":"LineString","coordinates":[[139.22531,35.37058],[139.2231,35.3719],[139.22049,35.37225],[139.21295,35.37202],[139.19825,35.37004],[139.1856,35.3739]]}},{"type":"Feature","properties":{"lineId":"odakyu-odawara","sourceLineName":"小田原線","sourceOperator":"小田急電鉄","source":"MLIT N02 2025"},"geometry":{"type":"LineString","coordinates":[[139.22685,35.36956],[139.22934,35.36636],[139.23075,35.36552],[139.23516,35.36473],[139.23876,35.36485],[139.24359,35.36299],[139.2455,35.36286],[139.26124,35.36765],[139.27063,35.37266]]}},{"type":"Feature","properties":{"lineId":"odakyu-odawara","sourceLineName":"小田原線","sourceOperator":"小田急電鉄","source":"MLIT N02 2025"},"geometry":{"type":"LineString","coordinates":[[139.14061,35.34543],[139.14122,35.34537]]}},{"type":"Feature","properties":{"lineId":"odakyu-odawara","sourceLineName":"小田原線","sourceOperator":"小田急電鉄","source":"MLIT N02 2025"},"geometry":{"type":"LineString","coordinates":[[139.13063,35.33758],[139.13153,35.3399],[139.13598,35.34304]]}},{"type":"Feature","properties":{"lineId":"odakyu-odawara","sourceLineName":"小田原線","sourceOperator":"小田急電鉄","source":"MLIT N02 2025"},"geometry":{"type":"LineString","coordinates":[[139.15447,35.27212],[139.15454,35.27142]]}},{"type":"Feature","properties":{"lineId":"odakyu-odawara","sourceLineName":"小田原線","sourceOperator":"小田急電鉄","source":"MLIT N02 2025"},"geometry":{"type":"LineString","coordinates":[[139.14012,35.3449],[139.14122,35.34537]]}},{"type":"Feature","properties":{"lineId":"odakyu-odawara","sourceLineName":"小田原線","sourceOperator":"小田急電鉄","source":"MLIT N02 2025"},"geometry":{"type":"LineString","coordinates":[[139.13878,35.34432],[139.14012,35.3449]]}},{"type":"Feature","properties":{"lineId":"odakyu-odawara","sourceLineName":"小田原線","sourceOperator":"小田急電鉄","source":"MLIT N02 2025"},"geometry":{"type":"LineString","coordinates":[[139.34465,35.41817],[139.34366,35.41737]]}},{"type":"Feature","properties":{"lineId":"odakyu-odawara","sourceLineName":"小田原線","sourceOperator":"小田急電鉄","source":"MLIT N02 2025"},"geometry":{"type":"LineString","coordinates":[[139.14263,35.31034],[139.14491,35.2974]]}},{"type":"Feature","properties":{"lineId":"odakyu-odawara","sourceLineName":"小田原線","sourceOperator":"小田急電鉄","source":"MLIT N02 2025"},"geometry":{"type":"LineString","coordinates":[[139.15454,35.27142],[139.15565,35.26262],[139.15697,35.25851],[139.15595,35.25707]]}},{"type":"Feature","properties":{"lineId":"odakyu-odawara","sourceLineName":"小田原線","sourceOperator":"小田急電鉄","source":"MLIT N02 2025"},"geometry":{"type":"LineString","coordinates":[[139.15595,35.25707],[139.15491,35.25564]]}},{"type":"Feature","properties":{"lineId":"odakyu-odawara","sourceLineName":"小田原線","sourceOperator":"小田急電鉄","source":"MLIT N02 2025"},"geometry":{"type":"LineString","coordinates":[[139.43879,35.53329],[139.43698,35.53111]]}},{"type":"Feature","properties":{"lineId":"seibu-yamaguchi","sourceLineName":"山口線","sourceOperator":"西武鉄道","source":"MLIT N02 2025"},"geometry":{"type":"LineString","coordinates":[[139.44288,35.76511],[139.44255,35.76646]]}},{"type":"Feature","properties":{"lineId":"seibu-yamaguchi","sourceLineName":"山口線","sourceOperator":"西武鉄道","source":"MLIT N02 2025"},"geometry":{"type":"LineString","coordinates":[[139.44255,35.76646],[139.44037,35.76876]]}},{"type":"Feature","properties":{"lineId":"seibu-yamaguchi","sourceLineName":"山口線","sourceOperator":"西武鉄道","source":"MLIT N02 2025"},"geometry":{"type":"LineString","coordinates":[[139.42053,35.77109],[139.41994,35.77047]]}},{"type":"Feature","properties":{"lineId":"seibu-yamaguchi","sourceLineName":"山口線","sourceOperator":"西武鉄道","source":"MLIT N02 2025"},"geometry":{"type":"LineString","coordinates":[[139.44037,35.76876],[139.44001,35.7693]]}},{"type":"Feature","properties":{"lineId":"seibu-yamaguchi","sourceLineName":"山口線","sourceOperator":"西武鉄道","source":"MLIT N02 2025"},"geometry":{"type":"LineString","coordinates":[[139.44001,35.7693],[139.43814,35.76951],[139.43775,35.76826],[139.43611,35.76766],[139.43336,35.76788],[139.43148,35.76719],[139.42891,35.76751],[139.42756,35.76705],[139.42298,35.76793],[139.4223,35.76861],[139.42234,35.77138],[139.42133,35.77164],[139.42053,35.77109]]}},{"type":"Feature","properties":{"lineId":"seibu-ikebukuro","sourceLineName":"池袋線","sourceOperator":"西武鉄道","source":"MLIT N02 2025"},"geometry":{"type":"LineString","coordinates":[[139.61599,35.74107],[139.61768,35.74016]]}},{"type":"Feature","properties":{"lineId":"seibu-ikebukuro","sourceLineName":"池袋線","sourceOperator":"西武鉄道","source":"MLIT N02 2025"},"geometry":{"type":"LineString","coordinates":[[139.71075,35.72749],[139.70974,35.72502],[139.70804,35.72423],[139.70092,35.72655],[139.69494,35.72637]]}},{"type":"Feature","properties":{"lineId":"seibu-ikebukuro","sourceLineName":"池袋線","sourceOperator":"西武鉄道","source":"MLIT N02 2025"},"geometry":{"type":"LineString","coordinates":[[139.69494,35.72637],[139.69369,35.72662]]}},{"type":"Feature","properties":{"lineId":"seibu-ikebukuro","sourceLineName":"池袋線","sourceOperator":"西武鉄道","source":"MLIT N02 2025"},"geometry":{"type":"LineString","coordinates":[[139.66144,35.73865],[139.65582,35.73805]]}},{"type":"Feature","properties":{"lineId":"seibu-ikebukuro","sourceLineName":"池袋線","sourceOperator":"西武鉄道","source":"MLIT N02 2025"},"geometry":{"type":"LineString","coordinates":[[139.65582,35.73805],[139.65557,35.73804]]}},{"type":"Feature","properties":{"lineId":"seibu-ikebukuro","sourceLineName":"池袋線","sourceOperator":"西武鉄道","source":"MLIT N02 2025"},"geometry":{"type":"LineString","coordinates":[[139.67202,35.7377],[139.66595,35.73892],[139.66336,35.73884]]}},{"type":"Feature","properties":{"lineId":"seibu-ikebukuro","sourceLineName":"池袋線","sourceOperator":"西武鉄道","source":"MLIT N02 2025"},"geometry":{"type":"LineString","coordinates":[[139.68254,35.73047],[139.67355,35.73723]]}},{"type":"Feature","properties":{"lineId":"seibu-ikebukuro","sourceLineName":"池袋線","sourceOperator":"西武鉄道","source":"MLIT N02 2025"},"geometry":{"type":"LineString","coordinates":[[139.68383,35.72947],[139.68254,35.73047]]}},{"type":"Feature","properties":{"lineId":"seibu-ikebukuro","sourceLineName":"池袋線","sourceOperator":"西武鉄道","source":"MLIT N02 2025"},"geometry":{"type":"LineString","coordinates":[[139.66336,35.73884],[139.66144,35.73865]]}},{"type":"Feature","properties":{"lineId":"seibu-ikebukuro","sourceLineName":"池袋線","sourceOperator":"西武鉄道","source":"MLIT N02 2025"},"geometry":{"type":"LineString","coordinates":[[139.63801,35.73677],[139.63633,35.73657]]}},{"type":"Feature","properties":{"lineId":"seibu-ikebukuro","sourceLineName":"池袋線","sourceOperator":"西武鉄道","source":"MLIT N02 2025"},"geometry":{"type":"LineString","coordinates":[[139.63063,35.73593],[139.629,35.73577]]}},{"type":"Feature","properties":{"lineId":"seibu-ikebukuro","sourceLineName":"池袋線","sourceOperator":"西武鉄道","source":"MLIT N02 2025"},"geometry":{"type":"LineString","coordinates":[[139.67355,35.73723],[139.67202,35.7377]]}},{"type":"Feature","properties":{"lineId":"seibu-ikebukuro","sourceLineName":"池袋線","sourceOperator":"西武鉄道","source":"MLIT N02 2025"},"geometry":{"type":"LineString","coordinates":[[139.63633,35.73657],[139.63063,35.73593]]}},{"type":"Feature","properties":{"lineId":"seibu-ikebukuro","sourceLineName":"池袋線","sourceOperator":"西武鉄道","source":"MLIT N02 2025"},"geometry":{"type":"LineString","coordinates":[[139.629,35.73577],[139.62465,35.73647],[139.61768,35.74016]]}},{"type":"Feature","properties":{"lineId":"seibu-ikebukuro","sourceLineName":"池袋線","sourceOperator":"西武鉄道","source":"MLIT N02 2025"},"geometry":{"type":"LineString","coordinates":[[139.69369,35.72662],[139.68632,35.72816],[139.68383,35.72947]]}},{"type":"Feature","properties":{"lineId":"seibu-ikebukuro","sourceLineName":"池袋線","sourceOperator":"西武鉄道","source":"MLIT N02 2025"},"geometry":{"type":"LineString","coordinates":[[139.65557,35.73804],[139.65331,35.73783]]}},{"type":"Feature","properties":{"lineId":"seibu-ikebukuro","sourceLineName":"池袋線","sourceOperator":"西武鉄道","source":"MLIT N02 2025"},"geometry":{"type":"LineString","coordinates":[[139.65331,35.73783],[139.6503,35.73766]]}},{"type":"Feature","properties":{"lineId":"seibu-ikebukuro","sourceLineName":"池袋線","sourceOperator":"西武鉄道","source":"MLIT N02 2025"},"geometry":{"type":"LineString","coordinates":[[139.6503,35.73766],[139.63801,35.73677]]}},{"type":"Feature","properties":{"lineId":"seibu-ikebukuro","sourceLineName":"池袋線","sourceOperator":"西武鉄道","source":"MLIT N02 2025"},"geometry":{"type":"LineString","coordinates":[[139.71091,35.72783],[139.71075,35.72749]]}},{"type":"Feature","properties":{"lineId":"seibu-ikebukuro","sourceLineName":"池袋線","sourceOperator":"西武鉄道","source":"MLIT N02 2025"},"geometry":{"type":"LineString","coordinates":[[139.58762,35.74903],[139.59329,35.74669],[139.6055,35.74389]]}},{"type":"Feature","properties":{"lineId":"seibu-ikebukuro","sourceLineName":"池袋線","sourceOperator":"西武鉄道","source":"MLIT N02 2025"},"geometry":{"type":"LineString","coordinates":[[139.43903,35.80013],[139.43705,35.80104]]}},{"type":"Feature","properties":{"lineId":"seibu-ikebukuro","sourceLineName":"池袋線","sourceOperator":"西武鉄道","source":"MLIT N02 2025"},"geometry":{"type":"LineString","coordinates":[[139.47331,35.78595],[139.47289,35.78243],[139.4713,35.78098],[139.46923,35.78066],[139.46758,35.78119],[139.45673,35.78839]]}},{"type":"Feature","properties":{"lineId":"seibu-ikebukuro","sourceLineName":"池袋線","sourceOperator":"西武鉄道","source":"MLIT N02 2025"},"geometry":{"type":"LineString","coordinates":[[139.51877,35.77227],[139.49787,35.77818]]}},{"type":"Feature","properties":{"lineId":"seibu-ikebukuro","sourceLineName":"池袋線","sourceOperator":"西武鉄道","source":"MLIT N02 2025"},"geometry":{"type":"LineString","coordinates":[[139.56712,35.74814],[139.55641,35.74717],[139.54674,35.75105]]}},{"type":"Feature","properties":{"lineId":"seibu-ikebukuro","sourceLineName":"池袋線","sourceOperator":"西武鉄道","source":"MLIT N02 2025"},"geometry":{"type":"LineString","coordinates":[[139.52102,35.77166],[139.51877,35.77227]]}},{"type":"Feature","properties":{"lineId":"seibu-ikebukuro","sourceLineName":"池袋線","sourceOperator":"西武鉄道","source":"MLIT N02 2025"},"geometry":{"type":"LineString","coordinates":[[139.36093,35.83769],[139.35945,35.83766]]}},{"type":"Feature","properties":{"lineId":"seibu-ikebukuro","sourceLineName":"池袋線","sourceOperator":"西武鉄道","source":"MLIT N02 2025"},"geometry":{"type":"LineString","coordinates":[[139.53424,35.75994],[139.54044,35.7538],[139.54481,35.75183]]}},{"type":"Feature","properties":{"lineId":"seibu-ikebukuro","sourceLineName":"池袋線","sourceOperator":"西武鉄道","source":"MLIT N02 2025"},"geometry":{"type":"LineString","coordinates":[[139.41775,35.81001],[139.41629,35.8108]]}},{"type":"Feature","properties":{"lineId":"seibu-ikebukuro","sourceLineName":"池袋線","sourceOperator":"西武鉄道","source":"MLIT N02 2025"},"geometry":{"type":"LineString","coordinates":[[139.58598,35.74965],[139.58762,35.74903]]}},{"type":"Feature","properties":{"lineId":"seibu-ikebukuro","sourceLineName":"池袋線","sourceOperator":"西武鉄道","source":"MLIT N02 2025"},"geometry":{"type":"LineString","coordinates":[[139.49787,35.77818],[139.49594,35.77877]]}},{"type":"Feature","properties":{"lineId":"seibu-ikebukuro","sourceLineName":"池袋線","sourceOperator":"西武鉄道","source":"MLIT N02 2025"},"geometry":{"type":"LineString","coordinates":[[139.53424,35.75994],[139.53326,35.76096]]}},{"type":"Feature","properties":{"lineId":"seibu-ikebukuro","sourceLineName":"池袋線","sourceOperator":"西武鉄道","source":"MLIT N02 2025"},"geometry":{"type":"LineString","coordinates":[[139.38956,35.84186],[139.38693,35.84116],[139.38271,35.84272],[139.36709,35.83821],[139.36093,35.83769]]}},{"type":"Feature","properties":{"lineId":"seibu-ikebukuro","sourceLineName":"池袋線","sourceOperator":"西武鉄道","source":"MLIT N02 2025"},"geometry":{"type":"LineString","coordinates":[[139.53326,35.76096],[139.52371,35.77049],[139.52102,35.77166]]}},{"type":"Feature","properties":{"lineId":"seibu-ikebukuro","sourceLineName":"池袋線","sourceOperator":"西武鉄道","source":"MLIT N02 2025"},"geometry":{"type":"LineString","coordinates":[[139.41255,35.8218],[139.40959,35.83396],[139.40312,35.84251],[139.40047,35.84431]]}},{"type":"Feature","properties":{"lineId":"seibu-ikebukuro","sourceLineName":"池袋線","sourceOperator":"西武鉄道","source":"MLIT N02 2025"},"geometry":{"type":"LineString","coordinates":[[139.45555,35.78927],[139.45156,35.79422],[139.43903,35.80013]]}},{"type":"Feature","properties":{"lineId":"seibu-ikebukuro","sourceLineName":"池袋線","sourceOperator":"西武鉄道","source":"MLIT N02 2025"},"geometry":{"type":"LineString","coordinates":[[139.41296,35.8199],[139.41255,35.8218]]}},{"type":"Feature","properties":{"lineId":"seibu-ikebukuro","sourceLineName":"池袋線","sourceOperator":"西武鉄道","source":"MLIT N02 2025"},"geometry":{"type":"LineString","coordinates":[[139.41629,35.8108],[139.41464,35.81281],[139.41296,35.8199]]}},{"type":"Feature","properties":{"lineId":"seibu-ikebukuro","sourceLineName":"池袋線","sourceOperator":"西武鉄道","source":"MLIT N02 2025"},"geometry":{"type":"LineString","coordinates":[[139.60761,35.74339],[139.61599,35.74107]]}},{"type":"Feature","properties":{"lineId":"seibu-ikebukuro","sourceLineName":"池袋線","sourceOperator":"西武鉄道","source":"MLIT N02 2025"},"geometry":{"type":"LineString","coordinates":[[139.43705,35.80104],[139.41775,35.81001]]}},{"type":"Feature","properties":{"lineId":"seibu-ikebukuro","sourceLineName":"池袋線","sourceOperator":"西武鉄道","source":"MLIT N02 2025"},"geometry":{"type":"LineString","coordinates":[[139.45673,35.78839],[139.45555,35.78927]]}},{"type":"Feature","properties":{"lineId":"seibu-ikebukuro","sourceLineName":"池袋線","sourceOperator":"西武鉄道","source":"MLIT N02 2025"},"geometry":{"type":"LineString","coordinates":[[139.40047,35.84431],[139.39831,35.84498]]}},{"type":"Feature","properties":{"lineId":"seibu-ikebukuro","sourceLineName":"池袋線","sourceOperator":"西武鉄道","source":"MLIT N02 2025"},"geometry":{"type":"LineString","coordinates":[[139.39097,35.84375],[139.38956,35.84186]]}},{"type":"Feature","properties":{"lineId":"seibu-ikebukuro","sourceLineName":"池袋線","sourceOperator":"西武鉄道","source":"MLIT N02 2025"},"geometry":{"type":"LineString","coordinates":[[139.49594,35.77877],[139.49061,35.78049],[139.48576,35.78585],[139.48009,35.78973],[139.47554,35.79043],[139.47412,35.78935],[139.47358,35.78742]]}},{"type":"Feature","properties":{"lineId":"seibu-ikebukuro","sourceLineName":"池袋線","sourceOperator":"西武鉄道","source":"MLIT N02 2025"},"geometry":{"type":"LineString","coordinates":[[139.54481,35.75183],[139.54674,35.75105]]}},{"type":"Feature","properties":{"lineId":"seibu-ikebukuro","sourceLineName":"池袋線","sourceOperator":"西武鉄道","source":"MLIT N02 2025"},"geometry":{"type":"LineString","coordinates":[[139.56895,35.74834],[139.58598,35.74965]]}},{"type":"Feature","properties":{"lineId":"seibu-ikebukuro","sourceLineName":"池袋線","sourceOperator":"西武鉄道","source":"MLIT N02 2025"},"geometry":{"type":"LineString","coordinates":[[139.47358,35.78742],[139.47331,35.78595]]}},{"type":"Feature","properties":{"lineId":"seibu-ikebukuro","sourceLineName":"池袋線","sourceOperator":"西武鉄道","source":"MLIT N02 2025"},"geometry":{"type":"LineString","coordinates":[[139.6055,35.74389],[139.60761,35.74339]]}},{"type":"Feature","properties":{"lineId":"seibu-ikebukuro","sourceLineName":"池袋線","sourceOperator":"西武鉄道","source":"MLIT N02 2025"},"geometry":{"type":"LineString","coordinates":[[139.39831,35.84498],[139.3926,35.84473],[139.39097,35.84375]]}},{"type":"Feature","properties":{"lineId":"seibu-ikebukuro","sourceLineName":"池袋線","sourceOperator":"西武鉄道","source":"MLIT N02 2025"},"geometry":{"type":"LineString","coordinates":[[139.56712,35.74814],[139.56895,35.74834]]}},{"type":"Feature","properties":{"lineId":"seibu-ikebukuro","sourceLineName":"池袋線","sourceOperator":"西武鉄道","source":"MLIT N02 2025"},"geometry":{"type":"LineString","coordinates":[[139.28015,35.88575],[139.27858,35.88713],[139.27684,35.88771],[139.27304,35.88619],[139.27068,35.88635],[139.26928,35.88756],[139.2689,35.89029],[139.26764,35.89154],[139.26632,35.89172],[139.26285,35.89089],[139.26053,35.89205]]}},{"type":"Feature","properties":{"lineId":"seibu-ikebukuro","sourceLineName":"池袋線","sourceOperator":"西武鉄道","source":"MLIT N02 2025"},"geometry":{"type":"LineString","coordinates":[[139.26053,35.89205],[139.26002,35.89289]]}},{"type":"Feature","properties":{"lineId":"seibu-ikebukuro","sourceLineName":"池袋線","sourceOperator":"西武鉄道","source":"MLIT N02 2025"},"geometry":{"type":"LineString","coordinates":[[139.34621,35.84025],[139.34452,35.84087]]}},{"type":"Feature","properties":{"lineId":"seibu-ikebukuro","sourceLineName":"池袋線","sourceOperator":"西武鉄道","source":"MLIT N02 2025"},"geometry":{"type":"LineString","coordinates":[[139.30516,35.88172],[139.30662,35.87983],[139.30908,35.86859],[139.31683,35.86011],[139.32524,35.85524],[139.32599,35.85354]]}},{"type":"Feature","properties":{"lineId":"seibu-ikebukuro","sourceLineName":"池袋線","sourceOperator":"西武鉄道","source":"MLIT N02 2025"},"geometry":{"type":"LineString","coordinates":[[139.32013,35.85071],[139.31753,35.85172]]}},{"type":"Feature","properties":{"lineId":"seibu-ikebukuro","sourceLineName":"池袋線","sourceOperator":"西武鉄道","source":"MLIT N02 2025"},"geometry":{"type":"LineString","coordinates":[[139.35945,35.83766],[139.35192,35.83813],[139.34621,35.84025]]}},{"type":"Feature","properties":{"lineId":"seibu-ikebukuro","sourceLineName":"池袋線","sourceOperator":"西武鉄道","source":"MLIT N02 2025"},"geometry":{"type":"LineString","coordinates":[[139.32597,35.8525],[139.32582,35.85101],[139.32507,35.85019],[139.32365,35.84963],[139.32214,35.84989]]}},{"type":"Feature","properties":{"lineId":"seibu-ikebukuro","sourceLineName":"池袋線","sourceOperator":"西武鉄道","source":"MLIT N02 2025"},"geometry":{"type":"LineString","coordinates":[[139.34452,35.84087],[139.34081,35.84218],[139.32927,35.844],[139.32214,35.84989]]}},{"type":"Feature","properties":{"lineId":"seibu-ikebukuro","sourceLineName":"池袋線","sourceOperator":"西武鉄道","source":"MLIT N02 2025"},"geometry":{"type":"LineString","coordinates":[[139.28121,35.88476],[139.28015,35.88575]]}},{"type":"Feature","properties":{"lineId":"seibu-ikebukuro","sourceLineName":"池袋線","sourceOperator":"西武鉄道","source":"MLIT N02 2025"},"geometry":{"type":"LineString","coordinates":[[139.22645,35.90831],[139.22929,35.90957],[139.23087,35.90962],[139.23621,35.90802],[139.23918,35.90587],[139.24243,35.9053],[139.2443,35.9036],[139.24511,35.89981],[139.24617,35.89841],[139.25329,35.89689],[139.25887,35.8942],[139.26002,35.89289]]}},{"type":"Feature","properties":{"lineId":"seibu-ikebukuro","sourceLineName":"池袋線","sourceOperator":"西武鉄道","source":"MLIT N02 2025"},"geometry":{"type":"LineString","coordinates":[[139.30516,35.88172],[139.3036,35.88233]]}},{"type":"Feature","properties":{"lineId":"seibu-ikebukuro","sourceLineName":"池袋線","sourceOperator":"西武鉄道","source":"MLIT N02 2025"},"geometry":{"type":"LineString","coordinates":[[139.32597,35.8525],[139.32599,35.85354]]}},{"type":"Feature","properties":{"lineId":"seibu-ikebukuro","sourceLineName":"池袋線","sourceOperator":"西武鉄道","source":"MLIT N02 2025"},"geometry":{"type":"LineString","coordinates":[[139.28121,35.88476],[139.2838,35.88238],[139.28771,35.88124],[139.29103,35.87819],[139.29392,35.87744],[139.29611,35.87743],[139.29736,35.878],[139.29835,35.8792],[139.29892,35.88126],[139.29989,35.88208],[139.3036,35.88233]]}},{"type":"Feature","properties":{"lineId":"seibu-ikebukuro","sourceLineName":"池袋線","sourceOperator":"西武鉄道","source":"MLIT N02 2025"},"geometry":{"type":"LineString","coordinates":[[139.22645,35.90831],[139.22536,35.90834]]}},{"type":"Feature","properties":{"lineId":"seibu-ikebukuro","sourceLineName":"池袋線","sourceOperator":"西武鉄道","source":"MLIT N02 2025"},"geometry":{"type":"LineString","coordinates":[[139.32013,35.85071],[139.32214,35.84989]]}},{"type":"Feature","properties":{"lineId":"tokyu-setagaya","sourceLineName":"世田谷線","sourceOperator":"東急電鉄","source":"MLIT N02 2025"},"geometry":{"type":"LineString","coordinates":[[139.64116,35.66591],[139.64196,35.6658]]}},{"type":"Feature","properties":{"lineId":"tokyu-setagaya","sourceLineName":"世田谷線","sourceOperator":"東急電鉄","source":"MLIT N02 2025"},"geometry":{"type":"LineString","coordinates":[[139.64189,35.66056],[139.64196,35.6658]]}},{"type":"Feature","properties":{"lineId":"tokyu-setagaya","sourceLineName":"世田谷線","sourceOperator":"東急電鉄","source":"MLIT N02 2025"},"geometry":{"type":"LineString","coordinates":[[139.6419,35.65984],[139.64189,35.66056]]}},{"type":"Feature","properties":{"lineId":"tokyu-setagaya","sourceLineName":"世田谷線","sourceOperator":"東急電鉄","source":"MLIT N02 2025"},"geometry":{"type":"LineString","coordinates":[[139.65535,35.64395],[139.65463,35.64382]]}},{"type":"Feature","properties":{"lineId":"tokyu-setagaya","sourceLineName":"世田谷線","sourceOperator":"東急電鉄","source":"MLIT N02 2025"},"geometry":{"type":"LineString","coordinates":[[139.65952,35.64585],[139.65535,35.64395]]}},{"type":"Feature","properties":{"lineId":"tokyu-setagaya","sourceLineName":"世田谷線","sourceOperator":"東急電鉄","source":"MLIT N02 2025"},"geometry":{"type":"LineString","coordinates":[[139.65042,35.64346],[139.64667,35.64338]]}},{"type":"Feature","properties":{"lineId":"tokyu-setagaya","sourceLineName":"世田谷線","sourceOperator":"東急電鉄","source":"MLIT N02 2025"},"geometry":{"type":"LineString","coordinates":[[139.66961,35.64413],[139.66876,35.64408]]}},{"type":"Feature","properties":{"lineId":"tokyu-setagaya","sourceLineName":"世田谷線","sourceOperator":"東急電鉄","source":"MLIT N02 2025"},"geometry":{"type":"LineString","coordinates":[[139.64667,35.64338],[139.64615,35.64385]]}},{"type":"Feature","properties":{"lineId":"tokyu-setagaya","sourceLineName":"世田谷線","sourceOperator":"東急電鉄","source":"MLIT N02 2025"},"geometry":{"type":"LineString","coordinates":[[139.66672,35.64438],[139.66598,35.64466]]}},{"type":"Feature","properties":{"lineId":"tokyu-setagaya","sourceLineName":"世田谷線","sourceOperator":"東急電鉄","source":"MLIT N02 2025"},"geometry":{"type":"LineString","coordinates":[[139.66876,35.64408],[139.66672,35.64438]]}},{"type":"Feature","properties":{"lineId":"tokyu-setagaya","sourceLineName":"世田谷線","sourceOperator":"東急電鉄","source":"MLIT N02 2025"},"geometry":{"type":"LineString","coordinates":[[139.64636,35.65452],[139.6426,35.65828],[139.6419,35.65984]]}},{"type":"Feature","properties":{"lineId":"tokyu-setagaya","sourceLineName":"世田谷線","sourceOperator":"東急電鉄","source":"MLIT N02 2025"},"geometry":{"type":"LineString","coordinates":[[139.65126,35.64353],[139.65042,35.64346]]}},{"type":"Feature","properties":{"lineId":"tokyu-setagaya","sourceLineName":"世田谷線","sourceOperator":"東急電鉄","source":"MLIT N02 2025"},"geometry":{"type":"LineString","coordinates":[[139.64503,35.64791],[139.64647,35.65385]]}},{"type":"Feature","properties":{"lineId":"tokyu-setagaya","sourceLineName":"世田谷線","sourceOperator":"東急電鉄","source":"MLIT N02 2025"},"geometry":{"type":"LineString","coordinates":[[139.64647,35.65385],[139.64636,35.65452]]}},{"type":"Feature","properties":{"lineId":"tokyu-setagaya","sourceLineName":"世田谷線","sourceOperator":"東急電鉄","source":"MLIT N02 2025"},"geometry":{"type":"LineString","coordinates":[[139.65463,35.64382],[139.65126,35.64353]]}},{"type":"Feature","properties":{"lineId":"tokyu-setagaya","sourceLineName":"世田谷線","sourceOperator":"東急電鉄","source":"MLIT N02 2025"},"geometry":{"type":"LineString","coordinates":[[139.66598,35.64466],[139.66284,35.64594],[139.6603,35.646]]}},{"type":"Feature","properties":{"lineId":"tokyu-setagaya","sourceLineName":"世田谷線","sourceOperator":"東急電鉄","source":"MLIT N02 2025"},"geometry":{"type":"LineString","coordinates":[[139.64481,35.64719],[139.64503,35.64791]]}},{"type":"Feature","properties":{"lineId":"tokyu-setagaya","sourceLineName":"世田谷線","sourceOperator":"東急電鉄","source":"MLIT N02 2025"},"geometry":{"type":"LineString","coordinates":[[139.6603,35.646],[139.65952,35.64585]]}},{"type":"Feature","properties":{"lineId":"tokyu-setagaya","sourceLineName":"世田谷線","sourceOperator":"東急電鉄","source":"MLIT N02 2025"},"geometry":{"type":"LineString","coordinates":[[139.64615,35.64385],[139.64481,35.64719]]}},{"type":"Feature","properties":{"lineId":"tokyu-denentoshi","sourceLineName":"田園都市線","sourceOperator":"東急電鉄","source":"MLIT N02 2025"},"geometry":{"type":"LineString","coordinates":[[139.7021,35.65945],[139.69997,35.65945]]}},{"type":"Feature","properties":{"lineId":"tokyu-denentoshi","sourceLineName":"田園都市線","sourceOperator":"東急電鉄","source":"MLIT N02 2025"},"geometry":{"type":"LineString","coordinates":[[139.69997,35.65945],[139.69712,35.65858],[139.69311,35.65383],[139.68555,35.65116]]}},{"type":"Feature","properties":{"lineId":"tokyu-denentoshi","sourceLineName":"田園都市線","sourceOperator":"東急電鉄","source":"MLIT N02 2025"},"geometry":{"type":"LineString","coordinates":[[139.64658,35.63176],[139.64436,35.63162]]}},{"type":"Feature","properties":{"lineId":"tokyu-denentoshi","sourceLineName":"田園都市線","sourceOperator":"東急電鉄","source":"MLIT N02 2025"},"geometry":{"type":"LineString","coordinates":[[139.6704,35.64267],[139.66551,35.63626],[139.66177,35.63351]]}},{"type":"Feature","properties":{"lineId":"tokyu-denentoshi","sourceLineName":"田園都市線","sourceOperator":"東急電鉄","source":"MLIT N02 2025"},"geometry":{"type":"LineString","coordinates":[[139.68397,35.65031],[139.67209,35.64391]]}},{"type":"Feature","properties":{"lineId":"tokyu-denentoshi","sourceLineName":"田園都市線","sourceOperator":"東急電鉄","source":"MLIT N02 2025"},"geometry":{"type":"LineString","coordinates":[[139.63352,35.62586],[139.63186,35.62345],[139.62784,35.6126]]}},{"type":"Feature","properties":{"lineId":"tokyu-denentoshi","sourceLineName":"田園都市線","sourceOperator":"東急電鉄","source":"MLIT N02 2025"},"geometry":{"type":"LineString","coordinates":[[139.62784,35.6126],[139.6273,35.61229]]}},{"type":"Feature","properties":{"lineId":"tokyu-denentoshi","sourceLineName":"田園都市線","sourceOperator":"東急電鉄","source":"MLIT N02 2025"},"geometry":{"type":"LineString","coordinates":[[139.64436,35.63162],[139.64047,35.63054],[139.63507,35.62721]]}},{"type":"Feature","properties":{"lineId":"tokyu-denentoshi","sourceLineName":"田園都市線","sourceOperator":"東急電鉄","source":"MLIT N02 2025"},"geometry":{"type":"LineString","coordinates":[[139.68555,35.65116],[139.68397,35.65031]]}},{"type":"Feature","properties":{"lineId":"tokyu-denentoshi","sourceLineName":"田園都市線","sourceOperator":"東急電鉄","source":"MLIT N02 2025"},"geometry":{"type":"LineString","coordinates":[[139.66016,35.63256],[139.65803,35.63142],[139.65374,35.63029],[139.64895,35.63173],[139.64658,35.63176]]}},{"type":"Feature","properties":{"lineId":"tokyu-denentoshi","sourceLineName":"田園都市線","sourceOperator":"東急電鉄","source":"MLIT N02 2025"},"geometry":{"type":"LineString","coordinates":[[139.63507,35.62721],[139.63352,35.62586]]}},{"type":"Feature","properties":{"lineId":"tokyu-denentoshi","sourceLineName":"田園都市線","sourceOperator":"東急電鉄","source":"MLIT N02 2025"},"geometry":{"type":"LineString","coordinates":[[139.61681,35.60303],[139.61852,35.60389]]}},{"type":"Feature","properties":{"lineId":"tokyu-denentoshi","sourceLineName":"田園都市線","sourceOperator":"東急電鉄","source":"MLIT N02 2025"},"geometry":{"type":"LineString","coordinates":[[139.66177,35.63351],[139.66016,35.63256]]}},{"type":"Feature","properties":{"lineId":"tokyu-denentoshi","sourceLineName":"田園都市線","sourceOperator":"東急電鉄","source":"MLIT N02 2025"},"geometry":{"type":"LineString","coordinates":[[139.61852,35.60389],[139.62055,35.60502],[139.62212,35.60671]]}},{"type":"Feature","properties":{"lineId":"tokyu-denentoshi","sourceLineName":"田園都市線","sourceOperator":"東急電鉄","source":"MLIT N02 2025"},"geometry":{"type":"LineString","coordinates":[[139.62212,35.60671],[139.62335,35.6079]]}},{"type":"Feature","properties":{"lineId":"tokyu-denentoshi","sourceLineName":"田園都市線","sourceOperator":"東急電鉄","source":"MLIT N02 2025"},"geometry":{"type":"LineString","coordinates":[[139.6255,35.61036],[139.6273,35.61229]]}},{"type":"Feature","properties":{"lineId":"tokyu-denentoshi","sourceLineName":"田園都市線","sourceOperator":"東急電鉄","source":"MLIT N02 2025"},"geometry":{"type":"LineString","coordinates":[[139.6704,35.64267],[139.67209,35.64391]]}},{"type":"Feature","properties":{"lineId":"tokyu-denentoshi","sourceLineName":"田園都市線","sourceOperator":"東急電鉄","source":"MLIT N02 2025"},"geometry":{"type":"LineString","coordinates":[[139.62335,35.6079],[139.6255,35.61036]]}},{"type":"Feature","properties":{"lineId":"tokyu-denentoshi","sourceLineName":"田園都市線","sourceOperator":"東急電鉄","source":"MLIT N02 2025"},"geometry":{"type":"LineString","coordinates":[[139.55955,35.57763],[139.57025,35.57812],[139.57255,35.57921]]}},{"type":"Feature","properties":{"lineId":"tokyu-denentoshi","sourceLineName":"田園都市線","sourceOperator":"東急電鉄","source":"MLIT N02 2025"},"geometry":{"type":"LineString","coordinates":[[139.61134,35.60023],[139.61681,35.60303]]}},{"type":"Feature","properties":{"lineId":"tokyu-denentoshi","sourceLineName":"田園都市線","sourceOperator":"東急電鉄","source":"MLIT N02 2025"},"geometry":{"type":"LineString","coordinates":[[139.51795,35.54289],[139.51665,35.54282]]}},{"type":"Feature","properties":{"lineId":"tokyu-denentoshi","sourceLineName":"田園都市線","sourceOperator":"東急電鉄","source":"MLIT N02 2025"},"geometry":{"type":"LineString","coordinates":[[139.55779,35.57711],[139.55509,35.57492],[139.55362,35.56914]]}},{"type":"Feature","properties":{"lineId":"tokyu-denentoshi","sourceLineName":"田園都市線","sourceOperator":"東急電鉄","source":"MLIT N02 2025"},"geometry":{"type":"LineString","coordinates":[[139.5417,35.55172],[139.54082,35.55081]]}},{"type":"Feature","properties":{"lineId":"tokyu-denentoshi","sourceLineName":"田園都市線","sourceOperator":"東急電鉄","source":"MLIT N02 2025"},"geometry":{"type":"LineString","coordinates":[[139.60619,35.59426],[139.60809,35.59753],[139.60978,35.59929]]}},{"type":"Feature","properties":{"lineId":"tokyu-denentoshi","sourceLineName":"田園都市線","sourceOperator":"東急電鉄","source":"MLIT N02 2025"},"geometry":{"type":"LineString","coordinates":[[139.58347,35.5851],[139.58694,35.58553],[139.58993,35.58668]]}},{"type":"Feature","properties":{"lineId":"tokyu-denentoshi","sourceLineName":"田園都市線","sourceOperator":"東急電鉄","source":"MLIT N02 2025"},"geometry":{"type":"LineString","coordinates":[[139.55955,35.57763],[139.55779,35.57711]]}},{"type":"Feature","properties":{"lineId":"tokyu-denentoshi","sourceLineName":"田園都市線","sourceOperator":"東急電鉄","source":"MLIT N02 2025"},"geometry":{"type":"LineString","coordinates":[[139.55362,35.56914],[139.55347,35.56841]]}},{"type":"Feature","properties":{"lineId":"tokyu-denentoshi","sourceLineName":"田園都市線","sourceOperator":"東急電鉄","source":"MLIT N02 2025"},"geometry":{"type":"LineString","coordinates":[[139.60513,35.59322],[139.60619,35.59426]]}},{"type":"Feature","properties":{"lineId":"tokyu-denentoshi","sourceLineName":"田園都市線","sourceOperator":"東急電鉄","source":"MLIT N02 2025"},"geometry":{"type":"LineString","coordinates":[[139.58153,35.58484],[139.57721,35.58321],[139.57376,35.58024]]}},{"type":"Feature","properties":{"lineId":"tokyu-denentoshi","sourceLineName":"田園都市線","sourceOperator":"東急電鉄","source":"MLIT N02 2025"},"geometry":{"type":"LineString","coordinates":[[139.59193,35.58757],[139.5995,35.59026],[139.60513,35.59322]]}},{"type":"Feature","properties":{"lineId":"tokyu-denentoshi","sourceLineName":"田園都市線","sourceOperator":"東急電鉄","source":"MLIT N02 2025"},"geometry":{"type":"LineString","coordinates":[[139.58993,35.58668],[139.59193,35.58757]]}},{"type":"Feature","properties":{"lineId":"tokyu-denentoshi","sourceLineName":"田園都市線","sourceOperator":"東急電鉄","source":"MLIT N02 2025"},"geometry":{"type":"LineString","coordinates":[[139.54082,35.55081],[139.53536,35.54574],[139.52805,35.54347]]}},{"type":"Feature","properties":{"lineId":"tokyu-denentoshi","sourceLineName":"田園都市線","sourceOperator":"東急電鉄","source":"MLIT N02 2025"},"geometry":{"type":"LineString","coordinates":[[139.50506,35.53633],[139.50404,35.53542]]}},{"type":"Feature","properties":{"lineId":"tokyu-denentoshi","sourceLineName":"田園都市線","sourceOperator":"東急電鉄","source":"MLIT N02 2025"},"geometry":{"type":"LineString","coordinates":[[139.55347,35.56841],[139.55264,35.56119],[139.55163,35.55889]]}},{"type":"Feature","properties":{"lineId":"tokyu-denentoshi","sourceLineName":"田園都市線","sourceOperator":"東急電鉄","source":"MLIT N02 2025"},"geometry":{"type":"LineString","coordinates":[[139.52805,35.54347],[139.52711,35.54333]]}},{"type":"Feature","properties":{"lineId":"tokyu-denentoshi","sourceLineName":"田園都市線","sourceOperator":"東急電鉄","source":"MLIT N02 2025"},"geometry":{"type":"LineString","coordinates":[[139.57255,35.57921],[139.57376,35.58024]]}},{"type":"Feature","properties":{"lineId":"tokyu-denentoshi","sourceLineName":"田園都市線","sourceOperator":"東急電鉄","source":"MLIT N02 2025"},"geometry":{"type":"LineString","coordinates":[[139.55163,35.55889],[139.55119,35.55818]]}},{"type":"Feature","properties":{"lineId":"tokyu-denentoshi","sourceLineName":"田園都市線","sourceOperator":"東急電鉄","source":"MLIT N02 2025"},"geometry":{"type":"LineString","coordinates":[[139.58347,35.5851],[139.58153,35.58484]]}},{"type":"Feature","properties":{"lineId":"tokyu-denentoshi","sourceLineName":"田園都市線","sourceOperator":"東急電鉄","source":"MLIT N02 2025"},"geometry":{"type":"LineString","coordinates":[[139.51665,35.54282],[139.51334,35.54241],[139.51065,35.54124],[139.50506,35.53633]]}},{"type":"Feature","properties":{"lineId":"tokyu-denentoshi","sourceLineName":"田園都市線","sourceOperator":"東急電鉄","source":"MLIT N02 2025"},"geometry":{"type":"LineString","coordinates":[[139.52711,35.54333],[139.51795,35.54289]]}},{"type":"Feature","properties":{"lineId":"tokyu-denentoshi","sourceLineName":"田園都市線","sourceOperator":"東急電鉄","source":"MLIT N02 2025"},"geometry":{"type":"LineString","coordinates":[[139.55119,35.55818],[139.54444,35.55443],[139.5417,35.55172]]}},{"type":"Feature","properties":{"lineId":"tokyu-denentoshi","sourceLineName":"田園都市線","sourceOperator":"東急電鉄","source":"MLIT N02 2025"},"geometry":{"type":"LineString","coordinates":[[139.60978,35.59929],[139.61134,35.60023]]}},{"type":"Feature","properties":{"lineId":"tokyu-denentoshi","sourceLineName":"田園都市線","sourceOperator":"東急電鉄","source":"MLIT N02 2025"},"geometry":{"type":"LineString","coordinates":[[139.50404,35.53542],[139.49988,35.53213],[139.49536,35.53185]]}},{"type":"Feature","properties":{"lineId":"tokyu-denentoshi","sourceLineName":"田園都市線","sourceOperator":"東急電鉄","source":"MLIT N02 2025"},"geometry":{"type":"LineString","coordinates":[[139.46939,35.51144],[139.47149,35.51159]]}},{"type":"Feature","properties":{"lineId":"tokyu-denentoshi","sourceLineName":"田園都市線","sourceOperator":"東急電鉄","source":"MLIT N02 2025"},"geometry":{"type":"LineString","coordinates":[[139.48472,35.52621],[139.48516,35.52792]]}},{"type":"Feature","properties":{"lineId":"tokyu-denentoshi","sourceLineName":"田園都市線","sourceOperator":"東急電鉄","source":"MLIT N02 2025"},"geometry":{"type":"LineString","coordinates":[[139.47149,35.51159],[139.47594,35.51286],[139.4813,35.51649]]}},{"type":"Feature","properties":{"lineId":"tokyu-denentoshi","sourceLineName":"田園都市線","sourceOperator":"東急電鉄","source":"MLIT N02 2025"},"geometry":{"type":"LineString","coordinates":[[139.48516,35.52792],[139.48595,35.53024],[139.48703,35.53121],[139.49313,35.53181]]}},{"type":"Feature","properties":{"lineId":"tokyu-denentoshi","sourceLineName":"田園都市線","sourceOperator":"東急電鉄","source":"MLIT N02 2025"},"geometry":{"type":"LineString","coordinates":[[139.4813,35.51649],[139.48224,35.51784]]}},{"type":"Feature","properties":{"lineId":"tokyu-denentoshi","sourceLineName":"田園都市線","sourceOperator":"東急電鉄","source":"MLIT N02 2025"},"geometry":{"type":"LineString","coordinates":[[139.44594,35.50788],[139.44978,35.50831],[139.45788,35.51036]]}},{"type":"Feature","properties":{"lineId":"tokyu-denentoshi","sourceLineName":"田園都市線","sourceOperator":"東急電鉄","source":"MLIT N02 2025"},"geometry":{"type":"LineString","coordinates":[[139.49313,35.53181],[139.49536,35.53185]]}},{"type":"Feature","properties":{"lineId":"tokyu-denentoshi","sourceLineName":"田園都市線","sourceOperator":"東急電鉄","source":"MLIT N02 2025"},"geometry":{"type":"LineString","coordinates":[[139.44429,35.50774],[139.44594,35.50788]]}},{"type":"Feature","properties":{"lineId":"tokyu-denentoshi","sourceLineName":"田園都市線","sourceOperator":"東急電鉄","source":"MLIT N02 2025"},"geometry":{"type":"LineString","coordinates":[[139.45957,35.51075],[139.46939,35.51144]]}},{"type":"Feature","properties":{"lineId":"tokyu-denentoshi","sourceLineName":"田園都市線","sourceOperator":"東急電鉄","source":"MLIT N02 2025"},"geometry":{"type":"LineString","coordinates":[[139.45788,35.51036],[139.45957,35.51075]]}},{"type":"Feature","properties":{"lineId":"tokyu-denentoshi","sourceLineName":"田園都市線","sourceOperator":"東急電鉄","source":"MLIT N02 2025"},"geometry":{"type":"LineString","coordinates":[[139.48224,35.51784],[139.48472,35.52621]]}},{"type":"Feature","properties":{"lineId":"tokyu-meguro","sourceLineName":"目黒線","sourceOperator":"東急電鉄","source":"MLIT N02 2025"},"geometry":{"type":"LineString","coordinates":[[139.70392,35.6202],[139.70502,35.62082]]}},{"type":"Feature","properties":{"lineId":"tokyu-meguro","sourceLineName":"目黒線","sourceOperator":"東急電鉄","source":"MLIT N02 2025"},"geometry":{"type":"LineString","coordinates":[[139.69845,35.61513],[139.69897,35.61574]]}},{"type":"Feature","properties":{"lineId":"tokyu-meguro","sourceLineName":"目黒線","sourceOperator":"東急電鉄","source":"MLIT N02 2025"},"geometry":{"type":"LineString","coordinates":[[139.70502,35.62082],[139.71279,35.62522]]}},{"type":"Feature","properties":{"lineId":"tokyu-meguro","sourceLineName":"目黒線","sourceOperator":"東急電鉄","source":"MLIT N02 2025"},"geometry":{"type":"LineString","coordinates":[[139.69897,35.61574],[139.70125,35.61848],[139.70392,35.6202]]}},{"type":"Feature","properties":{"lineId":"tokyu-meguro","sourceLineName":"目黒線","sourceOperator":"東急電鉄","source":"MLIT N02 2025"},"geometry":{"type":"LineString","coordinates":[[139.71542,35.6332],[139.7159,35.63177]]}},{"type":"Feature","properties":{"lineId":"tokyu-meguro","sourceLineName":"目黒線","sourceOperator":"東急電鉄","source":"MLIT N02 2025"},"geometry":{"type":"LineString","coordinates":[[139.71279,35.62522],[139.71362,35.62569]]}},{"type":"Feature","properties":{"lineId":"tokyu-meguro","sourceLineName":"目黒線","sourceOperator":"東急電鉄","source":"MLIT N02 2025"},"geometry":{"type":"LineString","coordinates":[[139.71362,35.62569],[139.71634,35.62897],[139.7159,35.63177]]}},{"type":"Feature","properties":{"lineId":"tokyu-meguro","sourceLineName":"目黒線","sourceOperator":"東急電鉄","source":"MLIT N02 2025"},"geometry":{"type":"LineString","coordinates":[[139.68404,35.60699],[139.68543,35.60736]]}},{"type":"Feature","properties":{"lineId":"tokyu-meguro","sourceLineName":"目黒線","sourceOperator":"東急電鉄","source":"MLIT N02 2025"},"geometry":{"type":"LineString","coordinates":[[139.69444,35.61043],[139.69845,35.61513]]}},{"type":"Feature","properties":{"lineId":"tokyu-meguro","sourceLineName":"目黒線","sourceOperator":"東急電鉄","source":"MLIT N02 2025"},"geometry":{"type":"LineString","coordinates":[[139.67285,35.60406],[139.68404,35.60699]]}},{"type":"Feature","properties":{"lineId":"tokyu-meguro","sourceLineName":"目黒線","sourceOperator":"東急電鉄","source":"MLIT N02 2025"},"geometry":{"type":"LineString","coordinates":[[139.67197,35.60383],[139.67285,35.60406]]}},{"type":"Feature","properties":{"lineId":"tokyu-meguro","sourceLineName":"目黒線","sourceOperator":"東急電鉄","source":"MLIT N02 2025"},"geometry":{"type":"LineString","coordinates":[[139.69377,35.60975],[139.69444,35.61043]]}},{"type":"Feature","properties":{"lineId":"tokyu-meguro","sourceLineName":"目黒線","sourceOperator":"東急電鉄","source":"MLIT N02 2025"},"geometry":{"type":"LineString","coordinates":[[139.68543,35.60736],[139.69377,35.60975]]}},{"type":"Feature","properties":{"lineId":"tokyu-meguro","sourceLineName":"目黒線","sourceOperator":"東急電鉄","source":"MLIT N02 2025"},"geometry":{"type":"LineString","coordinates":[[139.66727,35.5986],[139.66748,35.60112],[139.66816,35.60217],[139.67197,35.60383]]}},{"type":"Feature","properties":{"lineId":"tokyu-meguro","sourceLineName":"目黒線","sourceOperator":"東急電鉄","source":"MLIT N02 2025"},"geometry":{"type":"LineString","coordinates":[[139.66726,35.59795],[139.66727,35.5986]]}},{"type":"Feature","properties":{"lineId":"tokyu-meguro","sourceLineName":"目黒線","sourceOperator":"東急電鉄","source":"MLIT N02 2025"},"geometry":{"type":"LineString","coordinates":[[139.66726,35.59795],[139.66731,35.59663]]}},{"type":"Feature","properties":{"lineId":"tokyo-metro-hibiya","sourceLineName":"2号線日比谷線","sourceOperator":"東京地下鉄","source":"MLIT N02 2025"},"geometry":{"type":"LineString","coordinates":[[139.76464,35.67155],[139.76337,35.67241]]}},{"type":"Feature","properties":{"lineId":"tokyo-metro-hibiya","sourceLineName":"2号線日比谷線","sourceOperator":"東京地下鉄","source":"MLIT N02 2025"},"geometry":{"type":"LineString","coordinates":[[139.77663,35.71099],[139.77626,35.7074]]}},{"type":"Feature","properties":{"lineId":"tokyo-metro-hibiya","sourceLineName":"2号線日比谷線","sourceOperator":"東京地下鉄","source":"MLIT N02 2025"},"geometry":{"type":"LineString","coordinates":[[139.79182,35.7299],[139.79326,35.73066],[139.79644,35.73067],[139.79832,35.73174]]}},{"type":"Feature","properties":{"lineId":"tokyo-metro-hibiya","sourceLineName":"2号線日比谷線","sourceOperator":"東京地下鉄","source":"MLIT N02 2025"},"geometry":{"type":"LineString","coordinates":[[139.77626,35.7074],[139.77612,35.70591]]}},{"type":"Feature","properties":{"lineId":"tokyo-metro-hibiya","sourceLineName":"2号線日比谷線","sourceOperator":"東京地下鉄","source":"MLIT N02 2025"},"geometry":{"type":"LineString","coordinates":[[139.77169,35.66731],[139.77003,35.66713],[139.76836,35.66849]]}},{"type":"Feature","properties":{"lineId":"tokyo-metro-hibiya","sourceLineName":"2号線日比谷線","sourceOperator":"東京地下鉄","source":"MLIT N02 2025"},"geometry":{"type":"LineString","coordinates":[[139.78504,35.72131],[139.78388,35.71983]]}},{"type":"Feature","properties":{"lineId":"tokyo-metro-hibiya","sourceLineName":"2号線日比谷線","sourceOperator":"東京地下鉄","source":"MLIT N02 2025"},"geometry":{"type":"LineString","coordinates":[[139.79924,35.73288],[139.80106,35.7362],[139.80333,35.74456],[139.80499,35.74797]]}},{"type":"Feature","properties":{"lineId":"tokyo-metro-hibiya","sourceLineName":"2号線日比谷線","sourceOperator":"東京地下鉄","source":"MLIT N02 2025"},"geometry":{"type":"LineString","coordinates":[[139.79051,35.72867],[139.78504,35.72131]]}},{"type":"Feature","properties":{"lineId":"tokyo-metro-hibiya","sourceLineName":"2号線日比谷線","sourceOperator":"東京地下鉄","source":"MLIT N02 2025"},"geometry":{"type":"LineString","coordinates":[[139.76691,35.66977],[139.76836,35.66849]]}},{"type":"Feature","properties":{"lineId":"tokyo-metro-hibiya","sourceLineName":"2号線日比谷線","sourceOperator":"東京地下鉄","source":"MLIT N02 2025"},"geometry":{"type":"LineString","coordinates":[[139.79924,35.73288],[139.79832,35.73174]]}},{"type":"Feature","properties":{"lineId":"tokyo-metro-hibiya","sourceLineName":"2号線日比谷線","sourceOperator":"東京地下鉄","source":"MLIT N02 2025"},"geometry":{"type":"LineString","coordinates":[[139.78179,35.6869],[139.78289,35.68562]]}},{"type":"Feature","properties":{"lineId":"tokyo-metro-hibiya","sourceLineName":"2号線日比谷線","sourceOperator":"東京地下鉄","source":"MLIT N02 2025"},"geometry":{"type":"LineString","coordinates":[[139.77764,35.71199],[139.77663,35.71099]]}},{"type":"Feature","properties":{"lineId":"tokyo-metro-hibiya","sourceLineName":"2号線日比谷線","sourceOperator":"東京地下鉄","source":"MLIT N02 2025"},"geometry":{"type":"LineString","coordinates":[[139.79182,35.7299],[139.79051,35.72867]]}},{"type":"Feature","properties":{"lineId":"tokyo-metro-hibiya","sourceLineName":"2号線日比谷線","sourceOperator":"東京地下鉄","source":"MLIT N02 2025"},"geometry":{"type":"LineString","coordinates":[[139.78005,35.67976],[139.7792,35.67839]]}},{"type":"Feature","properties":{"lineId":"tokyo-metro-hibiya","sourceLineName":"2号線日比谷線","sourceOperator":"東京地下鉄","source":"MLIT N02 2025"},"geometry":{"type":"LineString","coordinates":[[139.7792,35.67839],[139.77775,35.67606]]}},{"type":"Feature","properties":{"lineId":"tokyo-metro-hibiya","sourceLineName":"2号線日比谷線","sourceOperator":"東京地下鉄","source":"MLIT N02 2025"},"geometry":{"type":"LineString","coordinates":[[139.77817,35.69112],[139.7771,35.69258],[139.7755,35.69719]]}},{"type":"Feature","properties":{"lineId":"tokyo-metro-hibiya","sourceLineName":"2号線日比谷線","sourceOperator":"東京地下鉄","source":"MLIT N02 2025"},"geometry":{"type":"LineString","coordinates":[[139.77817,35.69112],[139.77935,35.68973]]}},{"type":"Feature","properties":{"lineId":"tokyo-metro-hibiya","sourceLineName":"2号線日比谷線","sourceOperator":"東京地下鉄","source":"MLIT N02 2025"},"geometry":{"type":"LineString","coordinates":[[139.77935,35.68973],[139.78179,35.6869]]}},{"type":"Feature","properties":{"lineId":"tokyo-metro-hibiya","sourceLineName":"2号線日比谷線","sourceOperator":"東京地下鉄","source":"MLIT N02 2025"},"geometry":{"type":"LineString","coordinates":[[139.77612,35.70591],[139.77555,35.69874]]}},{"type":"Feature","properties":{"lineId":"tokyo-metro-hibiya","sourceLineName":"2号線日比谷線","sourceOperator":"東京地下鉄","source":"MLIT N02 2025"},"geometry":{"type":"LineString","coordinates":[[139.7755,35.69719],[139.77555,35.69874]]}},{"type":"Feature","properties":{"lineId":"tokyo-metro-hibiya","sourceLineName":"2号線日比谷線","sourceOperator":"東京地下鉄","source":"MLIT N02 2025"},"geometry":{"type":"LineString","coordinates":[[139.78289,35.68562],[139.7829,35.68386],[139.78005,35.67976]]}},{"type":"Feature","properties":{"lineId":"tokyo-metro-hibiya","sourceLineName":"2号線日比谷線","sourceOperator":"東京地下鉄","source":"MLIT N02 2025"},"geometry":{"type":"LineString","coordinates":[[139.77693,35.67467],[139.77512,35.67026],[139.77326,35.66854]]}},{"type":"Feature","properties":{"lineId":"tokyo-metro-hibiya","sourceLineName":"2号線日比谷線","sourceOperator":"東京地下鉄","source":"MLIT N02 2025"},"geometry":{"type":"LineString","coordinates":[[139.77775,35.67606],[139.77693,35.67467]]}},{"type":"Feature","properties":{"lineId":"tokyo-metro-hibiya","sourceLineName":"2号線日比谷線","sourceOperator":"東京地下鉄","source":"MLIT N02 2025"},"geometry":{"type":"LineString","coordinates":[[139.76464,35.67155],[139.76691,35.66977]]}},{"type":"Feature","properties":{"lineId":"tokyo-metro-hibiya","sourceLineName":"2号線日比谷線","sourceOperator":"東京地下鉄","source":"MLIT N02 2025"},"geometry":{"type":"LineString","coordinates":[[139.77326,35.66854],[139.77169,35.66731]]}},{"type":"Feature","properties":{"lineId":"tokyo-metro-hibiya","sourceLineName":"2号線日比谷線","sourceOperator":"東京地下鉄","source":"MLIT N02 2025"},"geometry":{"type":"LineString","coordinates":[[139.77764,35.71199],[139.78388,35.71983]]}},{"type":"Feature","properties":{"lineId":"tokyo-metro-hibiya","sourceLineName":"2号線日比谷線","sourceOperator":"東京地下鉄","source":"MLIT N02 2025"},"geometry":{"type":"LineString","coordinates":[[139.80499,35.74797],[139.80518,35.74855]]}},{"type":"Feature","properties":{"lineId":"tokyo-metro-hibiya","sourceLineName":"2号線日比谷線","sourceOperator":"東京地下鉄","source":"MLIT N02 2025"},"geometry":{"type":"LineString","coordinates":[[139.80518,35.74855],[139.806,35.75126]]}},{"type":"Feature","properties":{"lineId":"tokyo-metro-hibiya","sourceLineName":"2号線日比谷線","sourceOperator":"東京地下鉄","source":"MLIT N02 2025"},"geometry":{"type":"LineString","coordinates":[[139.73206,35.66325],[139.74146,35.65977],[139.7428,35.66024],[139.74419,35.66206]]}},{"type":"Feature","properties":{"lineId":"tokyo-metro-hibiya","sourceLineName":"2号線日比谷線","sourceOperator":"東京地下鉄","source":"MLIT N02 2025"},"geometry":{"type":"LineString","coordinates":[[139.75144,35.67452],[139.75068,35.67323]]}},{"type":"Feature","properties":{"lineId":"tokyo-metro-hibiya","sourceLineName":"2号線日比谷線","sourceOperator":"東京地下鉄","source":"MLIT N02 2025"},"geometry":{"type":"LineString","coordinates":[[139.74526,35.66319],[139.74755,35.66681]]}},{"type":"Feature","properties":{"lineId":"tokyo-metro-hibiya","sourceLineName":"2号線日比谷線","sourceOperator":"東京地下鉄","source":"MLIT N02 2025"},"geometry":{"type":"LineString","coordinates":[[139.76337,35.67241],[139.76131,35.67378]]}},{"type":"Feature","properties":{"lineId":"tokyo-metro-hibiya","sourceLineName":"2号線日比谷線","sourceOperator":"東京地下鉄","source":"MLIT N02 2025"},"geometry":{"type":"LineString","coordinates":[[139.74419,35.66206],[139.74526,35.66319]]}},{"type":"Feature","properties":{"lineId":"tokyo-metro-hibiya","sourceLineName":"2号線日比谷線","sourceOperator":"東京地下鉄","source":"MLIT N02 2025"},"geometry":{"type":"LineString","coordinates":[[139.75144,35.67452],[139.7526,35.67637],[139.7546,35.67731],[139.75989,35.67476]]}},{"type":"Feature","properties":{"lineId":"tokyo-metro-hibiya","sourceLineName":"2号線日比谷線","sourceOperator":"東京地下鉄","source":"MLIT N02 2025"},"geometry":{"type":"LineString","coordinates":[[139.73025,35.66235],[139.73206,35.66325]]}},{"type":"Feature","properties":{"lineId":"tokyo-metro-hibiya","sourceLineName":"2号線日比谷線","sourceOperator":"東京地下鉄","source":"MLIT N02 2025"},"geometry":{"type":"LineString","coordinates":[[139.75989,35.67476],[139.76131,35.67378]]}},{"type":"Feature","properties":{"lineId":"tokyo-metro-hibiya","sourceLineName":"2号線日比谷線","sourceOperator":"東京地下鉄","source":"MLIT N02 2025"},"geometry":{"type":"LineString","coordinates":[[139.69815,35.64352],[139.69952,35.64469]]}},{"type":"Feature","properties":{"lineId":"tokyo-metro-hibiya","sourceLineName":"2号線日比谷線","sourceOperator":"東京地下鉄","source":"MLIT N02 2025"},"geometry":{"type":"LineString","coordinates":[[139.70808,35.64646],[139.70924,35.6477]]}},{"type":"Feature","properties":{"lineId":"tokyo-metro-hibiya","sourceLineName":"2号線日比谷線","sourceOperator":"東京地下鉄","source":"MLIT N02 2025"},"geometry":{"type":"LineString","coordinates":[[139.70064,35.64561],[139.70261,35.64665],[139.70808,35.64646]]}},{"type":"Feature","properties":{"lineId":"tokyo-metro-hibiya","sourceLineName":"2号線日比谷線","sourceOperator":"東京地下鉄","source":"MLIT N02 2025"},"geometry":{"type":"LineString","coordinates":[[139.70064,35.64561],[139.69952,35.64469]]}},{"type":"Feature","properties":{"lineId":"tokyo-metro-hibiya","sourceLineName":"2号線日比谷線","sourceOperator":"東京地下鉄","source":"MLIT N02 2025"},"geometry":{"type":"LineString","coordinates":[[139.72216,35.6524],[139.72385,35.65659],[139.72369,35.6594],[139.73025,35.66235]]}},{"type":"Feature","properties":{"lineId":"tokyo-metro-hibiya","sourceLineName":"2号線日比谷線","sourceOperator":"東京地下鉄","source":"MLIT N02 2025"},"geometry":{"type":"LineString","coordinates":[[139.72226,35.6506],[139.72216,35.6524]]}},{"type":"Feature","properties":{"lineId":"tokyo-metro-hibiya","sourceLineName":"2号線日比谷線","sourceOperator":"東京地下鉄","source":"MLIT N02 2025"},"geometry":{"type":"LineString","coordinates":[[139.70924,35.6477],[139.71103,35.6488],[139.71508,35.64838],[139.72071,35.64927],[139.72226,35.6506]]}},{"type":"Feature","properties":{"lineId":"tokyo-metro-marunouchi","sourceLineName":"4号線丸ノ内線","sourceOperator":"東京地下鉄","source":"MLIT N02 2025"},"geometry":{"type":"LineString","coordinates":[[139.765,35.68273],[139.7646,35.68114]]}},{"type":"Feature","properties":{"lineId":"tokyo-metro-marunouchi","sourceLineName":"4号線丸ノ内線","sourceOperator":"東京地下鉄","source":"MLIT N02 2025"},"geometry":{"type":"LineString","coordinates":[[139.76746,35.69535],[139.76745,35.69439]]}},{"type":"Feature","properties":{"lineId":"tokyo-metro-marunouchi","sourceLineName":"4号線丸ノ内線","sourceOperator":"東京地下鉄","source":"MLIT N02 2025"},"geometry":{"type":"LineString","coordinates":[[139.76443,35.67358],[139.76323,35.67289]]}},{"type":"Feature","properties":{"lineId":"tokyo-metro-marunouchi","sourceLineName":"4号線丸ノ内線","sourceOperator":"東京地下鉄","source":"MLIT N02 2025"},"geometry":{"type":"LineString","coordinates":[[139.76608,35.68639],[139.765,35.68273]]}},{"type":"Feature","properties":{"lineId":"tokyo-metro-marunouchi","sourceLineName":"4号線丸ノ内線","sourceOperator":"東京地下鉄","source":"MLIT N02 2025"},"geometry":{"type":"LineString","coordinates":[[139.76526,35.70017],[139.76683,35.6989],[139.76746,35.69535]]}},{"type":"Feature","properties":{"lineId":"tokyo-metro-marunouchi","sourceLineName":"4号線丸ノ内線","sourceOperator":"東京地下鉄","source":"MLIT N02 2025"},"geometry":{"type":"LineString","coordinates":[[139.76355,35.70069],[139.76526,35.70017]]}},{"type":"Feature","properties":{"lineId":"tokyo-metro-marunouchi","sourceLineName":"4号線丸ノ内線","sourceOperator":"東京地下鉄","source":"MLIT N02 2025"},"geometry":{"type":"LineString","coordinates":[[139.76745,35.69439],[139.76633,35.68736]]}},{"type":"Feature","properties":{"lineId":"tokyo-metro-marunouchi","sourceLineName":"4号線丸ノ内線","sourceOperator":"東京地下鉄","source":"MLIT N02 2025"},"geometry":{"type":"LineString","coordinates":[[139.7646,35.68114],[139.76566,35.67968],[139.76515,35.67771],[139.76571,35.67548],[139.76443,35.67358]]}},{"type":"Feature","properties":{"lineId":"tokyo-metro-marunouchi","sourceLineName":"4号線丸ノ内線","sourceOperator":"東京地下鉄","source":"MLIT N02 2025"},"geometry":{"type":"LineString","coordinates":[[139.76633,35.68736],[139.76608,35.68639]]}},{"type":"Feature","properties":{"lineId":"tokyo-metro-marunouchi","sourceLineName":"4号線丸ノ内線","sourceOperator":"東京地下鉄","source":"MLIT N02 2025"},"geometry":{"type":"LineString","coordinates":[[139.75164,35.70734],[139.7561,35.70742]]}},{"type":"Feature","properties":{"lineId":"tokyo-metro-marunouchi","sourceLineName":"4号線丸ノ内線","sourceOperator":"東京地下鉄","source":"MLIT N02 2025"},"geometry":{"type":"LineString","coordinates":[[139.75164,35.70734],[139.75008,35.70728]]}},{"type":"Feature","properties":{"lineId":"tokyo-metro-marunouchi","sourceLineName":"4号線丸ノ内線","sourceOperator":"東京地下鉄","source":"MLIT N02 2025"},"geometry":{"type":"LineString","coordinates":[[139.73649,35.71758],[139.7373,35.71682]]}},{"type":"Feature","properties":{"lineId":"tokyo-metro-marunouchi","sourceLineName":"4号線丸ノ内線","sourceOperator":"東京地下鉄","source":"MLIT N02 2025"},"geometry":{"type":"LineString","coordinates":[[139.7373,35.71682],[139.74045,35.71273],[139.74623,35.70825],[139.7475,35.70752],[139.75008,35.70728]]}},{"type":"Feature","properties":{"lineId":"tokyo-metro-marunouchi","sourceLineName":"4号線丸ノ内線","sourceOperator":"東京地下鉄","source":"MLIT N02 2025"},"geometry":{"type":"LineString","coordinates":[[139.75831,35.70747],[139.7595,35.70728]]}},{"type":"Feature","properties":{"lineId":"tokyo-metro-marunouchi","sourceLineName":"4号線丸ノ内線","sourceOperator":"東京地下鉄","source":"MLIT N02 2025"},"geometry":{"type":"LineString","coordinates":[[139.62077,35.70419],[139.61875,35.70416]]}},{"type":"Feature","properties":{"lineId":"tokyo-metro-marunouchi","sourceLineName":"4号線丸ノ内線","sourceOperator":"東京地下鉄","source":"MLIT N02 2025"},"geometry":{"type":"LineString","coordinates":[[139.71196,35.73008],[139.71391,35.72928],[139.71864,35.73068],[139.72192,35.73068],[139.7288,35.72652]]}},{"type":"Feature","properties":{"lineId":"tokyo-metro-marunouchi","sourceLineName":"4号線丸ノ内線","sourceOperator":"東京地下鉄","source":"MLIT N02 2025"},"geometry":{"type":"LineString","coordinates":[[139.72991,35.72574],[139.73276,35.72362],[139.73496,35.71926],[139.73649,35.71758]]}},{"type":"Feature","properties":{"lineId":"tokyo-metro-marunouchi","sourceLineName":"4号線丸ノ内線","sourceOperator":"東京地下鉄","source":"MLIT N02 2025"},"geometry":{"type":"LineString","coordinates":[[139.71034,35.73061],[139.71196,35.73008]]}},{"type":"Feature","properties":{"lineId":"tokyo-metro-marunouchi","sourceLineName":"4号線丸ノ内線","sourceOperator":"東京地下鉄","source":"MLIT N02 2025"},"geometry":{"type":"LineString","coordinates":[[139.7288,35.72652],[139.72991,35.72574]]}},{"type":"Feature","properties":{"lineId":"tokyo-metro-marunouchi","sourceLineName":"4号線丸ノ内線","sourceOperator":"東京地下鉄","source":"MLIT N02 2025"},"geometry":{"type":"LineString","coordinates":[[139.7595,35.70728],[139.76077,35.70613]]}},{"type":"Feature","properties":{"lineId":"tokyo-metro-marunouchi","sourceLineName":"4号線丸ノ内線","sourceOperator":"東京地下鉄","source":"MLIT N02 2025"},"geometry":{"type":"LineString","coordinates":[[139.7561,35.70742],[139.75831,35.70747]]}},{"type":"Feature","properties":{"lineId":"tokyo-metro-marunouchi","sourceLineName":"4号線丸ノ内線","sourceOperator":"東京地下鉄","source":"MLIT N02 2025"},"geometry":{"type":"LineString","coordinates":[[139.73814,35.67552],[139.73773,35.67621]]}},{"type":"Feature","properties":{"lineId":"tokyo-metro-marunouchi","sourceLineName":"4号線丸ノ内線","sourceOperator":"東京地下鉄","source":"MLIT N02 2025"},"geometry":{"type":"LineString","coordinates":[[139.73773,35.67621],[139.73704,35.67752]]}},{"type":"Feature","properties":{"lineId":"tokyo-metro-marunouchi","sourceLineName":"4号線丸ノ内線","sourceOperator":"東京地下鉄","source":"MLIT N02 2025"},"geometry":{"type":"LineString","coordinates":[[139.74627,35.67572],[139.74836,35.676],[139.7519,35.67456]]}},{"type":"Feature","properties":{"lineId":"tokyo-metro-marunouchi","sourceLineName":"4号線丸ノ内線","sourceOperator":"東京地下鉄","source":"MLIT N02 2025"},"geometry":{"type":"LineString","coordinates":[[139.72037,35.68793],[139.71828,35.68774]]}},{"type":"Feature","properties":{"lineId":"tokyo-metro-marunouchi","sourceLineName":"4号線丸ノ内線","sourceOperator":"東京地下鉄","source":"MLIT N02 2025"},"geometry":{"type":"LineString","coordinates":[[139.74455,35.67429],[139.74627,35.67572]]}},{"type":"Feature","properties":{"lineId":"tokyo-metro-marunouchi","sourceLineName":"4号線丸ノ内線","sourceOperator":"東京地下鉄","source":"MLIT N02 2025"},"geometry":{"type":"LineString","coordinates":[[139.7299,35.68512],[139.7295,35.6858],[139.72343,35.68787],[139.72037,35.68793]]}},{"type":"Feature","properties":{"lineId":"tokyo-metro-marunouchi","sourceLineName":"4号線丸ノ内線","sourceOperator":"東京地下鉄","source":"MLIT N02 2025"},"geometry":{"type":"LineString","coordinates":[[139.73704,35.67752],[139.73307,35.67884],[139.73074,35.68145],[139.73009,35.68326]]}},{"type":"Feature","properties":{"lineId":"tokyo-metro-marunouchi","sourceLineName":"4号線丸ノ内線","sourceOperator":"東京地下鉄","source":"MLIT N02 2025"},"geometry":{"type":"LineString","coordinates":[[139.76323,35.67289],[139.7604,35.67224],[139.75346,35.67391]]}},{"type":"Feature","properties":{"lineId":"tokyo-metro-marunouchi","sourceLineName":"4号線丸ノ内線","sourceOperator":"東京地下鉄","source":"MLIT N02 2025"},"geometry":{"type":"LineString","coordinates":[[139.75346,35.67391],[139.7519,35.67456]]}},{"type":"Feature","properties":{"lineId":"tokyo-metro-marunouchi","sourceLineName":"4号線丸ノ内線","sourceOperator":"東京地下鉄","source":"MLIT N02 2025"},"geometry":{"type":"LineString","coordinates":[[139.76077,35.70613],[139.7618,35.7043],[139.76205,35.70181],[139.76355,35.70069]]}},{"type":"Feature","properties":{"lineId":"tokyo-metro-marunouchi","sourceLineName":"4号線丸ノ内線","sourceOperator":"東京地下鉄","source":"MLIT N02 2025"},"geometry":{"type":"LineString","coordinates":[[139.73009,35.68326],[139.7299,35.68512]]}},{"type":"Feature","properties":{"lineId":"tokyo-metro-marunouchi","sourceLineName":"4号線丸ノ内線","sourceOperator":"東京地下鉄","source":"MLIT N02 2025"},"geometry":{"type":"LineString","coordinates":[[139.73814,35.67552],[139.74103,35.67354],[139.74455,35.67429]]}},{"type":"Feature","properties":{"lineId":"tokyo-metro-marunouchi","sourceLineName":"4号線丸ノ内線","sourceOperator":"東京地下鉄","source":"MLIT N02 2025"},"geometry":{"type":"LineString","coordinates":[[139.67029,35.6975],[139.66873,35.69745]]}},{"type":"Feature","properties":{"lineId":"tokyo-metro-marunouchi","sourceLineName":"4号線丸ノ内線","sourceOperator":"東京地下鉄","source":"MLIT N02 2025"},"geometry":{"type":"LineString","coordinates":[[139.67591,35.69767],[139.67029,35.6975]]}},{"type":"Feature","properties":{"lineId":"tokyo-metro-marunouchi","sourceLineName":"4号線丸ノ内線","sourceOperator":"東京地下鉄","source":"MLIT N02 2025"},"geometry":{"type":"LineString","coordinates":[[139.68157,35.69716],[139.67591,35.69767]]}},{"type":"Feature","properties":{"lineId":"tokyo-metro-marunouchi","sourceLineName":"4号線丸ノ内線","sourceOperator":"東京地下鉄","source":"MLIT N02 2025"},"geometry":{"type":"LineString","coordinates":[[139.70489,35.69087],[139.70353,35.69149]]}},{"type":"Feature","properties":{"lineId":"tokyo-metro-marunouchi","sourceLineName":"4号線丸ノ内線","sourceOperator":"東京地下鉄","source":"MLIT N02 2025"},"geometry":{"type":"LineString","coordinates":[[139.64926,35.69788],[139.64776,35.69784]]}},{"type":"Feature","properties":{"lineId":"tokyo-metro-marunouchi","sourceLineName":"4号線丸ノ内線","sourceOperator":"東京地下鉄","source":"MLIT N02 2025"},"geometry":{"type":"LineString","coordinates":[[139.70353,35.69149],[139.7013,35.69235]]}},{"type":"Feature","properties":{"lineId":"tokyo-metro-marunouchi","sourceLineName":"4号線丸ノ内線","sourceOperator":"東京地下鉄","source":"MLIT N02 2025"},"geometry":{"type":"LineString","coordinates":[[139.63624,35.69918],[139.63491,35.69973]]}},{"type":"Feature","properties":{"lineId":"tokyo-metro-marunouchi","sourceLineName":"4号線丸ノ内線","sourceOperator":"東京地下鉄","source":"MLIT N02 2025"},"geometry":{"type":"LineString","coordinates":[[139.6932,35.69428],[139.69192,35.69475]]}},{"type":"Feature","properties":{"lineId":"tokyo-metro-marunouchi","sourceLineName":"4号線丸ノ内線","sourceOperator":"東京地下鉄","source":"MLIT N02 2025"},"geometry":{"type":"LineString","coordinates":[[139.71185,35.68834],[139.70998,35.68871]]}},{"type":"Feature","properties":{"lineId":"tokyo-metro-marunouchi","sourceLineName":"4号線丸ノ内線","sourceOperator":"東京地下鉄","source":"MLIT N02 2025"},"geometry":{"type":"LineString","coordinates":[[139.65759,35.69806],[139.64926,35.69788]]}},{"type":"Feature","properties":{"lineId":"tokyo-metro-marunouchi","sourceLineName":"4号線丸ノ内線","sourceOperator":"東京地下鉄","source":"MLIT N02 2025"},"geometry":{"type":"LineString","coordinates":[[139.69192,35.69475],[139.68284,35.69701]]}},{"type":"Feature","properties":{"lineId":"tokyo-metro-marunouchi","sourceLineName":"4号線丸ノ内線","sourceOperator":"東京地下鉄","source":"MLIT N02 2025"},"geometry":{"type":"LineString","coordinates":[[139.659,35.69787],[139.65759,35.69806]]}},{"type":"Feature","properties":{"lineId":"tokyo-metro-marunouchi","sourceLineName":"4号線丸ノ内線","sourceOperator":"東京地下鉄","source":"MLIT N02 2025"},"geometry":{"type":"LineString","coordinates":[[139.64776,35.69784],[139.64114,35.69783],[139.63624,35.69918]]}},{"type":"Feature","properties":{"lineId":"tokyo-metro-marunouchi","sourceLineName":"4号線丸ノ内線","sourceOperator":"東京地下鉄","source":"MLIT N02 2025"},"geometry":{"type":"LineString","coordinates":[[139.7013,35.69235],[139.69979,35.69251]]}},{"type":"Feature","properties":{"lineId":"tokyo-metro-marunouchi","sourceLineName":"4号線丸ノ内線","sourceOperator":"東京地下鉄","source":"MLIT N02 2025"},"geometry":{"type":"LineString","coordinates":[[139.69979,35.69251],[139.69821,35.6924],[139.6932,35.69428]]}},{"type":"Feature","properties":{"lineId":"tokyo-metro-marunouchi","sourceLineName":"4号線丸ノ内線","sourceOperator":"東京地下鉄","source":"MLIT N02 2025"},"geometry":{"type":"LineString","coordinates":[[139.63491,35.69973],[139.627,35.70358],[139.62331,35.70436],[139.62077,35.70419]]}},{"type":"Feature","properties":{"lineId":"tokyo-metro-marunouchi","sourceLineName":"4号線丸ノ内線","sourceOperator":"東京地下鉄","source":"MLIT N02 2025"},"geometry":{"type":"LineString","coordinates":[[139.66873,35.69745],[139.659,35.69787]]}},{"type":"Feature","properties":{"lineId":"tokyo-metro-marunouchi","sourceLineName":"4号線丸ノ内線","sourceOperator":"東京地下鉄","source":"MLIT N02 2025"},"geometry":{"type":"LineString","coordinates":[[139.70998,35.68871],[139.70489,35.69087]]}},{"type":"Feature","properties":{"lineId":"tokyo-metro-marunouchi","sourceLineName":"4号線丸ノ内線","sourceOperator":"東京地下鉄","source":"MLIT N02 2025"},"geometry":{"type":"LineString","coordinates":[[139.71828,35.68774],[139.71524,35.68763],[139.71185,35.68834]]}},{"type":"Feature","properties":{"lineId":"tokyo-metro-marunouchi","sourceLineName":"4号線丸ノ内線","sourceOperator":"東京地下鉄","source":"MLIT N02 2025"},"geometry":{"type":"LineString","coordinates":[[139.68284,35.69701],[139.68157,35.69716]]}},{"type":"Feature","properties":{"lineId":"tokyo-metro-marunouchi","sourceLineName":"4号線丸ノ内線分岐線","sourceOperator":"東京地下鉄","source":"MLIT N02 2025"},"geometry":{"type":"LineString","coordinates":[[139.68157,35.69716],[139.67591,35.69767]]}},{"type":"Feature","properties":{"lineId":"tokyo-metro-marunouchi","sourceLineName":"4号線丸ノ内線分岐線","sourceOperator":"東京地下鉄","source":"MLIT N02 2025"},"geometry":{"type":"LineString","coordinates":[[139.68284,35.69701],[139.68157,35.69716]]}},{"type":"Feature","properties":{"lineId":"tokyo-metro-marunouchi","sourceLineName":"4号線丸ノ内線分岐線","sourceOperator":"東京地下鉄","source":"MLIT N02 2025"},"geometry":{"type":"LineString","coordinates":[[139.67348,35.69136],[139.6689,35.69089]]}},{"type":"Feature","properties":{"lineId":"tokyo-metro-marunouchi","sourceLineName":"4号線丸ノ内線分岐線","sourceOperator":"東京地下鉄","source":"MLIT N02 2025"},"geometry":{"type":"LineString","coordinates":[[139.67448,35.69207],[139.67348,35.69136]]}},{"type":"Feature","properties":{"lineId":"tokyo-metro-marunouchi","sourceLineName":"4号線丸ノ内線分岐線","sourceOperator":"東京地下鉄","source":"MLIT N02 2025"},"geometry":{"type":"LineString","coordinates":[[139.66741,35.69075],[139.66428,35.68898],[139.66302,35.68508],[139.65867,35.68367]]}},{"type":"Feature","properties":{"lineId":"tokyo-metro-marunouchi","sourceLineName":"4号線丸ノ内線分岐線","sourceOperator":"東京地下鉄","source":"MLIT N02 2025"},"geometry":{"type":"LineString","coordinates":[[139.65867,35.68367],[139.6572,35.68336]]}},{"type":"Feature","properties":{"lineId":"tokyo-metro-marunouchi","sourceLineName":"4号線丸ノ内線分岐線","sourceOperator":"東京地下鉄","source":"MLIT N02 2025"},"geometry":{"type":"LineString","coordinates":[[139.67591,35.69767],[139.67409,35.69628],[139.67448,35.69207]]}},{"type":"Feature","properties":{"lineId":"tokyo-metro-marunouchi","sourceLineName":"4号線丸ノ内線分岐線","sourceOperator":"東京地下鉄","source":"MLIT N02 2025"},"geometry":{"type":"LineString","coordinates":[[139.6689,35.69089],[139.66741,35.69075]]}},{"type":"Feature","properties":{"lineId":"tokyo-metro-tozai","sourceLineName":"5号線東西線","sourceOperator":"東京地下鉄","source":"MLIT N02 2025"},"geometry":{"type":"LineString","coordinates":[[139.95788,35.70782],[139.95648,35.70852]]}},{"type":"Feature","properties":{"lineId":"tokyo-metro-tozai","sourceLineName":"5号線東西線","sourceOperator":"東京地下鉄","source":"MLIT N02 2025"},"geometry":{"type":"LineString","coordinates":[[139.95979,35.70671],[139.95788,35.70782]]}},{"type":"Feature","properties":{"lineId":"tokyo-metro-tozai","sourceLineName":"5号線東西線","sourceOperator":"東京地下鉄","source":"MLIT N02 2025"},"geometry":{"type":"LineString","coordinates":[[139.77996,35.68008],[139.7951,35.67233]]}},{"type":"Feature","properties":{"lineId":"tokyo-metro-tozai","sourceLineName":"5号線東西線","sourceOperator":"東京地下鉄","source":"MLIT N02 2025"},"geometry":{"type":"LineString","coordinates":[[139.7971,35.67146],[139.7951,35.67233]]}},{"type":"Feature","properties":{"lineId":"tokyo-metro-tozai","sourceLineName":"5号線東西線","sourceOperator":"東京地下鉄","source":"MLIT N02 2025"},"geometry":{"type":"LineString","coordinates":[[139.76733,35.68441],[139.77309,35.68277]]}},{"type":"Feature","properties":{"lineId":"tokyo-metro-tozai","sourceLineName":"5号線東西線","sourceOperator":"東京地下鉄","source":"MLIT N02 2025"},"geometry":{"type":"LineString","coordinates":[[139.77858,35.68061],[139.77996,35.68008]]}},{"type":"Feature","properties":{"lineId":"tokyo-metro-tozai","sourceLineName":"5号線東西線","sourceOperator":"東京地下鉄","source":"MLIT N02 2025"},"geometry":{"type":"LineString","coordinates":[[139.7971,35.67146],[139.802,35.66958],[139.80591,35.66938]]}},{"type":"Feature","properties":{"lineId":"tokyo-metro-tozai","sourceLineName":"5号線東西線","sourceOperator":"東京地下鉄","source":"MLIT N02 2025"},"geometry":{"type":"LineString","coordinates":[[139.76473,35.68498],[139.76733,35.68441]]}},{"type":"Feature","properties":{"lineId":"tokyo-metro-tozai","sourceLineName":"5号線東西線","sourceOperator":"東京地下鉄","source":"MLIT N02 2025"},"geometry":{"type":"LineString","coordinates":[[139.94123,35.70264],[139.93811,35.70006],[139.92873,35.69457],[139.92515,35.69173]]}},{"type":"Feature","properties":{"lineId":"tokyo-metro-tozai","sourceLineName":"5号線東西線","sourceOperator":"東京地下鉄","source":"MLIT N02 2025"},"geometry":{"type":"LineString","coordinates":[[139.80591,35.66938],[139.80832,35.66932]]}},{"type":"Feature","properties":{"lineId":"tokyo-metro-tozai","sourceLineName":"5号線東西線","sourceOperator":"東京地下鉄","source":"MLIT N02 2025"},"geometry":{"type":"LineString","coordinates":[[139.89427,35.66642],[139.8922,35.66539]]}},{"type":"Feature","properties":{"lineId":"tokyo-metro-tozai","sourceLineName":"5号線東西線","sourceOperator":"東京地下鉄","source":"MLIT N02 2025"},"geometry":{"type":"LineString","coordinates":[[139.90149,35.67207],[139.89427,35.66642]]}},{"type":"Feature","properties":{"lineId":"tokyo-metro-tozai","sourceLineName":"5号線東西線","sourceOperator":"東京地下鉄","source":"MLIT N02 2025"},"geometry":{"type":"LineString","coordinates":[[139.81892,35.66966],[139.82621,35.67004],[139.83048,35.66881]]}},{"type":"Feature","properties":{"lineId":"tokyo-metro-tozai","sourceLineName":"5号線東西線","sourceOperator":"東京地下鉄","source":"MLIT N02 2025"},"geometry":{"type":"LineString","coordinates":[[139.85786,35.66471],[139.84279,35.66594],[139.83698,35.66678],[139.83291,35.66802]]}},{"type":"Feature","properties":{"lineId":"tokyo-metro-tozai","sourceLineName":"5号線東西線","sourceOperator":"東京地下鉄","source":"MLIT N02 2025"},"geometry":{"type":"LineString","coordinates":[[139.8711,35.6637],[139.86134,35.66441]]}},{"type":"Feature","properties":{"lineId":"tokyo-metro-tozai","sourceLineName":"5号線東西線","sourceOperator":"東京地下鉄","source":"MLIT N02 2025"},"geometry":{"type":"LineString","coordinates":[[139.87396,35.66354],[139.8711,35.6637]]}},{"type":"Feature","properties":{"lineId":"tokyo-metro-tozai","sourceLineName":"5号線東西線","sourceOperator":"東京地下鉄","source":"MLIT N02 2025"},"geometry":{"type":"LineString","coordinates":[[139.92343,35.69029],[139.91501,35.6833]]}},{"type":"Feature","properties":{"lineId":"tokyo-metro-tozai","sourceLineName":"5号線東西線","sourceOperator":"東京地下鉄","source":"MLIT N02 2025"},"geometry":{"type":"LineString","coordinates":[[139.8922,35.66539],[139.88813,35.66396],[139.88065,35.66326],[139.87396,35.66354]]}},{"type":"Feature","properties":{"lineId":"tokyo-metro-tozai","sourceLineName":"5号線東西線","sourceOperator":"東京地下鉄","source":"MLIT N02 2025"},"geometry":{"type":"LineString","coordinates":[[139.83048,35.66881],[139.83291,35.66802]]}},{"type":"Feature","properties":{"lineId":"tokyo-metro-tozai","sourceLineName":"5号線東西線","sourceOperator":"東京地下鉄","source":"MLIT N02 2025"},"geometry":{"type":"LineString","coordinates":[[139.91336,35.68194],[139.91501,35.6833]]}},{"type":"Feature","properties":{"lineId":"tokyo-metro-tozai","sourceLineName":"5号線東西線","sourceOperator":"東京地下鉄","source":"MLIT N02 2025"},"geometry":{"type":"LineString","coordinates":[[139.91336,35.68194],[139.90306,35.67339]]}},{"type":"Feature","properties":{"lineId":"tokyo-metro-tozai","sourceLineName":"5号線東西線","sourceOperator":"東京地下鉄","source":"MLIT N02 2025"},"geometry":{"type":"LineString","coordinates":[[139.92343,35.69029],[139.92515,35.69173]]}},{"type":"Feature","properties":{"lineId":"tokyo-metro-tozai","sourceLineName":"5号線東西線","sourceOperator":"東京地下鉄","source":"MLIT N02 2025"},"geometry":{"type":"LineString","coordinates":[[139.80832,35.66932],[139.81644,35.66952]]}},{"type":"Feature","properties":{"lineId":"tokyo-metro-tozai","sourceLineName":"5号線東西線","sourceOperator":"東京地下鉄","source":"MLIT N02 2025"},"geometry":{"type":"LineString","coordinates":[[139.90306,35.67339],[139.90149,35.67207]]}},{"type":"Feature","properties":{"lineId":"tokyo-metro-tozai","sourceLineName":"5号線東西線","sourceOperator":"東京地下鉄","source":"MLIT N02 2025"},"geometry":{"type":"LineString","coordinates":[[139.77511,35.68198],[139.77858,35.68061]]}},{"type":"Feature","properties":{"lineId":"tokyo-metro-tozai","sourceLineName":"5号線東西線","sourceOperator":"東京地下鉄","source":"MLIT N02 2025"},"geometry":{"type":"LineString","coordinates":[[139.85786,35.66471],[139.86134,35.66441]]}},{"type":"Feature","properties":{"lineId":"tokyo-metro-tozai","sourceLineName":"5号線東西線","sourceOperator":"東京地下鉄","source":"MLIT N02 2025"},"geometry":{"type":"LineString","coordinates":[[139.94123,35.70264],[139.9426,35.70396]]}},{"type":"Feature","properties":{"lineId":"tokyo-metro-tozai","sourceLineName":"5号線東西線","sourceOperator":"東京地下鉄","source":"MLIT N02 2025"},"geometry":{"type":"LineString","coordinates":[[139.9426,35.70396],[139.948,35.70893],[139.94955,35.70975],[139.9528,35.71],[139.95648,35.70852]]}},{"type":"Feature","properties":{"lineId":"tokyo-metro-tozai","sourceLineName":"5号線東西線","sourceOperator":"東京地下鉄","source":"MLIT N02 2025"},"geometry":{"type":"LineString","coordinates":[[139.77309,35.68277],[139.77511,35.68198]]}},{"type":"Feature","properties":{"lineId":"tokyo-metro-tozai","sourceLineName":"5号線東西線","sourceOperator":"東京地下鉄","source":"MLIT N02 2025"},"geometry":{"type":"LineString","coordinates":[[139.81892,35.66966],[139.81644,35.66952]]}},{"type":"Feature","properties":{"lineId":"tokyo-metro-tozai","sourceLineName":"5号線東西線","sourceOperator":"東京地下鉄","source":"MLIT N02 2025"},"geometry":{"type":"LineString","coordinates":[[139.73566,35.70367],[139.73338,35.70406]]}},{"type":"Feature","properties":{"lineId":"tokyo-metro-tozai","sourceLineName":"5号線東西線","sourceOperator":"東京地下鉄","source":"MLIT N02 2025"},"geometry":{"type":"LineString","coordinates":[[139.73338,35.70406],[139.72333,35.70558]]}},{"type":"Feature","properties":{"lineId":"tokyo-metro-tozai","sourceLineName":"5号線東西線","sourceOperator":"東京地下鉄","source":"MLIT N02 2025"},"geometry":{"type":"LineString","coordinates":[[139.72105,35.70578],[139.71906,35.70644],[139.71651,35.70938],[139.7134,35.71002],[139.70603,35.7128]]}},{"type":"Feature","properties":{"lineId":"tokyo-metro-tozai","sourceLineName":"5号線東西線","sourceOperator":"東京地下鉄","source":"MLIT N02 2025"},"geometry":{"type":"LineString","coordinates":[[139.68706,35.7109],[139.68487,35.71037]]}},{"type":"Feature","properties":{"lineId":"tokyo-metro-tozai","sourceLineName":"5号線東西線","sourceOperator":"東京地下鉄","source":"MLIT N02 2025"},"geometry":{"type":"LineString","coordinates":[[139.66688,35.70579],[139.66433,35.70569]]}},{"type":"Feature","properties":{"lineId":"tokyo-metro-tozai","sourceLineName":"5号線東西線","sourceOperator":"東京地下鉄","source":"MLIT N02 2025"},"geometry":{"type":"LineString","coordinates":[[139.68487,35.71037],[139.68094,35.70932],[139.67547,35.70613],[139.66688,35.70579]]}},{"type":"Feature","properties":{"lineId":"tokyo-metro-tozai","sourceLineName":"5号線東西線","sourceOperator":"東京地下鉄","source":"MLIT N02 2025"},"geometry":{"type":"LineString","coordinates":[[139.73958,35.70328],[139.73566,35.70367]]}},{"type":"Feature","properties":{"lineId":"tokyo-metro-tozai","sourceLineName":"5号線東西線","sourceOperator":"東京地下鉄","source":"MLIT N02 2025"},"geometry":{"type":"LineString","coordinates":[[139.70603,35.7128],[139.70406,35.71376]]}},{"type":"Feature","properties":{"lineId":"tokyo-metro-tozai","sourceLineName":"5号線東西線","sourceOperator":"東京地下鉄","source":"MLIT N02 2025"},"geometry":{"type":"LineString","coordinates":[[139.70406,35.71376],[139.69612,35.71138],[139.68706,35.7109]]}},{"type":"Feature","properties":{"lineId":"tokyo-metro-tozai","sourceLineName":"5号線東西線","sourceOperator":"東京地下鉄","source":"MLIT N02 2025"},"geometry":{"type":"LineString","coordinates":[[139.72333,35.70558],[139.72105,35.70578]]}},{"type":"Feature","properties":{"lineId":"tokyo-metro-tozai","sourceLineName":"5号線東西線","sourceOperator":"東京地下鉄","source":"MLIT N02 2025"},"geometry":{"type":"LineString","coordinates":[[139.74392,35.70266],[139.74114,35.70344],[139.73958,35.70328]]}},{"type":"Feature","properties":{"lineId":"tokyo-metro-tozai","sourceLineName":"5号線東西線","sourceOperator":"東京地下鉄","source":"MLIT N02 2025"},"geometry":{"type":"LineString","coordinates":[[139.75852,35.69028],[139.75682,35.6906]]}},{"type":"Feature","properties":{"lineId":"tokyo-metro-tozai","sourceLineName":"5号線東西線","sourceOperator":"東京地下鉄","source":"MLIT N02 2025"},"geometry":{"type":"LineString","coordinates":[[139.75101,35.69698],[139.75151,35.6952]]}},{"type":"Feature","properties":{"lineId":"tokyo-metro-tozai","sourceLineName":"5号線東西線","sourceOperator":"東京地下鉄","source":"MLIT N02 2025"},"geometry":{"type":"LineString","coordinates":[[139.74579,35.70182],[139.74727,35.70102]]}},{"type":"Feature","properties":{"lineId":"tokyo-metro-tozai","sourceLineName":"5号線東西線","sourceOperator":"東京地下鉄","source":"MLIT N02 2025"},"geometry":{"type":"LineString","coordinates":[[139.74727,35.70102],[139.75101,35.69698]]}},{"type":"Feature","properties":{"lineId":"tokyo-metro-tozai","sourceLineName":"5号線東西線","sourceOperator":"東京地下鉄","source":"MLIT N02 2025"},"geometry":{"type":"LineString","coordinates":[[139.75151,35.6952],[139.75682,35.6906]]}},{"type":"Feature","properties":{"lineId":"tokyo-metro-tozai","sourceLineName":"5号線東西線","sourceOperator":"東京地下鉄","source":"MLIT N02 2025"},"geometry":{"type":"LineString","coordinates":[[139.75852,35.69028],[139.76024,35.68931],[139.76154,35.68592],[139.76473,35.68498]]}},{"type":"Feature","properties":{"lineId":"tokyo-metro-tozai","sourceLineName":"5号線東西線","sourceOperator":"東京地下鉄","source":"MLIT N02 2025"},"geometry":{"type":"LineString","coordinates":[[139.74579,35.70182],[139.74392,35.70266]]}},{"type":"Feature","properties":{"lineId":"tokyo-metro-yurakucho","sourceLineName":"8号線有楽町線","sourceOperator":"東京地下鉄","source":"MLIT N02 2025"},"geometry":{"type":"LineString","coordinates":[[139.78386,35.66522],[139.77934,35.6688],[139.77451,35.67016]]}},{"type":"Feature","properties":{"lineId":"tokyo-metro-yurakucho","sourceLineName":"8号線有楽町線","sourceOperator":"東京地下鉄","source":"MLIT N02 2025"},"geometry":{"type":"LineString","coordinates":[[139.77451,35.67016],[139.77268,35.6709]]}},{"type":"Feature","properties":{"lineId":"tokyo-metro-yurakucho","sourceLineName":"8号線有楽町線","sourceOperator":"東京地下鉄","source":"MLIT N02 2025"},"geometry":{"type":"LineString","coordinates":[[139.79672,35.65438],[139.79527,35.65593]]}},{"type":"Feature","properties":{"lineId":"tokyo-metro-yurakucho","sourceLineName":"8号線有楽町線","sourceOperator":"東京地下鉄","source":"MLIT N02 2025"},"geometry":{"type":"LineString","coordinates":[[139.78386,35.66522],[139.78495,35.6642]]}},{"type":"Feature","properties":{"lineId":"tokyo-metro-yurakucho","sourceLineName":"8号線有楽町線","sourceOperator":"東京地下鉄","source":"MLIT N02 2025"},"geometry":{"type":"LineString","coordinates":[[139.76349,35.67571],[139.76591,35.67508]]}},{"type":"Feature","properties":{"lineId":"tokyo-metro-yurakucho","sourceLineName":"8号線有楽町線","sourceOperator":"東京地下鉄","source":"MLIT N02 2025"},"geometry":{"type":"LineString","coordinates":[[139.82535,35.64564],[139.81726,35.64487],[139.81435,35.64399],[139.81103,35.64531]]}},{"type":"Feature","properties":{"lineId":"tokyo-metro-yurakucho","sourceLineName":"8号線有楽町線","sourceOperator":"東京地下鉄","source":"MLIT N02 2025"},"geometry":{"type":"LineString","coordinates":[[139.76765,35.67394],[139.77268,35.6709]]}},{"type":"Feature","properties":{"lineId":"tokyo-metro-yurakucho","sourceLineName":"8号線有楽町線","sourceOperator":"東京地下鉄","source":"MLIT N02 2025"},"geometry":{"type":"LineString","coordinates":[[139.79527,35.65593],[139.79178,35.65932],[139.78774,35.66174],[139.78495,35.6642]]}},{"type":"Feature","properties":{"lineId":"tokyo-metro-yurakucho","sourceLineName":"8号線有楽町線","sourceOperator":"東京地下鉄","source":"MLIT N02 2025"},"geometry":{"type":"LineString","coordinates":[[139.76591,35.67508],[139.76765,35.67394]]}},{"type":"Feature","properties":{"lineId":"tokyo-metro-yurakucho","sourceLineName":"8号線有楽町線","sourceOperator":"東京地下鉄","source":"MLIT N02 2025"},"geometry":{"type":"LineString","coordinates":[[139.81103,35.64531],[139.80963,35.64624]]}},{"type":"Feature","properties":{"lineId":"tokyo-metro-yurakucho","sourceLineName":"8号線有楽町線","sourceOperator":"東京地下鉄","source":"MLIT N02 2025"},"geometry":{"type":"LineString","coordinates":[[139.82535,35.64564],[139.82786,35.64592]]}},{"type":"Feature","properties":{"lineId":"tokyo-metro-yurakucho","sourceLineName":"8号線有楽町線","sourceOperator":"東京地下鉄","source":"MLIT N02 2025"},"geometry":{"type":"LineString","coordinates":[[139.80963,35.64624],[139.80503,35.64912],[139.80014,35.65127],[139.79672,35.65438]]}},{"type":"Feature","properties":{"lineId":"tokyo-metro-yurakucho","sourceLineName":"8号線有楽町線","sourceOperator":"東京地下鉄","source":"MLIT N02 2025"},"geometry":{"type":"LineString","coordinates":[[139.64248,35.77087],[139.63811,35.77201],[139.63258,35.776]]}},{"type":"Feature","properties":{"lineId":"tokyo-metro-yurakucho","sourceLineName":"8号線有楽町線","sourceOperator":"東京地下鉄","source":"MLIT N02 2025"},"geometry":{"type":"LineString","coordinates":[[139.65526,35.75697],[139.6645,35.75005]]}},{"type":"Feature","properties":{"lineId":"tokyo-metro-yurakucho","sourceLineName":"8号線有楽町線","sourceOperator":"東京地下鉄","source":"MLIT N02 2025"},"geometry":{"type":"LineString","coordinates":[[139.63258,35.776],[139.62976,35.77748]]}},{"type":"Feature","properties":{"lineId":"tokyo-metro-yurakucho","sourceLineName":"8号線有楽町線","sourceOperator":"東京地下鉄","source":"MLIT N02 2025"},"geometry":{"type":"LineString","coordinates":[[139.65526,35.75697],[139.65334,35.75814]]}},{"type":"Feature","properties":{"lineId":"tokyo-metro-yurakucho","sourceLineName":"8号線有楽町線","sourceOperator":"東京地下鉄","source":"MLIT N02 2025"},"geometry":{"type":"LineString","coordinates":[[139.6785,35.74388],[139.68054,35.74291]]}},{"type":"Feature","properties":{"lineId":"tokyo-metro-yurakucho","sourceLineName":"8号線有楽町線","sourceOperator":"東京地下鉄","source":"MLIT N02 2025"},"geometry":{"type":"LineString","coordinates":[[139.6645,35.75005],[139.66644,35.74919]]}},{"type":"Feature","properties":{"lineId":"tokyo-metro-yurakucho","sourceLineName":"8号線有楽町線","sourceOperator":"東京地下鉄","source":"MLIT N02 2025"},"geometry":{"type":"LineString","coordinates":[[139.62976,35.77748],[139.62909,35.77784],[139.62838,35.78023],[139.62724,35.78144]]}},{"type":"Feature","properties":{"lineId":"tokyo-metro-yurakucho","sourceLineName":"8号線有楽町線","sourceOperator":"東京地下鉄","source":"MLIT N02 2025"},"geometry":{"type":"LineString","coordinates":[[139.65334,35.75814],[139.65131,35.75997],[139.6497,35.76779],[139.64552,35.76909]]}},{"type":"Feature","properties":{"lineId":"tokyo-metro-yurakucho","sourceLineName":"8号線有楽町線","sourceOperator":"東京地下鉄","source":"MLIT N02 2025"},"geometry":{"type":"LineString","coordinates":[[139.66644,35.74919],[139.67588,35.74501]]}},{"type":"Feature","properties":{"lineId":"tokyo-metro-yurakucho","sourceLineName":"8号線有楽町線","sourceOperator":"東京地下鉄","source":"MLIT N02 2025"},"geometry":{"type":"LineString","coordinates":[[139.67588,35.74501],[139.6785,35.74388]]}},{"type":"Feature","properties":{"lineId":"tokyo-metro-yurakucho","sourceLineName":"8号線有楽町線","sourceOperator":"東京地下鉄","source":"MLIT N02 2025"},"geometry":{"type":"LineString","coordinates":[[139.64552,35.76909],[139.64248,35.77087]]}},{"type":"Feature","properties":{"lineId":"tokyo-metro-yurakucho","sourceLineName":"8号線有楽町線","sourceOperator":"東京地下鉄","source":"MLIT N02 2025"},"geometry":{"type":"LineString","coordinates":[[139.61391,35.78793],[139.62283,35.78429],[139.62724,35.78144]]}},{"type":"Feature","properties":{"lineId":"tokyo-metro-yurakucho","sourceLineName":"8号線有楽町線","sourceOperator":"東京地下鉄","source":"MLIT N02 2025"},"geometry":{"type":"LineString","coordinates":[[139.73315,35.70964],[139.73511,35.70895]]}},{"type":"Feature","properties":{"lineId":"tokyo-metro-yurakucho","sourceLineName":"8号線有楽町線","sourceOperator":"東京地下鉄","source":"MLIT N02 2025"},"geometry":{"type":"LineString","coordinates":[[139.7098,35.72954],[139.71197,35.72883]]}},{"type":"Feature","properties":{"lineId":"tokyo-metro-yurakucho","sourceLineName":"8号線有楽町線","sourceOperator":"東京地下鉄","source":"MLIT N02 2025"},"geometry":{"type":"LineString","coordinates":[[139.71787,35.72659],[139.71986,35.72531]]}},{"type":"Feature","properties":{"lineId":"tokyo-metro-yurakucho","sourceLineName":"8号線有楽町線","sourceOperator":"東京地下鉄","source":"MLIT N02 2025"},"geometry":{"type":"LineString","coordinates":[[139.69029,35.73751],[139.69465,35.73429],[139.69736,35.73342]]}},{"type":"Feature","properties":{"lineId":"tokyo-metro-fukutoshin","sourceLineName":"13号線副都心線","sourceOperator":"東京地下鉄","source":"MLIT N02 2025"},"geometry":{"type":"LineString","coordinates":[[139.70655,35.73178],[139.70889,35.73118]]}},{"type":"Feature","properties":{"lineId":"tokyo-metro-yurakucho","sourceLineName":"8号線有楽町線","sourceOperator":"東京地下鉄","source":"MLIT N02 2025"},"geometry":{"type":"LineString","coordinates":[[139.68851,35.73884],[139.69029,35.73751]]}},{"type":"Feature","properties":{"lineId":"tokyo-metro-yurakucho","sourceLineName":"8号線有楽町線","sourceOperator":"東京地下鉄","source":"MLIT N02 2025"},"geometry":{"type":"LineString","coordinates":[[139.6996,35.73301],[139.70509,35.73228]]}},{"type":"Feature","properties":{"lineId":"tokyo-metro-yurakucho","sourceLineName":"8号線有楽町線","sourceOperator":"東京地下鉄","source":"MLIT N02 2025"},"geometry":{"type":"LineString","coordinates":[[139.71197,35.72883],[139.71505,35.72719],[139.71787,35.72659]]}},{"type":"Feature","properties":{"lineId":"tokyo-metro-yurakucho","sourceLineName":"8号線有楽町線","sourceOperator":"東京地下鉄","source":"MLIT N02 2025"},"geometry":{"type":"LineString","coordinates":[[139.71986,35.72531],[139.72335,35.72322],[139.72705,35.72003]]}},{"type":"Feature","properties":{"lineId":"tokyo-metro-yurakucho","sourceLineName":"8号線有楽町線","sourceOperator":"東京地下鉄","source":"MLIT N02 2025"},"geometry":{"type":"LineString","coordinates":[[139.70509,35.73228],[139.7098,35.72954]]}},{"type":"Feature","properties":{"lineId":"tokyo-metro-yurakucho","sourceLineName":"8号線有楽町線","sourceOperator":"東京地下鉄","source":"MLIT N02 2025"},"geometry":{"type":"LineString","coordinates":[[139.72785,35.71833],[139.73168,35.71061],[139.73315,35.70964]]}},{"type":"Feature","properties":{"lineId":"tokyo-metro-yurakucho","sourceLineName":"8号線有楽町線","sourceOperator":"東京地下鉄","source":"MLIT N02 2025"},"geometry":{"type":"LineString","coordinates":[[139.72705,35.72003],[139.72785,35.71833]]}},{"type":"Feature","properties":{"lineId":"tokyo-metro-yurakucho","sourceLineName":"8号線有楽町線","sourceOperator":"東京地下鉄","source":"MLIT N02 2025"},"geometry":{"type":"LineString","coordinates":[[139.68054,35.74291],[139.68851,35.73884]]}},{"type":"Feature","properties":{"lineId":"tokyo-metro-yurakucho","sourceLineName":"8号線有楽町線","sourceOperator":"東京地下鉄","source":"MLIT N02 2025"},"geometry":{"type":"LineString","coordinates":[[139.69736,35.73342],[139.6996,35.73301]]}},{"type":"Feature","properties":{"lineId":"tokyo-metro-yurakucho","sourceLineName":"8号線有楽町線","sourceOperator":"東京地下鉄","source":"MLIT N02 2025"},"geometry":{"type":"LineString","coordinates":[[139.76108,35.67623],[139.76349,35.67571]]}},{"type":"Feature","properties":{"lineId":"tokyo-metro-yurakucho","sourceLineName":"8号線有楽町線","sourceOperator":"東京地下鉄","source":"MLIT N02 2025"},"geometry":{"type":"LineString","coordinates":[[139.73511,35.70895],[139.74252,35.70748],[139.7435,35.7064],[139.74421,35.70411],[139.74389,35.70231]]}},{"type":"Feature","properties":{"lineId":"tokyo-metro-yurakucho","sourceLineName":"8号線有楽町線","sourceOperator":"東京地下鉄","source":"MLIT N02 2025"},"geometry":{"type":"LineString","coordinates":[[139.74256,35.70035],[139.73763,35.69367]]}},{"type":"Feature","properties":{"lineId":"tokyo-metro-yurakucho","sourceLineName":"8号線有楽町線","sourceOperator":"東京地下鉄","source":"MLIT N02 2025"},"geometry":{"type":"LineString","coordinates":[[139.73763,35.69367],[139.73614,35.69149]]}},{"type":"Feature","properties":{"lineId":"tokyo-metro-yurakucho","sourceLineName":"8号線有楽町線","sourceOperator":"東京地下鉄","source":"MLIT N02 2025"},"geometry":{"type":"LineString","coordinates":[[139.73699,35.6856],[139.73771,35.68397]]}},{"type":"Feature","properties":{"lineId":"tokyo-metro-yurakucho","sourceLineName":"8号線有楽町線","sourceOperator":"東京地下鉄","source":"MLIT N02 2025"},"geometry":{"type":"LineString","coordinates":[[139.73771,35.68397],[139.73961,35.67965],[139.74068,35.67845]]}},{"type":"Feature","properties":{"lineId":"tokyo-metro-yurakucho","sourceLineName":"8号線有楽町線","sourceOperator":"東京地下鉄","source":"MLIT N02 2025"},"geometry":{"type":"LineString","coordinates":[[139.73614,35.69149],[139.7354,35.6894],[139.73699,35.6856]]}},{"type":"Feature","properties":{"lineId":"tokyo-metro-yurakucho","sourceLineName":"8号線有楽町線","sourceOperator":"東京地下鉄","source":"MLIT N02 2025"},"geometry":{"type":"LineString","coordinates":[[139.75081,35.67721],[139.74879,35.67713],[139.7461,35.67797],[139.74295,35.67757]]}},{"type":"Feature","properties":{"lineId":"tokyo-metro-yurakucho","sourceLineName":"8号線有楽町線","sourceOperator":"東京地下鉄","source":"MLIT N02 2025"},"geometry":{"type":"LineString","coordinates":[[139.75296,35.67772],[139.75081,35.67721]]}},{"type":"Feature","properties":{"lineId":"tokyo-metro-yurakucho","sourceLineName":"8号線有楽町線","sourceOperator":"東京地下鉄","source":"MLIT N02 2025"},"geometry":{"type":"LineString","coordinates":[[139.74389,35.70231],[139.74256,35.70035]]}},{"type":"Feature","properties":{"lineId":"tokyo-metro-yurakucho","sourceLineName":"8号線有楽町線","sourceOperator":"東京地下鉄","source":"MLIT N02 2025"},"geometry":{"type":"LineString","coordinates":[[139.74068,35.67845],[139.74295,35.67757]]}},{"type":"Feature","properties":{"lineId":"tokyo-metro-yurakucho","sourceLineName":"8号線有楽町線","sourceOperator":"東京地下鉄","source":"MLIT N02 2025"},"geometry":{"type":"LineString","coordinates":[[139.75296,35.67772],[139.75486,35.67776],[139.76108,35.67623]]}},{"type":"Feature","properties":{"lineId":"tokyo-metro-yurakucho","sourceLineName":"8号線有楽町線","sourceOperator":"東京地下鉄","source":"MLIT N02 2025"},"geometry":{"type":"LineString","coordinates":[[139.61182,35.78877],[139.61391,35.78793]]}},{"type":"Feature","properties":{"lineId":"tokyo-metro-chiyoda","sourceLineName":"9号線千代田線","sourceOperator":"東京地下鉄","source":"MLIT N02 2025"},"geometry":{"type":"LineString","coordinates":[[139.80421,35.74838],[139.80208,35.74674],[139.79589,35.7463]]}},{"type":"Feature","properties":{"lineId":"tokyo-metro-chiyoda","sourceLineName":"9号線千代田線","sourceOperator":"東京地下鉄","source":"MLIT N02 2025"},"geometry":{"type":"LineString","coordinates":[[139.78197,35.74483],[139.78341,35.74549],[139.79055,35.74643],[139.79589,35.7463]]}},{"type":"Feature","properties":{"lineId":"tokyo-metro-chiyoda","sourceLineName":"9号線千代田線","sourceOperator":"東京地下鉄","source":"MLIT N02 2025"},"geometry":{"type":"LineString","coordinates":[[139.8046,35.75002],[139.80659,35.75457],[139.81182,35.76037],[139.81389,35.76114],[139.82364,35.76216]]}},{"type":"Feature","properties":{"lineId":"tokyo-metro-chiyoda","sourceLineName":"9号線千代田線","sourceOperator":"東京地下鉄","source":"MLIT N02 2025"},"geometry":{"type":"LineString","coordinates":[[139.76785,35.73281],[139.76593,35.7319]]}},{"type":"Feature","properties":{"lineId":"tokyo-metro-chiyoda","sourceLineName":"9号線千代田線","sourceOperator":"東京地下鉄","source":"MLIT N02 2025"},"geometry":{"type":"LineString","coordinates":[[139.76994,35.70582],[139.76911,35.70202],[139.76576,35.69759]]}},{"type":"Feature","properties":{"lineId":"tokyo-metro-chiyoda","sourceLineName":"9号線千代田線","sourceOperator":"東京地下鉄","source":"MLIT N02 2025"},"geometry":{"type":"LineString","coordinates":[[139.76576,35.69759],[139.76514,35.69626]]}},{"type":"Feature","properties":{"lineId":"tokyo-metro-chiyoda","sourceLineName":"9号線千代田線","sourceOperator":"東京地下鉄","source":"MLIT N02 2025"},"geometry":{"type":"LineString","coordinates":[[139.83208,35.77653],[139.83038,35.77027],[139.83075,35.7635],[139.82991,35.7628],[139.82614,35.76241]]}},{"type":"Feature","properties":{"lineId":"tokyo-metro-chiyoda","sourceLineName":"9号線千代田線","sourceOperator":"東京地下鉄","source":"MLIT N02 2025"},"geometry":{"type":"LineString","coordinates":[[139.83211,35.77725],[139.83208,35.77653]]}},{"type":"Feature","properties":{"lineId":"tokyo-metro-chiyoda","sourceLineName":"9号線千代田線","sourceOperator":"東京地下鉄","source":"MLIT N02 2025"},"geometry":{"type":"LineString","coordinates":[[139.77946,35.74118],[139.78063,35.74296]]}},{"type":"Feature","properties":{"lineId":"tokyo-metro-chiyoda","sourceLineName":"9号線千代田線","sourceOperator":"東京地下鉄","source":"MLIT N02 2025"},"geometry":{"type":"LineString","coordinates":[[139.77946,35.74118],[139.7766,35.73699],[139.76785,35.73281]]}},{"type":"Feature","properties":{"lineId":"tokyo-metro-chiyoda","sourceLineName":"9号線千代田線","sourceOperator":"東京地下鉄","source":"MLIT N02 2025"},"geometry":{"type":"LineString","coordinates":[[139.8046,35.75002],[139.80421,35.74838]]}},{"type":"Feature","properties":{"lineId":"tokyo-metro-chiyoda","sourceLineName":"9号線千代田線","sourceOperator":"東京地下鉄","source":"MLIT N02 2025"},"geometry":{"type":"LineString","coordinates":[[139.76593,35.7319],[139.76362,35.72908],[139.76356,35.7266]]}},{"type":"Feature","properties":{"lineId":"tokyo-metro-chiyoda","sourceLineName":"9号線千代田線","sourceOperator":"東京地下鉄","source":"MLIT N02 2025"},"geometry":{"type":"LineString","coordinates":[[139.77002,35.70779],[139.76994,35.70582]]}},{"type":"Feature","properties":{"lineId":"tokyo-metro-chiyoda","sourceLineName":"9号線千代田線","sourceOperator":"東京地下鉄","source":"MLIT N02 2025"},"geometry":{"type":"LineString","coordinates":[[139.76517,35.7179],[139.76633,35.71675]]}},{"type":"Feature","properties":{"lineId":"tokyo-metro-chiyoda","sourceLineName":"9号線千代田線","sourceOperator":"東京地下鉄","source":"MLIT N02 2025"},"geometry":{"type":"LineString","coordinates":[[139.76514,35.69626],[139.76527,35.69442],[139.76355,35.68613]]}},{"type":"Feature","properties":{"lineId":"tokyo-metro-chiyoda","sourceLineName":"9号線千代田線","sourceOperator":"東京地下鉄","source":"MLIT N02 2025"},"geometry":{"type":"LineString","coordinates":[[139.76633,35.71675],[139.76796,35.71444],[139.77002,35.70779]]}},{"type":"Feature","properties":{"lineId":"tokyo-metro-chiyoda","sourceLineName":"9号線千代田線","sourceOperator":"東京地下鉄","source":"MLIT N02 2025"},"geometry":{"type":"LineString","coordinates":[[139.78197,35.74483],[139.79589,35.7463]]}},{"type":"Feature","properties":{"lineId":"tokyo-metro-chiyoda","sourceLineName":"9号線千代田線","sourceOperator":"東京地下鉄","source":"MLIT N02 2025"},"geometry":{"type":"LineString","coordinates":[[139.78063,35.74296],[139.78197,35.74483]]}},{"type":"Feature","properties":{"lineId":"tokyo-metro-chiyoda","sourceLineName":"9号線千代田線","sourceOperator":"東京地下鉄","source":"MLIT N02 2025"},"geometry":{"type":"LineString","coordinates":[[139.82614,35.76241],[139.82364,35.76216]]}},{"type":"Feature","properties":{"lineId":"tokyo-metro-chiyoda","sourceLineName":"9号線千代田線","sourceOperator":"東京地下鉄","source":"MLIT N02 2025"},"geometry":{"type":"LineString","coordinates":[[139.76356,35.7266],[139.76305,35.72489]]}},{"type":"Feature","properties":{"lineId":"tokyo-metro-chiyoda","sourceLineName":"9号線千代田線","sourceOperator":"東京地下鉄","source":"MLIT N02 2025"},"geometry":{"type":"LineString","coordinates":[[139.76305,35.72489],[139.76264,35.7206],[139.76517,35.7179]]}},{"type":"Feature","properties":{"lineId":"tokyo-metro-chiyoda","sourceLineName":"9号線千代田線","sourceOperator":"東京地下鉄","source":"MLIT N02 2025"},"geometry":{"type":"LineString","coordinates":[[139.72701,35.6673],[139.72541,35.66593]]}},{"type":"Feature","properties":{"lineId":"tokyo-metro-chiyoda","sourceLineName":"9号線千代田線","sourceOperator":"東京地下鉄","source":"MLIT N02 2025"},"geometry":{"type":"LineString","coordinates":[[139.76146,35.67956],[139.7595,35.67469]]}},{"type":"Feature","properties":{"lineId":"tokyo-metro-chiyoda","sourceLineName":"9号線千代田線","sourceOperator":"東京地下鉄","source":"MLIT N02 2025"},"geometry":{"type":"LineString","coordinates":[[139.75803,35.67322],[139.75608,35.67156],[139.75479,35.67133],[139.7526,35.67223]]}},{"type":"Feature","properties":{"lineId":"tokyo-metro-chiyoda","sourceLineName":"9号線千代田線","sourceOperator":"東京地下鉄","source":"MLIT N02 2025"},"geometry":{"type":"LineString","coordinates":[[139.7595,35.67469],[139.75803,35.67322]]}},{"type":"Feature","properties":{"lineId":"tokyo-metro-chiyoda","sourceLineName":"9号線千代田線","sourceOperator":"東京地下鉄","source":"MLIT N02 2025"},"geometry":{"type":"LineString","coordinates":[[139.76302,35.68437],[139.7621,35.68145]]}},{"type":"Feature","properties":{"lineId":"tokyo-metro-chiyoda","sourceLineName":"9号線千代田線","sourceOperator":"東京地下鉄","source":"MLIT N02 2025"},"geometry":{"type":"LineString","coordinates":[[139.7621,35.68145],[139.76146,35.67956]]}},{"type":"Feature","properties":{"lineId":"tokyo-metro-chiyoda","sourceLineName":"9号線千代田線","sourceOperator":"東京地下鉄","source":"MLIT N02 2025"},"geometry":{"type":"LineString","coordinates":[[139.73711,35.67267],[139.73576,35.67149]]}},{"type":"Feature","properties":{"lineId":"tokyo-metro-chiyoda","sourceLineName":"9号線千代田線","sourceOperator":"東京地下鉄","source":"MLIT N02 2025"},"geometry":{"type":"LineString","coordinates":[[139.76355,35.68613],[139.76302,35.68437]]}},{"type":"Feature","properties":{"lineId":"tokyo-metro-chiyoda","sourceLineName":"9号線千代田線","sourceOperator":"東京地下鉄","source":"MLIT N02 2025"},"geometry":{"type":"LineString","coordinates":[[139.74458,35.67386],[139.74179,35.6733]]}},{"type":"Feature","properties":{"lineId":"tokyo-metro-chiyoda","sourceLineName":"9号線千代田線","sourceOperator":"東京地下鉄","source":"MLIT N02 2025"},"geometry":{"type":"LineString","coordinates":[[139.74179,35.6733],[139.73917,35.67337],[139.73711,35.67267]]}},{"type":"Feature","properties":{"lineId":"tokyo-metro-chiyoda","sourceLineName":"9号線千代田線","sourceOperator":"東京地下鉄","source":"MLIT N02 2025"},"geometry":{"type":"LineString","coordinates":[[139.75094,35.67289],[139.74714,35.67437],[139.74458,35.67386]]}},{"type":"Feature","properties":{"lineId":"tokyo-metro-chiyoda","sourceLineName":"9号線千代田線","sourceOperator":"東京地下鉄","source":"MLIT N02 2025"},"geometry":{"type":"LineString","coordinates":[[139.7526,35.67223],[139.75094,35.67289]]}},{"type":"Feature","properties":{"lineId":"tokyo-metro-chiyoda","sourceLineName":"9号線千代田線","sourceOperator":"東京地下鉄","source":"MLIT N02 2025"},"geometry":{"type":"LineString","coordinates":[[139.73576,35.67149],[139.73215,35.66903],[139.72908,35.66838],[139.72701,35.6673]]}},{"type":"Feature","properties":{"lineId":"tokyo-metro-chiyoda","sourceLineName":"9号線千代田線","sourceOperator":"東京地下鉄","source":"MLIT N02 2025"},"geometry":{"type":"LineString","coordinates":[[139.67877,35.66849],[139.681,35.66954]]}},{"type":"Feature","properties":{"lineId":"tokyo-metro-chiyoda","sourceLineName":"9号線千代田線","sourceOperator":"東京地下鉄","source":"MLIT N02 2025"},"geometry":{"type":"LineString","coordinates":[[139.7105,35.66606],[139.71219,35.66524]]}},{"type":"Feature","properties":{"lineId":"tokyo-metro-chiyoda","sourceLineName":"9号線千代田線","sourceOperator":"東京地下鉄","source":"MLIT N02 2025"},"geometry":{"type":"LineString","coordinates":[[139.68606,35.6697],[139.68868,35.66926]]}},{"type":"Feature","properties":{"lineId":"tokyo-metro-chiyoda","sourceLineName":"9号線千代田線","sourceOperator":"東京地下鉄","source":"MLIT N02 2025"},"geometry":{"type":"LineString","coordinates":[[139.681,35.66954],[139.68332,35.67021],[139.68606,35.6697]]}},{"type":"Feature","properties":{"lineId":"tokyo-metro-chiyoda","sourceLineName":"9号線千代田線","sourceOperator":"東京地下鉄","source":"MLIT N02 2025"},"geometry":{"type":"LineString","coordinates":[[139.68868,35.66926],[139.6909,35.66894]]}},{"type":"Feature","properties":{"lineId":"tokyo-metro-chiyoda","sourceLineName":"9号線千代田線","sourceOperator":"東京地下鉄","source":"MLIT N02 2025"},"geometry":{"type":"LineString","coordinates":[[139.70481,35.66874],[139.7105,35.66606]]}},{"type":"Feature","properties":{"lineId":"tokyo-metro-chiyoda","sourceLineName":"9号線千代田線","sourceOperator":"東京地下鉄","source":"MLIT N02 2025"},"geometry":{"type":"LineString","coordinates":[[139.6909,35.66894],[139.70307,35.66949]]}},{"type":"Feature","properties":{"lineId":"tokyo-metro-chiyoda","sourceLineName":"9号線千代田線","sourceOperator":"東京地下鉄","source":"MLIT N02 2025"},"geometry":{"type":"LineString","coordinates":[[139.71219,35.66524],[139.71668,35.66299],[139.72541,35.66593]]}},{"type":"Feature","properties":{"lineId":"tokyo-metro-chiyoda","sourceLineName":"9号線千代田線","sourceOperator":"東京地下鉄","source":"MLIT N02 2025"},"geometry":{"type":"LineString","coordinates":[[139.70307,35.66949],[139.70481,35.66874]]}},{"type":"Feature","properties":{"lineId":"tokyo-metro-hanzomon","sourceLineName":"11号線半蔵門線","sourceOperator":"東京地下鉄","source":"MLIT N02 2025"},"geometry":{"type":"LineString","coordinates":[[139.79827,35.68204],[139.79553,35.68163],[139.79378,35.67942],[139.79212,35.67833],[139.78861,35.67967],[139.78576,35.68231]]}},{"type":"Feature","properties":{"lineId":"tokyo-metro-hanzomon","sourceLineName":"11号線半蔵門線","sourceOperator":"東京地下鉄","source":"MLIT N02 2025"},"geometry":{"type":"LineString","coordinates":[[139.78576,35.68231],[139.78457,35.68368]]}},{"type":"Feature","properties":{"lineId":"tokyo-metro-hanzomon","sourceLineName":"11号線半蔵門線","sourceOperator":"東京地下鉄","source":"MLIT N02 2025"},"geometry":{"type":"LineString","coordinates":[[139.81576,35.6879],[139.81558,35.68951]]}},{"type":"Feature","properties":{"lineId":"tokyo-metro-hanzomon","sourceLineName":"11号線半蔵門線","sourceOperator":"東京地下鉄","source":"MLIT N02 2025"},"geometry":{"type":"LineString","coordinates":[[139.81415,35.70668],[139.81487,35.69861]]}},{"type":"Feature","properties":{"lineId":"tokyo-metro-hanzomon","sourceLineName":"11号線半蔵門線","sourceOperator":"東京地下鉄","source":"MLIT N02 2025"},"geometry":{"type":"LineString","coordinates":[[139.76604,35.68657],[139.76839,35.68636],[139.77145,35.68523]]}},{"type":"Feature","properties":{"lineId":"tokyo-metro-hanzomon","sourceLineName":"11号線半蔵門線","sourceOperator":"東京地下鉄","source":"MLIT N02 2025"},"geometry":{"type":"LineString","coordinates":[[139.81415,35.70668],[139.81335,35.71026]]}},{"type":"Feature","properties":{"lineId":"tokyo-metro-hanzomon","sourceLineName":"11号線半蔵門線","sourceOperator":"東京地下鉄","source":"MLIT N02 2025"},"geometry":{"type":"LineString","coordinates":[[139.77145,35.68523],[139.77471,35.68463]]}},{"type":"Feature","properties":{"lineId":"tokyo-metro-hanzomon","sourceLineName":"11号線半蔵門線","sourceOperator":"東京地下鉄","source":"MLIT N02 2025"},"geometry":{"type":"LineString","coordinates":[[139.76377,35.68692],[139.76604,35.68657]]}},{"type":"Feature","properties":{"lineId":"tokyo-metro-hanzomon","sourceLineName":"11号線半蔵門線","sourceOperator":"東京地下鉄","source":"MLIT N02 2025"},"geometry":{"type":"LineString","coordinates":[[139.81487,35.69861],[139.81504,35.69627]]}},{"type":"Feature","properties":{"lineId":"tokyo-metro-hanzomon","sourceLineName":"11号線半蔵門線","sourceOperator":"東京地下鉄","source":"MLIT N02 2025"},"geometry":{"type":"LineString","coordinates":[[139.77471,35.68463],[139.78173,35.68562],[139.78331,35.68514],[139.78457,35.68368]]}},{"type":"Feature","properties":{"lineId":"tokyo-metro-hanzomon","sourceLineName":"11号線半蔵門線","sourceOperator":"東京地下鉄","source":"MLIT N02 2025"},"geometry":{"type":"LineString","coordinates":[[139.81576,35.6879],[139.81592,35.68461],[139.8153,35.68303],[139.80141,35.6822]]}},{"type":"Feature","properties":{"lineId":"tokyo-metro-hanzomon","sourceLineName":"11号線半蔵門線","sourceOperator":"東京地下鉄","source":"MLIT N02 2025"},"geometry":{"type":"LineString","coordinates":[[139.81504,35.69627],[139.81558,35.68951]]}},{"type":"Feature","properties":{"lineId":"tokyo-metro-hanzomon","sourceLineName":"11号線半蔵門線","sourceOperator":"東京地下鉄","source":"MLIT N02 2025"},"geometry":{"type":"LineString","coordinates":[[139.80141,35.6822],[139.79827,35.68204]]}},{"type":"Feature","properties":{"lineId":"tokyo-metro-hanzomon","sourceLineName":"11号線半蔵門線","sourceOperator":"東京地下鉄","source":"MLIT N02 2025"},"geometry":{"type":"LineString","coordinates":[[139.71171,35.66441],[139.71305,35.66588]]}},{"type":"Feature","properties":{"lineId":"tokyo-metro-hanzomon","sourceLineName":"11号線半蔵門線","sourceOperator":"東京地下鉄","source":"MLIT N02 2025"},"geometry":{"type":"LineString","coordinates":[[139.72311,35.67264],[139.72504,35.67327]]}},{"type":"Feature","properties":{"lineId":"tokyo-metro-hanzomon","sourceLineName":"11号線半蔵門線","sourceOperator":"東京地下鉄","source":"MLIT N02 2025"},"geometry":{"type":"LineString","coordinates":[[139.71305,35.66588],[139.71657,35.67001],[139.72311,35.67264]]}},{"type":"Feature","properties":{"lineId":"tokyo-metro-hanzomon","sourceLineName":"11号線半蔵門線","sourceOperator":"東京地下鉄","source":"MLIT N02 2025"},"geometry":{"type":"LineString","coordinates":[[139.75685409,35.69594942],[139.75861572,35.69580738]]}},{"type":"Feature","properties":{"lineId":"tokyo-metro-hanzomon","sourceLineName":"11号線半蔵門線","sourceOperator":"東京地下鉄","source":"MLIT N02 2025"},"geometry":{"type":"LineString","coordinates":[[139.73774,35.6783],[139.73999,35.67851]]}},{"type":"Feature","properties":{"lineId":"tokyo-metro-hanzomon","sourceLineName":"11号線半蔵門線","sourceOperator":"東京地下鉄","source":"MLIT N02 2025"},"geometry":{"type":"LineString","coordinates":[[139.72504,35.67327],[139.73126,35.67523],[139.73601,35.67801],[139.73774,35.6783]]}},{"type":"Feature","properties":{"lineId":"tokyo-metro-hanzomon","sourceLineName":"11号線半蔵門線","sourceOperator":"東京地下鉄","source":"MLIT N02 2025"},"geometry":{"type":"LineString","coordinates":[[139.75685409,35.69594942],[139.75215,35.69569]]}},{"type":"Feature","properties":{"lineId":"tokyo-metro-hanzomon","sourceLineName":"11号線半蔵門線","sourceOperator":"東京地下鉄","source":"MLIT N02 2025"},"geometry":{"type":"LineString","coordinates":[[139.75215,35.69569],[139.75008,35.69533]]}},{"type":"Feature","properties":{"lineId":"tokyo-metro-hanzomon","sourceLineName":"11号線半蔵門線","sourceOperator":"東京地下鉄","source":"MLIT N02 2025"},"geometry":{"type":"LineString","coordinates":[[139.74158,35.68445],[139.74181,35.68631]]}},{"type":"Feature","properties":{"lineId":"tokyo-metro-hanzomon","sourceLineName":"11号線半蔵門線","sourceOperator":"東京地下鉄","source":"MLIT N02 2025"},"geometry":{"type":"LineString","coordinates":[[139.75008,35.69533],[139.74545,35.694]]}},{"type":"Feature","properties":{"lineId":"tokyo-metro-hanzomon","sourceLineName":"11号線半蔵門線","sourceOperator":"東京地下鉄","source":"MLIT N02 2025"},"geometry":{"type":"LineString","coordinates":[[139.74545,35.694],[139.74375,35.69217],[139.74181,35.68631]]}},{"type":"Feature","properties":{"lineId":"tokyo-metro-hanzomon","sourceLineName":"11号線半蔵門線","sourceOperator":"東京地下鉄","source":"MLIT N02 2025"},"geometry":{"type":"LineString","coordinates":[[139.75861572,35.69580738],[139.76014438,35.69509811],[139.76102241,35.69375847],[139.76115,35.68783],[139.76162,35.68725],[139.76377,35.68692]]}},{"type":"Feature","properties":{"lineId":"tokyo-metro-hanzomon","sourceLineName":"11号線半蔵門線","sourceOperator":"東京地下鉄","source":"MLIT N02 2025"},"geometry":{"type":"LineString","coordinates":[[139.73999,35.67851],[139.74107,35.6787],[139.74183,35.67971],[139.74158,35.68445]]}},{"type":"Feature","properties":{"lineId":"tokyo-metro-hanzomon","sourceLineName":"11号線半蔵門線","sourceOperator":"東京地下鉄","source":"MLIT N02 2025"},"geometry":{"type":"LineString","coordinates":[[139.71171,35.66441],[139.70604,35.66027],[139.7021,35.65945]]}},{"type":"Feature","properties":{"lineId":"tokyo-metro-hanzomon","sourceLineName":"11号線半蔵門線","sourceOperator":"東京地下鉄","source":"MLIT N02 2025"},"geometry":{"type":"LineString","coordinates":[[139.7021,35.65945],[139.69997,35.65945]]}},{"type":"Feature","properties":{"lineId":"toei-asakusa","sourceLineName":"1号線浅草線","sourceOperator":"東京都","source":"MLIT N02 2025"},"geometry":{"type":"LineString","coordinates":[[139.78263,35.68662],[139.78475,35.68816],[139.78514,35.68968],[139.78473,35.6904]]}},{"type":"Feature","properties":{"lineId":"toei-asakusa","sourceLineName":"1号線浅草線","sourceOperator":"東京都","source":"MLIT N02 2025"},"geometry":{"type":"LineString","coordinates":[[139.78473,35.6904],[139.78463,35.69052]]}},{"type":"Feature","properties":{"lineId":"toei-asakusa","sourceLineName":"1号線浅草線","sourceOperator":"東京都","source":"MLIT N02 2025"},"geometry":{"type":"LineString","coordinates":[[139.78263,35.68662],[139.78171,35.68608]]}},{"type":"Feature","properties":{"lineId":"toei-asakusa","sourceLineName":"1号線浅草線","sourceOperator":"東京都","source":"MLIT N02 2025"},"geometry":{"type":"LineString","coordinates":[[139.79725,35.70949],[139.79912,35.70972],[139.80221,35.70847],[139.80368,35.70854]]}},{"type":"Feature","properties":{"lineId":"toei-asakusa","sourceLineName":"1号線浅草線","sourceOperator":"東京都","source":"MLIT N02 2025"},"geometry":{"type":"LineString","coordinates":[[139.78497,35.69304],[139.78463,35.69052]]}},{"type":"Feature","properties":{"lineId":"toei-asakusa","sourceLineName":"1号線浅草線","sourceOperator":"東京都","source":"MLIT N02 2025"},"geometry":{"type":"LineString","coordinates":[[139.79141,35.70361],[139.79594,35.70849]]}},{"type":"Feature","properties":{"lineId":"toei-asakusa","sourceLineName":"1号線浅草線","sourceOperator":"東京都","source":"MLIT N02 2025"},"geometry":{"type":"LineString","coordinates":[[139.76645,35.66901],[139.7678,35.6703]]}},{"type":"Feature","properties":{"lineId":"toei-asakusa","sourceLineName":"1号線浅草線","sourceOperator":"東京都","source":"MLIT N02 2025"},"geometry":{"type":"LineString","coordinates":[[139.80544,35.70865],[139.80989,35.70889],[139.81158,35.70972]]}},{"type":"Feature","properties":{"lineId":"toei-asakusa","sourceLineName":"1号線浅草線","sourceOperator":"東京都","source":"MLIT N02 2025"},"geometry":{"type":"LineString","coordinates":[[139.77242,35.67617],[139.77181,35.67517]]}},{"type":"Feature","properties":{"lineId":"toei-asakusa","sourceLineName":"1号線浅草線","sourceOperator":"東京都","source":"MLIT N02 2025"},"geometry":{"type":"LineString","coordinates":[[139.77547,35.68109],[139.77242,35.67617]]}},{"type":"Feature","properties":{"lineId":"toei-asakusa","sourceLineName":"1号線浅草線","sourceOperator":"東京都","source":"MLIT N02 2025"},"geometry":{"type":"LineString","coordinates":[[139.76342,35.66673],[139.76645,35.66901]]}},{"type":"Feature","properties":{"lineId":"toei-asakusa","sourceLineName":"1号線浅草線","sourceOperator":"東京都","source":"MLIT N02 2025"},"geometry":{"type":"LineString","coordinates":[[139.78693,35.69834],[139.7903,35.70268]]}},{"type":"Feature","properties":{"lineId":"toei-asakusa","sourceLineName":"1号線浅草線","sourceOperator":"東京都","source":"MLIT N02 2025"},"geometry":{"type":"LineString","coordinates":[[139.78171,35.68608],[139.77774,35.68425],[139.77607,35.68209]]}},{"type":"Feature","properties":{"lineId":"toei-asakusa","sourceLineName":"1号線浅草線","sourceOperator":"東京都","source":"MLIT N02 2025"},"geometry":{"type":"LineString","coordinates":[[139.79725,35.70949],[139.79594,35.70849]]}},{"type":"Feature","properties":{"lineId":"toei-asakusa","sourceLineName":"1号線浅草線","sourceOperator":"東京都","source":"MLIT N02 2025"},"geometry":{"type":"LineString","coordinates":[[139.77607,35.68209],[139.77547,35.68109]]}},{"type":"Feature","properties":{"lineId":"toei-asakusa","sourceLineName":"1号線浅草線","sourceOperator":"東京都","source":"MLIT N02 2025"},"geometry":{"type":"LineString","coordinates":[[139.78497,35.69304],[139.78598,35.69687]]}},{"type":"Feature","properties":{"lineId":"toei-asakusa","sourceLineName":"1号線浅草線","sourceOperator":"東京都","source":"MLIT N02 2025"},"geometry":{"type":"LineString","coordinates":[[139.7903,35.70268],[139.79141,35.70361]]}},{"type":"Feature","properties":{"lineId":"toei-asakusa","sourceLineName":"1号線浅草線","sourceOperator":"東京都","source":"MLIT N02 2025"},"geometry":{"type":"LineString","coordinates":[[139.80368,35.70854],[139.80544,35.70865]]}},{"type":"Feature","properties":{"lineId":"toei-asakusa","sourceLineName":"1号線浅草線","sourceOperator":"東京都","source":"MLIT N02 2025"},"geometry":{"type":"LineString","coordinates":[[139.78598,35.69687],[139.78693,35.69834]]}},{"type":"Feature","properties":{"lineId":"toei-asakusa","sourceLineName":"1号線浅草線","sourceOperator":"東京都","source":"MLIT N02 2025"},"geometry":{"type":"LineString","coordinates":[[139.77181,35.67517],[139.7678,35.6703]]}},{"type":"Feature","properties":{"lineId":"toei-asakusa","sourceLineName":"1号線浅草線","sourceOperator":"東京都","source":"MLIT N02 2025"},"geometry":{"type":"LineString","coordinates":[[139.81158,35.70972],[139.81324,35.71072]]}},{"type":"Feature","properties":{"lineId":"toei-asakusa","sourceLineName":"1号線浅草線","sourceOperator":"東京都","source":"MLIT N02 2025"},"geometry":{"type":"LineString","coordinates":[[139.76342,35.66673],[139.76287,35.66652]]}},{"type":"Feature","properties":{"lineId":"toei-asakusa","sourceLineName":"1号線浅草線","sourceOperator":"東京都","source":"MLIT N02 2025"},"geometry":{"type":"LineString","coordinates":[[139.75852,35.66432],[139.75947,35.66544]]}},{"type":"Feature","properties":{"lineId":"toei-asakusa","sourceLineName":"1号線浅草線","sourceOperator":"東京都","source":"MLIT N02 2025"},"geometry":{"type":"LineString","coordinates":[[139.75947,35.66544],[139.76049,35.66671],[139.76287,35.66652]]}},{"type":"Feature","properties":{"lineId":"toei-asakusa","sourceLineName":"1号線浅草線","sourceOperator":"東京都","source":"MLIT N02 2025"},"geometry":{"type":"LineString","coordinates":[[139.72975,35.63122],[139.73098,35.63214]]}},{"type":"Feature","properties":{"lineId":"toei-asakusa","sourceLineName":"1号線浅草線","sourceOperator":"東京都","source":"MLIT N02 2025"},"geometry":{"type":"LineString","coordinates":[[139.7248,35.62752],[139.72975,35.63122]]}},{"type":"Feature","properties":{"lineId":"toei-asakusa","sourceLineName":"1号線浅草線","sourceOperator":"東京都","source":"MLIT N02 2025"},"geometry":{"type":"LineString","coordinates":[[139.75015,35.64815],[139.74881,35.6476]]}},{"type":"Feature","properties":{"lineId":"toei-asakusa","sourceLineName":"1号線浅草線","sourceOperator":"東京都","source":"MLIT N02 2025"},"geometry":{"type":"LineString","coordinates":[[139.71611,35.61374],[139.71664,35.61511]]}},{"type":"Feature","properties":{"lineId":"toei-asakusa","sourceLineName":"1号線浅草線","sourceOperator":"東京都","source":"MLIT N02 2025"},"geometry":{"type":"LineString","coordinates":[[139.70679,35.58793],[139.71116,35.59376],[139.71171,35.59575]]}},{"type":"Feature","properties":{"lineId":"toei-asakusa","sourceLineName":"1号線浅草線","sourceOperator":"東京都","source":"MLIT N02 2025"},"geometry":{"type":"LineString","coordinates":[[139.75477,35.65738],[139.75525,35.66032],[139.75852,35.66432]]}},{"type":"Feature","properties":{"lineId":"toei-asakusa","sourceLineName":"1号線浅草線","sourceOperator":"東京都","source":"MLIT N02 2025"},"geometry":{"type":"LineString","coordinates":[[139.70583,35.58658],[139.70585,35.58668]]}},{"type":"Feature","properties":{"lineId":"toei-asakusa","sourceLineName":"1号線浅草線","sourceOperator":"東京都","source":"MLIT N02 2025"},"geometry":{"type":"LineString","coordinates":[[139.72357,35.6267],[139.7248,35.62752]]}},{"type":"Feature","properties":{"lineId":"toei-asakusa","sourceLineName":"1号線浅草線","sourceOperator":"東京都","source":"MLIT N02 2025"},"geometry":{"type":"LineString","coordinates":[[139.73938,35.63746],[139.74008,35.6388]]}},{"type":"Feature","properties":{"lineId":"toei-asakusa","sourceLineName":"1号線浅草線","sourceOperator":"東京都","source":"MLIT N02 2025"},"geometry":{"type":"LineString","coordinates":[[139.7384,35.63483],[139.73938,35.63746]]}},{"type":"Feature","properties":{"lineId":"toei-asakusa","sourceLineName":"1号線浅草線","sourceOperator":"東京都","source":"MLIT N02 2025"},"geometry":{"type":"LineString","coordinates":[[139.73098,35.63214],[139.73636,35.63286],[139.7384,35.63483]]}},{"type":"Feature","properties":{"lineId":"toei-asakusa","sourceLineName":"1号線浅草線","sourceOperator":"東京都","source":"MLIT N02 2025"},"geometry":{"type":"LineString","coordinates":[[139.71199,35.59714],[139.71344,35.60442]]}},{"type":"Feature","properties":{"lineId":"toei-asakusa","sourceLineName":"1号線浅草線","sourceOperator":"東京都","source":"MLIT N02 2025"},"geometry":{"type":"LineString","coordinates":[[139.71664,35.61511],[139.72157,35.62499],[139.72357,35.6267]]}},{"type":"Feature","properties":{"lineId":"toei-asakusa","sourceLineName":"1号線浅草線","sourceOperator":"東京都","source":"MLIT N02 2025"},"geometry":{"type":"LineString","coordinates":[[139.75477,35.65738],[139.75459,35.65591]]}},{"type":"Feature","properties":{"lineId":"toei-asakusa","sourceLineName":"1号線浅草線","sourceOperator":"東京都","source":"MLIT N02 2025"},"geometry":{"type":"LineString","coordinates":[[139.71344,35.60442],[139.71374,35.60593]]}},{"type":"Feature","properties":{"lineId":"toei-asakusa","sourceLineName":"1号線浅草線","sourceOperator":"東京都","source":"MLIT N02 2025"},"geometry":{"type":"LineString","coordinates":[[139.71374,35.60593],[139.71611,35.61374]]}},{"type":"Feature","properties":{"lineId":"toei-asakusa","sourceLineName":"1号線浅草線","sourceOperator":"東京都","source":"MLIT N02 2025"},"geometry":{"type":"LineString","coordinates":[[139.70585,35.58668],[139.70679,35.58793]]}},{"type":"Feature","properties":{"lineId":"toei-asakusa","sourceLineName":"1号線浅草線","sourceOperator":"東京都","source":"MLIT N02 2025"},"geometry":{"type":"LineString","coordinates":[[139.74881,35.6476],[139.74345,35.64456],[139.74008,35.6388]]}},{"type":"Feature","properties":{"lineId":"toei-asakusa","sourceLineName":"1号線浅草線","sourceOperator":"東京都","source":"MLIT N02 2025"},"geometry":{"type":"LineString","coordinates":[[139.75459,35.65591],[139.75308,35.64912],[139.75015,35.64815]]}},{"type":"Feature","properties":{"lineId":"toei-asakusa","sourceLineName":"1号線浅草線","sourceOperator":"東京都","source":"MLIT N02 2025"},"geometry":{"type":"LineString","coordinates":[[139.71171,35.59575],[139.71199,35.59714]]}},{"type":"Feature","properties":{"lineId":"toei-mita","sourceLineName":"6号線三田線","sourceOperator":"東京都","source":"MLIT N02 2025"},"geometry":{"type":"LineString","coordinates":[[139.68499,35.77726],[139.68325,35.7771],[139.682,35.77778],[139.67932,35.78157],[139.67898,35.78342]]}},{"type":"Feature","properties":{"lineId":"toei-mita","sourceLineName":"6号線三田線","sourceOperator":"東京都","source":"MLIT N02 2025"},"geometry":{"type":"LineString","coordinates":[[139.66035,35.78912],[139.65529,35.79004]]}},{"type":"Feature","properties":{"lineId":"toei-mita","sourceLineName":"6号線三田線","sourceOperator":"東京都","source":"MLIT N02 2025"},"geometry":{"type":"LineString","coordinates":[[139.71848,35.74893],[139.72025,35.74875]]}},{"type":"Feature","properties":{"lineId":"toei-mita","sourceLineName":"6号線三田線","sourceOperator":"東京都","source":"MLIT N02 2025"},"geometry":{"type":"LineString","coordinates":[[139.67914,35.78469],[139.67898,35.78578],[139.67822,35.78642],[139.67367,35.78699]]}},{"type":"Feature","properties":{"lineId":"toei-mita","sourceLineName":"6号線三田線","sourceOperator":"東京都","source":"MLIT N02 2025"},"geometry":{"type":"LineString","coordinates":[[139.67169,35.78717],[139.66224,35.78875]]}},{"type":"Feature","properties":{"lineId":"toei-mita","sourceLineName":"6号線三田線","sourceOperator":"東京都","source":"MLIT N02 2025"},"geometry":{"type":"LineString","coordinates":[[139.64682,35.79169],[139.64455,35.7921]]}},{"type":"Feature","properties":{"lineId":"toei-mita","sourceLineName":"6号線三田線","sourceOperator":"東京都","source":"MLIT N02 2025"},"geometry":{"type":"LineString","coordinates":[[139.70946,35.75179],[139.71065,35.75082]]}},{"type":"Feature","properties":{"lineId":"toei-mita","sourceLineName":"6号線三田線","sourceOperator":"東京都","source":"MLIT N02 2025"},"geometry":{"type":"LineString","coordinates":[[139.71065,35.75082],[139.71254,35.74957],[139.71848,35.74893]]}},{"type":"Feature","properties":{"lineId":"toei-mita","sourceLineName":"6号線三田線","sourceOperator":"東京都","source":"MLIT N02 2025"},"geometry":{"type":"LineString","coordinates":[[139.69416,35.7769],[139.69298,35.77803],[139.69121,35.77856],[139.68673,35.77767]]}},{"type":"Feature","properties":{"lineId":"toei-mita","sourceLineName":"6号線三田線","sourceOperator":"東京都","source":"MLIT N02 2025"},"geometry":{"type":"LineString","coordinates":[[139.65529,35.79004],[139.65337,35.7904]]}},{"type":"Feature","properties":{"lineId":"toei-mita","sourceLineName":"6号線三田線","sourceOperator":"東京都","source":"MLIT N02 2025"},"geometry":{"type":"LineString","coordinates":[[139.70253,35.76837],[139.70169,35.7696]]}},{"type":"Feature","properties":{"lineId":"toei-mita","sourceLineName":"6号線三田線","sourceOperator":"東京都","source":"MLIT N02 2025"},"geometry":{"type":"LineString","coordinates":[[139.72814,35.74404],[139.72931,35.74279]]}},{"type":"Feature","properties":{"lineId":"toei-mita","sourceLineName":"6号線三田線","sourceOperator":"東京都","source":"MLIT N02 2025"},"geometry":{"type":"LineString","coordinates":[[139.66224,35.78875],[139.66035,35.78912]]}},{"type":"Feature","properties":{"lineId":"toei-mita","sourceLineName":"6号線三田線","sourceOperator":"東京都","source":"MLIT N02 2025"},"geometry":{"type":"LineString","coordinates":[[139.70169,35.7696],[139.6953,35.77578]]}},{"type":"Feature","properties":{"lineId":"toei-mita","sourceLineName":"6号線三田線","sourceOperator":"東京都","source":"MLIT N02 2025"},"geometry":{"type":"LineString","coordinates":[[139.6953,35.77578],[139.69416,35.7769]]}},{"type":"Feature","properties":{"lineId":"toei-mita","sourceLineName":"6号線三田線","sourceOperator":"東京都","source":"MLIT N02 2025"},"geometry":{"type":"LineString","coordinates":[[139.70575,35.76072],[139.70546,35.76148]]}},{"type":"Feature","properties":{"lineId":"toei-mita","sourceLineName":"6号線三田線","sourceOperator":"東京都","source":"MLIT N02 2025"},"geometry":{"type":"LineString","coordinates":[[139.67367,35.78699],[139.67169,35.78717]]}},{"type":"Feature","properties":{"lineId":"toei-mita","sourceLineName":"6号線三田線","sourceOperator":"東京都","source":"MLIT N02 2025"},"geometry":{"type":"LineString","coordinates":[[139.70546,35.76148],[139.70253,35.76837]]}},{"type":"Feature","properties":{"lineId":"toei-mita","sourceLineName":"6号線三田線","sourceOperator":"東京都","source":"MLIT N02 2025"},"geometry":{"type":"LineString","coordinates":[[139.72025,35.74875],[139.72201,35.74841],[139.72814,35.74404]]}},{"type":"Feature","properties":{"lineId":"toei-mita","sourceLineName":"6号線三田線","sourceOperator":"東京都","source":"MLIT N02 2025"},"geometry":{"type":"LineString","coordinates":[[139.67898,35.78342],[139.67914,35.78469]]}},{"type":"Feature","properties":{"lineId":"toei-mita","sourceLineName":"6号線三田線","sourceOperator":"東京都","source":"MLIT N02 2025"},"geometry":{"type":"LineString","coordinates":[[139.68673,35.77767],[139.68499,35.77726]]}},{"type":"Feature","properties":{"lineId":"toei-mita","sourceLineName":"6号線三田線","sourceOperator":"東京都","source":"MLIT N02 2025"},"geometry":{"type":"LineString","coordinates":[[139.65337,35.7904],[139.64682,35.79169]]}},{"type":"Feature","properties":{"lineId":"toei-mita","sourceLineName":"6号線三田線","sourceOperator":"東京都","source":"MLIT N02 2025"},"geometry":{"type":"LineString","coordinates":[[139.70946,35.75179],[139.70575,35.76072]]}},{"type":"Feature","properties":{"lineId":"toei-mita","sourceLineName":"6号線三田線","sourceOperator":"東京都","source":"MLIT N02 2025"},"geometry":{"type":"LineString","coordinates":[[139.75541,35.70269],[139.75483,35.70459]]}},{"type":"Feature","properties":{"lineId":"toei-mita","sourceLineName":"6号線三田線","sourceOperator":"東京都","source":"MLIT N02 2025"},"geometry":{"type":"LineString","coordinates":[[139.75249,35.72204],[139.75193,35.72063]]}},{"type":"Feature","properties":{"lineId":"toei-mita","sourceLineName":"6号線三田線","sourceOperator":"東京都","source":"MLIT N02 2025"},"geometry":{"type":"LineString","coordinates":[[139.73865,35.7333],[139.74409,35.72845]]}},{"type":"Feature","properties":{"lineId":"toei-mita","sourceLineName":"6号線三田線","sourceOperator":"東京都","source":"MLIT N02 2025"},"geometry":{"type":"LineString","coordinates":[[139.74409,35.72845],[139.7454,35.72748]]}},{"type":"Feature","properties":{"lineId":"toei-mita","sourceLineName":"6号線三田線","sourceOperator":"東京都","source":"MLIT N02 2025"},"geometry":{"type":"LineString","coordinates":[[139.72931,35.74279],[139.73742,35.73426]]}},{"type":"Feature","properties":{"lineId":"toei-mita","sourceLineName":"6号線三田線","sourceOperator":"東京都","source":"MLIT N02 2025"},"geometry":{"type":"LineString","coordinates":[[139.75483,35.70459],[139.75347,35.70913]]}},{"type":"Feature","properties":{"lineId":"toei-mita","sourceLineName":"6号線三田線","sourceOperator":"東京都","source":"MLIT N02 2025"},"geometry":{"type":"LineString","coordinates":[[139.7454,35.72748],[139.75159,35.7244],[139.75249,35.72204]]}},{"type":"Feature","properties":{"lineId":"toei-mita","sourceLineName":"6号線三田線","sourceOperator":"東京都","source":"MLIT N02 2025"},"geometry":{"type":"LineString","coordinates":[[139.75193,35.72063],[139.75137,35.71912],[139.75302,35.71077]]}},{"type":"Feature","properties":{"lineId":"toei-mita","sourceLineName":"6号線三田線","sourceOperator":"東京都","source":"MLIT N02 2025"},"geometry":{"type":"LineString","coordinates":[[139.75347,35.70913],[139.75302,35.71077]]}},{"type":"Feature","properties":{"lineId":"toei-mita","sourceLineName":"6号線三田線","sourceOperator":"東京都","source":"MLIT N02 2025"},"geometry":{"type":"LineString","coordinates":[[139.73742,35.73426],[139.73865,35.7333]]}},{"type":"Feature","properties":{"lineId":"toei-mita","sourceLineName":"6号線三田線","sourceOperator":"東京都","source":"MLIT N02 2025"},"geometry":{"type":"LineString","coordinates":[[139.75989,35.67589],[139.7604,35.67735]]}},{"type":"Feature","properties":{"lineId":"toei-mita","sourceLineName":"6号線三田線","sourceOperator":"東京都","source":"MLIT N02 2025"},"geometry":{"type":"LineString","coordinates":[[139.75567,35.66983],[139.75501,35.66852]]}},{"type":"Feature","properties":{"lineId":"toei-mita","sourceLineName":"6号線三田線","sourceOperator":"東京都","source":"MLIT N02 2025"},"geometry":{"type":"LineString","coordinates":[[139.76286,35.6849],[139.76400625,35.68970149],[139.75908314,35.69269961],[139.75845854,35.69427006]]}},{"type":"Feature","properties":{"lineId":"toei-mita","sourceLineName":"6号線三田線","sourceOperator":"東京都","source":"MLIT N02 2025"},"geometry":{"type":"LineString","coordinates":[[139.7604,35.67735],[139.76236,35.68324]]}},{"type":"Feature","properties":{"lineId":"toei-mita","sourceLineName":"6号線三田線","sourceOperator":"東京都","source":"MLIT N02 2025"},"geometry":{"type":"LineString","coordinates":[[139.7581611,35.69578102],[139.75553,35.7009],[139.75541,35.70269]]}},{"type":"Feature","properties":{"lineId":"toei-mita","sourceLineName":"6号線三田線","sourceOperator":"東京都","source":"MLIT N02 2025"},"geometry":{"type":"LineString","coordinates":[[139.75845854,35.69427006],[139.7581611,35.69578102]]}},{"type":"Feature","properties":{"lineId":"toei-mita","sourceLineName":"6号線三田線","sourceOperator":"東京都","source":"MLIT N02 2025"},"geometry":{"type":"LineString","coordinates":[[139.75501,35.66852],[139.75183,35.66169]]}},{"type":"Feature","properties":{"lineId":"toei-mita","sourceLineName":"6号線三田線","sourceOperator":"東京都","source":"MLIT N02 2025"},"geometry":{"type":"LineString","coordinates":[[139.76236,35.68324],[139.76286,35.6849]]}},{"type":"Feature","properties":{"lineId":"toei-mita","sourceLineName":"6号線三田線","sourceOperator":"東京都","source":"MLIT N02 2025"},"geometry":{"type":"LineString","coordinates":[[139.75183,35.66169],[139.75114,35.66028]]}},{"type":"Feature","properties":{"lineId":"toei-mita","sourceLineName":"6号線三田線","sourceOperator":"東京都","source":"MLIT N02 2025"},"geometry":{"type":"LineString","coordinates":[[139.75567,35.66983],[139.75989,35.67589]]}},{"type":"Feature","properties":{"lineId":"toei-mita","sourceLineName":"6号線三田線","sourceOperator":"東京都","source":"MLIT N02 2025"},"geometry":{"type":"LineString","coordinates":[[139.7499,35.65468],[139.75021,35.6566]]}},{"type":"Feature","properties":{"lineId":"toei-mita","sourceLineName":"6号線三田線","sourceOperator":"東京都","source":"MLIT N02 2025"},"geometry":{"type":"LineString","coordinates":[[139.71542,35.6332],[139.7159,35.63177]]}},{"type":"Feature","properties":{"lineId":"toei-mita","sourceLineName":"6号線三田線","sourceOperator":"東京都","source":"MLIT N02 2025"},"geometry":{"type":"LineString","coordinates":[[139.73469,35.64385],[139.73388,35.64244]]}},{"type":"Feature","properties":{"lineId":"toei-mita","sourceLineName":"6号線三田線","sourceOperator":"東京都","source":"MLIT N02 2025"},"geometry":{"type":"LineString","coordinates":[[139.74961,35.65275],[139.74897,35.64869]]}},{"type":"Feature","properties":{"lineId":"toei-mita","sourceLineName":"6号線三田線","sourceOperator":"東京都","source":"MLIT N02 2025"},"geometry":{"type":"LineString","coordinates":[[139.74983,35.65416],[139.7499,35.65468]]}},{"type":"Feature","properties":{"lineId":"toei-mita","sourceLineName":"6号線三田線","sourceOperator":"東京都","source":"MLIT N02 2025"},"geometry":{"type":"LineString","coordinates":[[139.72671,35.63814],[139.72501,35.6374]]}},{"type":"Feature","properties":{"lineId":"toei-mita","sourceLineName":"6号線三田線","sourceOperator":"東京都","source":"MLIT N02 2025"},"geometry":{"type":"LineString","coordinates":[[139.75114,35.66028],[139.75021,35.6566]]}},{"type":"Feature","properties":{"lineId":"toei-mita","sourceLineName":"6号線三田線","sourceOperator":"東京都","source":"MLIT N02 2025"},"geometry":{"type":"LineString","coordinates":[[139.72501,35.6374],[139.72088,35.63544],[139.71612,35.63491],[139.71546,35.63434],[139.71542,35.6332]]}},{"type":"Feature","properties":{"lineId":"toei-mita","sourceLineName":"6号線三田線","sourceOperator":"東京都","source":"MLIT N02 2025"},"geometry":{"type":"LineString","coordinates":[[139.7356,35.64549],[139.73469,35.64385]]}},{"type":"Feature","properties":{"lineId":"toei-mita","sourceLineName":"6号線三田線","sourceOperator":"東京都","source":"MLIT N02 2025"},"geometry":{"type":"LineString","coordinates":[[139.74881,35.6476],[139.74405,35.64722],[139.74121,35.64788],[139.7356,35.64549]]}},{"type":"Feature","properties":{"lineId":"toei-mita","sourceLineName":"6号線三田線","sourceOperator":"東京都","source":"MLIT N02 2025"},"geometry":{"type":"LineString","coordinates":[[139.74897,35.64869],[139.74881,35.6476]]}},{"type":"Feature","properties":{"lineId":"toei-mita","sourceLineName":"6号線三田線","sourceOperator":"東京都","source":"MLIT N02 2025"},"geometry":{"type":"LineString","coordinates":[[139.74983,35.65416],[139.74961,35.65275]]}},{"type":"Feature","properties":{"lineId":"toei-mita","sourceLineName":"6号線三田線","sourceOperator":"東京都","source":"MLIT N02 2025"},"geometry":{"type":"LineString","coordinates":[[139.73388,35.64244],[139.7329,35.64061],[139.73028,35.64007],[139.72671,35.63814]]}},{"type":"Feature","properties":{"lineId":"toei-shinjuku","sourceLineName":"10号線新宿線","sourceOperator":"東京都","source":"MLIT N02 2025"},"geometry":{"type":"LineString","coordinates":[[139.8839,35.68608],[139.88188,35.6858]]}},{"type":"Feature","properties":{"lineId":"toei-shinjuku","sourceLineName":"10号線新宿線","sourceOperator":"東京都","source":"MLIT N02 2025"},"geometry":{"type":"LineString","coordinates":[[139.79919,35.68807],[139.7972,35.68804]]}},{"type":"Feature","properties":{"lineId":"toei-shinjuku","sourceLineName":"10号線新宿線","sourceOperator":"東京都","source":"MLIT N02 2025"},"geometry":{"type":"LineString","coordinates":[[139.7972,35.68804],[139.78898,35.68839]]}},{"type":"Feature","properties":{"lineId":"toei-shinjuku","sourceLineName":"10号線新宿線","sourceOperator":"東京都","source":"MLIT N02 2025"},"geometry":{"type":"LineString","coordinates":[[139.81666,35.689],[139.81483,35.6889]]}},{"type":"Feature","properties":{"lineId":"toei-shinjuku","sourceLineName":"10号線新宿線","sourceOperator":"東京都","source":"MLIT N02 2025"},"geometry":{"type":"LineString","coordinates":[[139.77411,35.69562],[139.76788,35.69561]]}},{"type":"Feature","properties":{"lineId":"toei-shinjuku","sourceLineName":"10号線新宿線","sourceOperator":"東京都","source":"MLIT N02 2025"},"geometry":{"type":"LineString","coordinates":[[139.78898,35.68839],[139.78727,35.68879]]}},{"type":"Feature","properties":{"lineId":"toei-shinjuku","sourceLineName":"10号線新宿線","sourceOperator":"東京都","source":"MLIT N02 2025"},"geometry":{"type":"LineString","coordinates":[[139.78727,35.68879],[139.78473,35.6904]]}},{"type":"Feature","properties":{"lineId":"toei-shinjuku","sourceLineName":"10号線新宿線","sourceOperator":"東京都","source":"MLIT N02 2025"},"geometry":{"type":"LineString","coordinates":[[139.78369,35.69134],[139.78216,35.69268]]}},{"type":"Feature","properties":{"lineId":"toei-shinjuku","sourceLineName":"10号線新宿線","sourceOperator":"東京都","source":"MLIT N02 2025"},"geometry":{"type":"LineString","coordinates":[[139.78216,35.69268],[139.77854,35.69542],[139.77626,35.69553]]}},{"type":"Feature","properties":{"lineId":"toei-shinjuku","sourceLineName":"10号線新宿線","sourceOperator":"東京都","source":"MLIT N02 2025"},"geometry":{"type":"LineString","coordinates":[[139.80517,35.68834],[139.79919,35.68807]]}},{"type":"Feature","properties":{"lineId":"toei-shinjuku","sourceLineName":"10号線新宿線","sourceOperator":"東京都","source":"MLIT N02 2025"},"geometry":{"type":"LineString","coordinates":[[139.81483,35.6889],[139.80708,35.68848]]}},{"type":"Feature","properties":{"lineId":"toei-shinjuku","sourceLineName":"10号線新宿線","sourceOperator":"東京都","source":"MLIT N02 2025"},"geometry":{"type":"LineString","coordinates":[[139.89831,35.6941],[139.89731,35.69268]]}},{"type":"Feature","properties":{"lineId":"toei-shinjuku","sourceLineName":"10号線新宿線","sourceOperator":"東京都","source":"MLIT N02 2025"},"geometry":{"type":"LineString","coordinates":[[139.78463,35.69052],[139.78369,35.69134]]}},{"type":"Feature","properties":{"lineId":"toei-shinjuku","sourceLineName":"10号線新宿線","sourceOperator":"東京都","source":"MLIT N02 2025"},"geometry":{"type":"LineString","coordinates":[[139.90318,35.70543],[139.90232,35.70414],[139.90103,35.69836],[139.89831,35.6941]]}},{"type":"Feature","properties":{"lineId":"toei-shinjuku","sourceLineName":"10号線新宿線","sourceOperator":"東京都","source":"MLIT N02 2025"},"geometry":{"type":"LineString","coordinates":[[139.76788,35.69561],[139.76584,35.69482]]}},{"type":"Feature","properties":{"lineId":"toei-shinjuku","sourceLineName":"10号線新宿線","sourceOperator":"東京都","source":"MLIT N02 2025"},"geometry":{"type":"LineString","coordinates":[[139.86487,35.68382],[139.86284,35.68375]]}},{"type":"Feature","properties":{"lineId":"toei-shinjuku","sourceLineName":"10号線新宿線","sourceOperator":"東京都","source":"MLIT N02 2025"},"geometry":{"type":"LineString","coordinates":[[139.86284,35.68375],[139.86073,35.68415],[139.84892,35.68926]]}},{"type":"Feature","properties":{"lineId":"toei-shinjuku","sourceLineName":"10号線新宿線","sourceOperator":"東京都","source":"MLIT N02 2025"},"geometry":{"type":"LineString","coordinates":[[139.89731,35.69268],[139.89583,35.69061],[139.89306,35.68831],[139.88954,35.68689],[139.8839,35.68608]]}},{"type":"Feature","properties":{"lineId":"toei-shinjuku","sourceLineName":"10号線新宿線","sourceOperator":"東京都","source":"MLIT N02 2025"},"geometry":{"type":"LineString","coordinates":[[139.83522,35.68985],[139.8335,35.68968]]}},{"type":"Feature","properties":{"lineId":"toei-shinjuku","sourceLineName":"10号線新宿線","sourceOperator":"東京都","source":"MLIT N02 2025"},"geometry":{"type":"LineString","coordinates":[[139.80708,35.68848],[139.80517,35.68834]]}},{"type":"Feature","properties":{"lineId":"toei-shinjuku","sourceLineName":"10号線新宿線","sourceOperator":"東京都","source":"MLIT N02 2025"},"geometry":{"type":"LineString","coordinates":[[139.92627,35.72263],[139.92082,35.71602],[139.91288,35.71204],[139.90459,35.70681]]}},{"type":"Feature","properties":{"lineId":"toei-shinjuku","sourceLineName":"10号線新宿線","sourceOperator":"東京都","source":"MLIT N02 2025"},"geometry":{"type":"LineString","coordinates":[[139.82536,35.68934],[139.81666,35.689]]}},{"type":"Feature","properties":{"lineId":"toei-shinjuku","sourceLineName":"10号線新宿線","sourceOperator":"東京都","source":"MLIT N02 2025"},"geometry":{"type":"LineString","coordinates":[[139.84561,35.69032],[139.83522,35.68985]]}},{"type":"Feature","properties":{"lineId":"toei-shinjuku","sourceLineName":"10号線新宿線","sourceOperator":"東京都","source":"MLIT N02 2025"},"geometry":{"type":"LineString","coordinates":[[139.92749,35.72407],[139.92627,35.72263]]}},{"type":"Feature","properties":{"lineId":"toei-shinjuku","sourceLineName":"10号線新宿線","sourceOperator":"東京都","source":"MLIT N02 2025"},"geometry":{"type":"LineString","coordinates":[[139.8335,35.68968],[139.82728,35.68933]]}},{"type":"Feature","properties":{"lineId":"toei-shinjuku","sourceLineName":"10号線新宿線","sourceOperator":"東京都","source":"MLIT N02 2025"},"geometry":{"type":"LineString","coordinates":[[139.77626,35.69553],[139.77411,35.69562]]}},{"type":"Feature","properties":{"lineId":"toei-shinjuku","sourceLineName":"10号線新宿線","sourceOperator":"東京都","source":"MLIT N02 2025"},"geometry":{"type":"LineString","coordinates":[[139.90459,35.70681],[139.90318,35.70543]]}},{"type":"Feature","properties":{"lineId":"toei-shinjuku","sourceLineName":"10号線新宿線","sourceOperator":"東京都","source":"MLIT N02 2025"},"geometry":{"type":"LineString","coordinates":[[139.84892,35.68926],[139.84561,35.69032]]}},{"type":"Feature","properties":{"lineId":"toei-shinjuku","sourceLineName":"10号線新宿線","sourceOperator":"東京都","source":"MLIT N02 2025"},"geometry":{"type":"LineString","coordinates":[[139.88188,35.6858],[139.86487,35.68382]]}},{"type":"Feature","properties":{"lineId":"toei-shinjuku","sourceLineName":"10号線新宿線","sourceOperator":"東京都","source":"MLIT N02 2025"},"geometry":{"type":"LineString","coordinates":[[139.76584,35.69482],[139.76291,35.69445],[139.76069,35.69599],[139.75912,35.69606]]}},{"type":"Feature","properties":{"lineId":"toei-shinjuku","sourceLineName":"10号線新宿線","sourceOperator":"東京都","source":"MLIT N02 2025"},"geometry":{"type":"LineString","coordinates":[[139.82728,35.68933],[139.82536,35.68934]]}},{"type":"Feature","properties":{"lineId":"toei-shinjuku","sourceLineName":"10号線新宿線","sourceOperator":"東京都","source":"MLIT N02 2025"},"geometry":{"type":"LineString","coordinates":[[139.75215,35.69569],[139.75008,35.69533]]}},{"type":"Feature","properties":{"lineId":"toei-shinjuku","sourceLineName":"10号線新宿線","sourceOperator":"東京都","source":"MLIT N02 2025"},"geometry":{"type":"LineString","coordinates":[[139.72357,35.6923],[139.72159,35.69236]]}},{"type":"Feature","properties":{"lineId":"toei-shinjuku","sourceLineName":"10号線新宿線","sourceOperator":"東京都","source":"MLIT N02 2025"},"geometry":{"type":"LineString","coordinates":[[139.73828,35.69171],[139.74421,35.69356]]}},{"type":"Feature","properties":{"lineId":"toei-shinjuku","sourceLineName":"10号線新宿線","sourceOperator":"東京都","source":"MLIT N02 2025"},"geometry":{"type":"LineString","coordinates":[[139.75685409,35.69594942],[139.75912,35.69606]]}},{"type":"Feature","properties":{"lineId":"toei-shinjuku","sourceLineName":"10号線新宿線","sourceOperator":"東京都","source":"MLIT N02 2025"},"geometry":{"type":"LineString","coordinates":[[139.74545,35.694],[139.74421,35.69356]]}},{"type":"Feature","properties":{"lineId":"toei-shinjuku","sourceLineName":"10号線新宿線","sourceOperator":"東京都","source":"MLIT N02 2025"},"geometry":{"type":"LineString","coordinates":[[139.73828,35.69171],[139.73649,35.6912]]}},{"type":"Feature","properties":{"lineId":"toei-shinjuku","sourceLineName":"10号線新宿線","sourceOperator":"東京都","source":"MLIT N02 2025"},"geometry":{"type":"LineString","coordinates":[[139.75215,35.69569],[139.75685409,35.69594942]]}},{"type":"Feature","properties":{"lineId":"toei-shinjuku","sourceLineName":"10号線新宿線","sourceOperator":"東京都","source":"MLIT N02 2025"},"geometry":{"type":"LineString","coordinates":[[139.75008,35.69533],[139.74421,35.69356]]}},{"type":"Feature","properties":{"lineId":"toei-shinjuku","sourceLineName":"10号線新宿線","sourceOperator":"東京都","source":"MLIT N02 2025"},"geometry":{"type":"LineString","coordinates":[[139.73649,35.6912],[139.7347,35.69075],[139.73266,35.69132],[139.72869,35.69117],[139.72357,35.6923]]}},{"type":"Feature","properties":{"lineId":"toei-shinjuku","sourceLineName":"10号線新宿線","sourceOperator":"東京都","source":"MLIT N02 2025"},"geometry":{"type":"LineString","coordinates":[[139.69932,35.68871],[139.69791,35.68815]]}},{"type":"Feature","properties":{"lineId":"toei-shinjuku","sourceLineName":"10号線新宿線","sourceOperator":"東京都","source":"MLIT N02 2025"},"geometry":{"type":"LineString","coordinates":[[139.72159,35.69236],[139.71702,35.6912],[139.70969,35.6916],[139.70749,35.69114]]}},{"type":"Feature","properties":{"lineId":"toei-shinjuku","sourceLineName":"10号線新宿線","sourceOperator":"東京都","source":"MLIT N02 2025"},"geometry":{"type":"LineString","coordinates":[[139.70749,35.69114],[139.70558,35.69054]]}},{"type":"Feature","properties":{"lineId":"toei-shinjuku","sourceLineName":"10号線新宿線","sourceOperator":"東京都","source":"MLIT N02 2025"},"geometry":{"type":"LineString","coordinates":[[139.70558,35.69054],[139.69932,35.68871]]}},{"type":"Feature","properties":{"lineId":"toei-shinjuku","sourceLineName":"10号線新宿線","sourceOperator":"東京都","source":"MLIT N02 2025"},"geometry":{"type":"LineString","coordinates":[[139.78473,35.6904],[139.78463,35.69052]]}},{"type":"Feature","properties":{"lineId":"toei-oedo","sourceLineName":"12号線大江戸線","sourceOperator":"東京都","source":"MLIT N02 2025"},"geometry":{"type":"LineString","coordinates":[[139.78479,35.66441],[139.78338,35.66338]]}},{"type":"Feature","properties":{"lineId":"toei-oedo","sourceLineName":"12号線大江戸線","sourceOperator":"東京都","source":"MLIT N02 2025"},"geometry":{"type":"LineString","coordinates":[[139.76632,35.6653],[139.76461,35.66669],[139.76342,35.66673]]}},{"type":"Feature","properties":{"lineId":"toei-oedo","sourceLineName":"12号線大江戸線","sourceOperator":"東京都","source":"MLIT N02 2025"},"geometry":{"type":"LineString","coordinates":[[139.79322,35.70513],[139.79432,35.7041],[139.79608,35.70395]]}},{"type":"Feature","properties":{"lineId":"toei-oedo","sourceLineName":"12号線大江戸線","sourceOperator":"東京都","source":"MLIT N02 2025"},"geometry":{"type":"LineString","coordinates":[[139.79875,35.68222],[139.79858,35.68367]]}},{"type":"Feature","properties":{"lineId":"toei-oedo","sourceLineName":"12号線大江戸線","sourceOperator":"東京都","source":"MLIT N02 2025"},"geometry":{"type":"LineString","coordinates":[[139.78338,35.66338],[139.77778,35.65938]]}},{"type":"Feature","properties":{"lineId":"toei-oedo","sourceLineName":"12号線大江戸線","sourceOperator":"東京都","source":"MLIT N02 2025"},"geometry":{"type":"LineString","coordinates":[[139.79858,35.68367],[139.79826,35.68726]]}},{"type":"Feature","properties":{"lineId":"toei-oedo","sourceLineName":"12号線大江戸線","sourceOperator":"東京都","source":"MLIT N02 2025"},"geometry":{"type":"LineString","coordinates":[[139.77778,35.65938],[139.77653,35.65851]]}},{"type":"Feature","properties":{"lineId":"toei-oedo","sourceLineName":"12号線大江戸線","sourceOperator":"東京都","source":"MLIT N02 2025"},"geometry":{"type":"LineString","coordinates":[[139.79814,35.68875],[139.79749,35.69603]]}},{"type":"Feature","properties":{"lineId":"toei-oedo","sourceLineName":"12号線大江戸線","sourceOperator":"東京都","source":"MLIT N02 2025"},"geometry":{"type":"LineString","coordinates":[[139.79737,35.69751],[139.79749,35.69603]]}},{"type":"Feature","properties":{"lineId":"toei-oedo","sourceLineName":"12号線大江戸線","sourceOperator":"東京都","source":"MLIT N02 2025"},"geometry":{"type":"LineString","coordinates":[[139.76718,35.66462],[139.76632,35.6653]]}},{"type":"Feature","properties":{"lineId":"toei-oedo","sourceLineName":"12号線大江戸線","sourceOperator":"東京都","source":"MLIT N02 2025"},"geometry":{"type":"LineString","coordinates":[[139.79737,35.69751],[139.79692,35.70272],[139.79608,35.70395]]}},{"type":"Feature","properties":{"lineId":"toei-oedo","sourceLineName":"12号線大江戸線","sourceOperator":"東京都","source":"MLIT N02 2025"},"geometry":{"type":"LineString","coordinates":[[139.7915,35.70578],[139.78272,35.70692]]}},{"type":"Feature","properties":{"lineId":"toei-oedo","sourceLineName":"12号線大江戸線","sourceOperator":"東京都","source":"MLIT N02 2025"},"geometry":{"type":"LineString","coordinates":[[139.79826,35.68726],[139.79814,35.68875]]}},{"type":"Feature","properties":{"lineId":"toei-oedo","sourceLineName":"12号線大江戸線","sourceOperator":"東京都","source":"MLIT N02 2025"},"geometry":{"type":"LineString","coordinates":[[139.79542,35.67324],[139.79479,35.6723]]}},{"type":"Feature","properties":{"lineId":"toei-oedo","sourceLineName":"12号線大江戸線","sourceOperator":"東京都","source":"MLIT N02 2025"},"geometry":{"type":"LineString","coordinates":[[139.79542,35.67324],[139.79632,35.67618],[139.79905,35.67962],[139.79875,35.68222]]}},{"type":"Feature","properties":{"lineId":"toei-oedo","sourceLineName":"12号線大江戸線","sourceOperator":"東京都","source":"MLIT N02 2025"},"geometry":{"type":"LineString","coordinates":[[139.793,35.70522],[139.79322,35.70513]]}},{"type":"Feature","properties":{"lineId":"toei-oedo","sourceLineName":"12号線大江戸線","sourceOperator":"東京都","source":"MLIT N02 2025"},"geometry":{"type":"LineString","coordinates":[[139.78479,35.66441],[139.79479,35.6723]]}},{"type":"Feature","properties":{"lineId":"toei-oedo","sourceLineName":"12号線大江戸線","sourceOperator":"東京都","source":"MLIT N02 2025"},"geometry":{"type":"LineString","coordinates":[[139.77387,35.70788],[139.7811,35.70709]]}},{"type":"Feature","properties":{"lineId":"toei-oedo","sourceLineName":"12号線大江戸線","sourceOperator":"東京都","source":"MLIT N02 2025"},"geometry":{"type":"LineString","coordinates":[[139.77653,35.65851],[139.77473,35.65739],[139.7731,35.65753],[139.77033,35.66193],[139.76718,35.66462]]}},{"type":"Feature","properties":{"lineId":"toei-oedo","sourceLineName":"12号線大江戸線","sourceOperator":"東京都","source":"MLIT N02 2025"},"geometry":{"type":"LineString","coordinates":[[139.79322,35.70513],[139.79503,35.70494],[139.79608,35.70395]]}},{"type":"Feature","properties":{"lineId":"toei-oedo","sourceLineName":"12号線大江戸線","sourceOperator":"東京都","source":"MLIT N02 2025"},"geometry":{"type":"LineString","coordinates":[[139.77226,35.70804],[139.77387,35.70788]]}},{"type":"Feature","properties":{"lineId":"toei-oedo","sourceLineName":"12号線大江戸線","sourceOperator":"東京都","source":"MLIT N02 2025"},"geometry":{"type":"LineString","coordinates":[[139.793,35.70522],[139.7915,35.70578]]}},{"type":"Feature","properties":{"lineId":"toei-oedo","sourceLineName":"12号線大江戸線","sourceOperator":"東京都","source":"MLIT N02 2025"},"geometry":{"type":"LineString","coordinates":[[139.78272,35.70692],[139.7811,35.70709]]}},{"type":"Feature","properties":{"lineId":"toei-oedo","sourceLineName":"12号線大江戸線","sourceOperator":"東京都","source":"MLIT N02 2025"},"geometry":{"type":"LineString","coordinates":[[139.64923,35.74248],[139.64748,35.74833],[139.6457,35.74956],[139.64161,35.75108]]}},{"type":"Feature","properties":{"lineId":"toei-oedo","sourceLineName":"12号線大江戸線","sourceOperator":"東京都","source":"MLIT N02 2025"},"geometry":{"type":"LineString","coordinates":[[139.62997,35.75848],[139.62851,35.75846]]}},{"type":"Feature","properties":{"lineId":"toei-oedo","sourceLineName":"12号線大江戸線","sourceOperator":"東京都","source":"MLIT N02 2025"},"geometry":{"type":"LineString","coordinates":[[139.64161,35.75108],[139.63991,35.75164]]}},{"type":"Feature","properties":{"lineId":"toei-oedo","sourceLineName":"12号線大江戸線","sourceOperator":"東京都","source":"MLIT N02 2025"},"geometry":{"type":"LineString","coordinates":[[139.63991,35.75164],[139.63522,35.75356],[139.63318,35.75751],[139.63184,35.75835],[139.62997,35.75848]]}},{"type":"Feature","properties":{"lineId":"toei-oedo","sourceLineName":"12号線大江戸線","sourceOperator":"東京都","source":"MLIT N02 2025"},"geometry":{"type":"LineString","coordinates":[[139.7598,35.70754],[139.76143,35.70758]]}},{"type":"Feature","properties":{"lineId":"toei-oedo","sourceLineName":"12号線大江戸線","sourceOperator":"東京都","source":"MLIT N02 2025"},"geometry":{"type":"LineString","coordinates":[[139.67133,35.73221],[139.6698,35.73277]]}},{"type":"Feature","properties":{"lineId":"toei-oedo","sourceLineName":"12号線大江戸線","sourceOperator":"東京都","source":"MLIT N02 2025"},"geometry":{"type":"LineString","coordinates":[[139.65551,35.73748],[139.65363,35.73715]]}},{"type":"Feature","properties":{"lineId":"toei-oedo","sourceLineName":"12号線大江戸線","sourceOperator":"東京都","source":"MLIT N02 2025"},"geometry":{"type":"LineString","coordinates":[[139.68387,35.72282],[139.68315,35.72395]]}},{"type":"Feature","properties":{"lineId":"toei-oedo","sourceLineName":"12号線大江戸線","sourceOperator":"東京都","source":"MLIT N02 2025"},"geometry":{"type":"LineString","coordinates":[[139.75136,35.7085],[139.75298,35.70849]]}},{"type":"Feature","properties":{"lineId":"toei-oedo","sourceLineName":"12号線大江戸線","sourceOperator":"東京都","source":"MLIT N02 2025"},"geometry":{"type":"LineString","coordinates":[[139.68662,35.71452],[139.68844,35.71915],[139.68387,35.72282]]}},{"type":"Feature","properties":{"lineId":"toei-oedo","sourceLineName":"12号線大江戸線","sourceOperator":"東京都","source":"MLIT N02 2025"},"geometry":{"type":"LineString","coordinates":[[139.64918,35.74074],[139.64923,35.74248]]}},{"type":"Feature","properties":{"lineId":"toei-oedo","sourceLineName":"12号線大江戸線","sourceOperator":"東京都","source":"MLIT N02 2025"},"geometry":{"type":"LineString","coordinates":[[139.76143,35.70758],[139.76573,35.70734],[139.76844,35.7083],[139.77226,35.70804]]}},{"type":"Feature","properties":{"lineId":"toei-oedo","sourceLineName":"12号線大江戸線","sourceOperator":"東京都","source":"MLIT N02 2025"},"geometry":{"type":"LineString","coordinates":[[139.68296,35.70672],[139.68354,35.70802]]}},{"type":"Feature","properties":{"lineId":"toei-oedo","sourceLineName":"12号線大江戸線","sourceOperator":"東京都","source":"MLIT N02 2025"},"geometry":{"type":"LineString","coordinates":[[139.68315,35.72395],[139.68123,35.72734],[139.67133,35.73221]]}},{"type":"Feature","properties":{"lineId":"toei-oedo","sourceLineName":"12号線大江戸線","sourceOperator":"東京都","source":"MLIT N02 2025"},"geometry":{"type":"LineString","coordinates":[[139.74646,35.70335],[139.74888,35.70737],[139.75136,35.7085]]}},{"type":"Feature","properties":{"lineId":"toei-oedo","sourceLineName":"12号線大江戸線","sourceOperator":"東京都","source":"MLIT N02 2025"},"geometry":{"type":"LineString","coordinates":[[139.68354,35.70802],[139.686,35.71321]]}},{"type":"Feature","properties":{"lineId":"toei-oedo","sourceLineName":"12号線大江戸線","sourceOperator":"東京都","source":"MLIT N02 2025"},"geometry":{"type":"LineString","coordinates":[[139.74503,35.70285],[139.74392,35.70266]]}},{"type":"Feature","properties":{"lineId":"toei-oedo","sourceLineName":"12号線大江戸線","sourceOperator":"東京都","source":"MLIT N02 2025"},"geometry":{"type":"LineString","coordinates":[[139.74392,35.70266],[139.74114,35.70344],[139.73958,35.70328]]}},{"type":"Feature","properties":{"lineId":"toei-oedo","sourceLineName":"12号線大江戸線","sourceOperator":"東京都","source":"MLIT N02 2025"},"geometry":{"type":"LineString","coordinates":[[139.6698,35.73277],[139.6634,35.73469],[139.65988,35.73676],[139.65551,35.73748]]}},{"type":"Feature","properties":{"lineId":"toei-oedo","sourceLineName":"12号線大江戸線","sourceOperator":"東京都","source":"MLIT N02 2025"},"geometry":{"type":"LineString","coordinates":[[139.65363,35.73715],[139.65119,35.7371],[139.6499,35.7378],[139.64927,35.73868],[139.64918,35.74074]]}},{"type":"Feature","properties":{"lineId":"toei-oedo","sourceLineName":"12号線大江戸線","sourceOperator":"東京都","source":"MLIT N02 2025"},"geometry":{"type":"LineString","coordinates":[[139.75298,35.70849],[139.7561,35.70742]]}},{"type":"Feature","properties":{"lineId":"toei-oedo","sourceLineName":"12号線大江戸線","sourceOperator":"東京都","source":"MLIT N02 2025"},"geometry":{"type":"LineString","coordinates":[[139.7561,35.70742],[139.75831,35.70747]]}},{"type":"Feature","properties":{"lineId":"toei-oedo","sourceLineName":"12号線大江戸線","sourceOperator":"東京都","source":"MLIT N02 2025"},"geometry":{"type":"LineString","coordinates":[[139.75831,35.70747],[139.7598,35.70754]]}},{"type":"Feature","properties":{"lineId":"toei-oedo","sourceLineName":"12号線大江戸線","sourceOperator":"東京都","source":"MLIT N02 2025"},"geometry":{"type":"LineString","coordinates":[[139.686,35.71321],[139.68662,35.71452]]}},{"type":"Feature","properties":{"lineId":"toei-oedo","sourceLineName":"12号線大江戸線","sourceOperator":"東京都","source":"MLIT N02 2025"},"geometry":{"type":"LineString","coordinates":[[139.74646,35.70335],[139.74503,35.70285]]}},{"type":"Feature","properties":{"lineId":"toei-oedo","sourceLineName":"12号線大江戸線","sourceOperator":"東京都","source":"MLIT N02 2025"},"geometry":{"type":"LineString","coordinates":[[139.73076,35.66448],[139.73179,35.66365]]}},{"type":"Feature","properties":{"lineId":"toei-oedo","sourceLineName":"12号線大江戸線","sourceOperator":"東京都","source":"MLIT N02 2025"},"geometry":{"type":"LineString","coordinates":[[139.73531,35.70062],[139.73042,35.69915],[139.72599,35.6994]]}},{"type":"Feature","properties":{"lineId":"toei-oedo","sourceLineName":"12号線大江戸線","sourceOperator":"東京都","source":"MLIT N02 2025"},"geometry":{"type":"LineString","coordinates":[[139.71894,35.6994],[139.71743,35.69893]]}},{"type":"Feature","properties":{"lineId":"toei-oedo","sourceLineName":"12号線大江戸線","sourceOperator":"東京都","source":"MLIT N02 2025"},"geometry":{"type":"LineString","coordinates":[[139.73958,35.70328],[139.73677,35.70121]]}},{"type":"Feature","properties":{"lineId":"toei-oedo","sourceLineName":"12号線大江戸線","sourceOperator":"東京都","source":"MLIT N02 2025"},"geometry":{"type":"LineString","coordinates":[[139.76245,35.66625],[139.76009,35.66358]]}},{"type":"Feature","properties":{"lineId":"toei-oedo","sourceLineName":"12号線大江戸線","sourceOperator":"東京都","source":"MLIT N02 2025"},"geometry":{"type":"LineString","coordinates":[[139.76009,35.66358],[139.75803,35.65713],[139.75643,35.65662]]}},{"type":"Feature","properties":{"lineId":"toei-oedo","sourceLineName":"12号線大江戸線","sourceOperator":"東京都","source":"MLIT N02 2025"},"geometry":{"type":"LineString","coordinates":[[139.72434,35.67216],[139.72362,35.67368]]}},{"type":"Feature","properties":{"lineId":"toei-oedo","sourceLineName":"12号線大江戸線","sourceOperator":"東京都","source":"MLIT N02 2025"},"geometry":{"type":"LineString","coordinates":[[139.72439,35.69952],[139.72102,35.70003],[139.71894,35.6994]]}},{"type":"Feature","properties":{"lineId":"toei-oedo","sourceLineName":"12号線大江戸線","sourceOperator":"東京都","source":"MLIT N02 2025"},"geometry":{"type":"LineString","coordinates":[[139.72434,35.67216],[139.7264,35.67121],[139.72754,35.66695],[139.73076,35.66448]]}},{"type":"Feature","properties":{"lineId":"toei-oedo","sourceLineName":"12号線大江戸線","sourceOperator":"東京都","source":"MLIT N02 2025"},"geometry":{"type":"LineString","coordinates":[[139.73677,35.70121],[139.73531,35.70062]]}},{"type":"Feature","properties":{"lineId":"toei-oedo","sourceLineName":"12号線大江戸線","sourceOperator":"東京都","source":"MLIT N02 2025"},"geometry":{"type":"LineString","coordinates":[[139.72362,35.67368],[139.71973,35.67907],[139.71583,35.67963]]}},{"type":"Feature","properties":{"lineId":"toei-oedo","sourceLineName":"12号線大江戸線","sourceOperator":"東京都","source":"MLIT N02 2025"},"geometry":{"type":"LineString","coordinates":[[139.71583,35.67963],[139.71392,35.68008]]}},{"type":"Feature","properties":{"lineId":"toei-oedo","sourceLineName":"12号線大江戸線","sourceOperator":"東京都","source":"MLIT N02 2025"},"geometry":{"type":"LineString","coordinates":[[139.72599,35.6994],[139.72439,35.69952]]}},{"type":"Feature","properties":{"lineId":"toei-oedo","sourceLineName":"12号線大江戸線","sourceOperator":"東京都","source":"MLIT N02 2025"},"geometry":{"type":"LineString","coordinates":[[139.76287,35.66652],[139.76245,35.66625]]}},{"type":"Feature","properties":{"lineId":"toei-oedo","sourceLineName":"12号線大江戸線","sourceOperator":"東京都","source":"MLIT N02 2025"},"geometry":{"type":"LineString","coordinates":[[139.76342,35.66673],[139.76287,35.66652]]}},{"type":"Feature","properties":{"lineId":"toei-oedo","sourceLineName":"12号線大江戸線","sourceOperator":"東京都","source":"MLIT N02 2025"},"geometry":{"type":"LineString","coordinates":[[139.68293,35.69717],[139.68299,35.69858]]}},{"type":"Feature","properties":{"lineId":"toei-oedo","sourceLineName":"12号線大江戸線","sourceOperator":"東京都","source":"MLIT N02 2025"},"geometry":{"type":"LineString","coordinates":[[139.69952,35.68716],[139.69918,35.68809]]}},{"type":"Feature","properties":{"lineId":"toei-oedo","sourceLineName":"12号線大江戸線","sourceOperator":"東京都","source":"MLIT N02 2025"},"geometry":{"type":"LineString","coordinates":[[139.71392,35.68008],[139.70936,35.68118],[139.70361,35.68042],[139.70238,35.68118],[139.70174,35.683]]}},{"type":"Feature","properties":{"lineId":"toei-oedo","sourceLineName":"12号線大江戸線","sourceOperator":"東京都","source":"MLIT N02 2025"},"geometry":{"type":"LineString","coordinates":[[139.68299,35.69858],[139.68244,35.70246],[139.68296,35.70672]]}},{"type":"Feature","properties":{"lineId":"toei-oedo","sourceLineName":"12号線大江戸線","sourceOperator":"東京都","source":"MLIT N02 2025"},"geometry":{"type":"LineString","coordinates":[[139.68535,35.6902],[139.68398,35.6896]]}},{"type":"Feature","properties":{"lineId":"toei-oedo","sourceLineName":"12号線大江戸線","sourceOperator":"東京都","source":"MLIT N02 2025"},"geometry":{"type":"LineString","coordinates":[[139.71743,35.69893],[139.71442,35.69777],[139.70852,35.69779]]}},{"type":"Feature","properties":{"lineId":"toei-oedo","sourceLineName":"12号線大江戸線","sourceOperator":"東京都","source":"MLIT N02 2025"},"geometry":{"type":"LineString","coordinates":[[139.69345,35.69073],[139.6918,35.69045]]}},{"type":"Feature","properties":{"lineId":"toei-oedo","sourceLineName":"12号線大江戸線","sourceOperator":"東京都","source":"MLIT N02 2025"},"geometry":{"type":"LineString","coordinates":[[139.69901,35.69382],[139.69931,35.6925]]}},{"type":"Feature","properties":{"lineId":"toei-oedo","sourceLineName":"12号線大江戸線","sourceOperator":"東京都","source":"MLIT N02 2025"},"geometry":{"type":"LineString","coordinates":[[139.70131,35.68456],[139.69952,35.68716]]}},{"type":"Feature","properties":{"lineId":"toei-oedo","sourceLineName":"12号線大江戸線","sourceOperator":"東京都","source":"MLIT N02 2025"},"geometry":{"type":"LineString","coordinates":[[139.6918,35.69045],[139.68535,35.6902]]}},{"type":"Feature","properties":{"lineId":"toei-oedo","sourceLineName":"12号線大江戸線","sourceOperator":"東京都","source":"MLIT N02 2025"},"geometry":{"type":"LineString","coordinates":[[139.70686,35.698],[139.69824,35.69787],[139.69805,35.69699],[139.69901,35.69382]]}},{"type":"Feature","properties":{"lineId":"toei-oedo","sourceLineName":"12号線大江戸線","sourceOperator":"東京都","source":"MLIT N02 2025"},"geometry":{"type":"LineString","coordinates":[[139.69918,35.68809],[139.69843,35.69067],[139.69428,35.69085]]}},{"type":"Feature","properties":{"lineId":"toei-oedo","sourceLineName":"12号線大江戸線","sourceOperator":"東京都","source":"MLIT N02 2025"},"geometry":{"type":"LineString","coordinates":[[139.68398,35.6896],[139.68271,35.68942],[139.6818,35.69041],[139.68293,35.69717]]}},{"type":"Feature","properties":{"lineId":"toei-oedo","sourceLineName":"12号線大江戸線","sourceOperator":"東京都","source":"MLIT N02 2025"},"geometry":{"type":"LineString","coordinates":[[139.69345,35.69073],[139.69428,35.69085]]}},{"type":"Feature","properties":{"lineId":"toei-oedo","sourceLineName":"12号線大江戸線","sourceOperator":"東京都","source":"MLIT N02 2025"},"geometry":{"type":"LineString","coordinates":[[139.69932,35.69234],[139.69817,35.69129],[139.69428,35.69085]]}},{"type":"Feature","properties":{"lineId":"toei-oedo","sourceLineName":"12号線大江戸線","sourceOperator":"東京都","source":"MLIT N02 2025"},"geometry":{"type":"LineString","coordinates":[[139.69931,35.6925],[139.69932,35.69234]]}},{"type":"Feature","properties":{"lineId":"toei-oedo","sourceLineName":"12号線大江戸線","sourceOperator":"東京都","source":"MLIT N02 2025"},"geometry":{"type":"LineString","coordinates":[[139.70852,35.69779],[139.70686,35.698]]}},{"type":"Feature","properties":{"lineId":"toei-oedo","sourceLineName":"12号線大江戸線","sourceOperator":"東京都","source":"MLIT N02 2025"},"geometry":{"type":"LineString","coordinates":[[139.70174,35.683],[139.70131,35.68456]]}},{"type":"Feature","properties":{"lineId":"toei-oedo","sourceLineName":"12号線大江戸線","sourceOperator":"東京都","source":"MLIT N02 2025"},"geometry":{"type":"LineString","coordinates":[[139.73682,35.65633],[139.74342,35.65505]]}},{"type":"Feature","properties":{"lineId":"toei-oedo","sourceLineName":"12号線大江戸線","sourceOperator":"東京都","source":"MLIT N02 2025"},"geometry":{"type":"LineString","coordinates":[[139.75498,35.65674],[139.75643,35.65662]]}},{"type":"Feature","properties":{"lineId":"toei-oedo","sourceLineName":"12号線大江戸線","sourceOperator":"東京都","source":"MLIT N02 2025"},"geometry":{"type":"LineString","coordinates":[[139.75021,35.6566],[139.75174,35.65706],[139.75498,35.65674]]}},{"type":"Feature","properties":{"lineId":"toei-oedo","sourceLineName":"12号線大江戸線","sourceOperator":"東京都","source":"MLIT N02 2025"},"geometry":{"type":"LineString","coordinates":[[139.7499,35.65468],[139.75021,35.6566]]}},{"type":"Feature","properties":{"lineId":"toei-oedo","sourceLineName":"12号線大江戸線","sourceOperator":"東京都","source":"MLIT N02 2025"},"geometry":{"type":"LineString","coordinates":[[139.74497,35.65489],[139.74858,35.65384],[139.7499,35.65468]]}},{"type":"Feature","properties":{"lineId":"toei-oedo","sourceLineName":"12号線大江戸線","sourceOperator":"東京都","source":"MLIT N02 2025"},"geometry":{"type":"LineString","coordinates":[[139.73179,35.66365],[139.73284,35.66203],[139.73268,35.65795],[139.73352,35.65714],[139.73539,35.65665]]}},{"type":"Feature","properties":{"lineId":"toei-oedo","sourceLineName":"12号線大江戸線","sourceOperator":"東京都","source":"MLIT N02 2025"},"geometry":{"type":"LineString","coordinates":[[139.73539,35.65665],[139.73682,35.65633]]}},{"type":"Feature","properties":{"lineId":"toei-oedo","sourceLineName":"12号線大江戸線","sourceOperator":"東京都","source":"MLIT N02 2025"},"geometry":{"type":"LineString","coordinates":[[139.74342,35.65505],[139.74497,35.65489]]}},{"type":"Feature","properties":{"lineId":"toden-arakawa","sourceLineName":"荒川線","sourceOperator":"東京都","source":"MLIT N02 2025"},"geometry":{"type":"LineString","coordinates":[[139.77365,35.74576],[139.76955,35.74914]]}},{"type":"Feature","properties":{"lineId":"toden-arakawa","sourceLineName":"荒川線","sourceOperator":"東京都","source":"MLIT N02 2025"},"geometry":{"type":"LineString","coordinates":[[139.7762,35.74408],[139.77405,35.74549]]}},{"type":"Feature","properties":{"lineId":"toden-arakawa","sourceLineName":"荒川線","sourceOperator":"東京都","source":"MLIT N02 2025"},"geometry":{"type":"LineString","coordinates":[[139.78392,35.74205],[139.78417,35.74195]]}},{"type":"Feature","properties":{"lineId":"toden-arakawa","sourceLineName":"荒川線","sourceOperator":"東京都","source":"MLIT N02 2025"},"geometry":{"type":"LineString","coordinates":[[139.78392,35.74205],[139.78088,35.74275]]}},{"type":"Feature","properties":{"lineId":"toden-arakawa","sourceLineName":"荒川線","sourceOperator":"東京都","source":"MLIT N02 2025"},"geometry":{"type":"LineString","coordinates":[[139.76955,35.74914],[139.76901,35.74922]]}},{"type":"Feature","properties":{"lineId":"toden-arakawa","sourceLineName":"荒川線","sourceOperator":"東京都","source":"MLIT N02 2025"},"geometry":{"type":"LineString","coordinates":[[139.79127,35.73235],[139.78893,35.73362]]}},{"type":"Feature","properties":{"lineId":"toden-arakawa","sourceLineName":"荒川線","sourceOperator":"東京都","source":"MLIT N02 2025"},"geometry":{"type":"LineString","coordinates":[[139.78585,35.73554],[139.78479,35.73679],[139.78469,35.73837]]}},{"type":"Feature","properties":{"lineId":"toden-arakawa","sourceLineName":"荒川線","sourceOperator":"東京都","source":"MLIT N02 2025"},"geometry":{"type":"LineString","coordinates":[[139.79174,35.73209],[139.79127,35.73235]]}},{"type":"Feature","properties":{"lineId":"toden-arakawa","sourceLineName":"荒川線","sourceOperator":"東京都","source":"MLIT N02 2025"},"geometry":{"type":"LineString","coordinates":[[139.78469,35.73837],[139.78469,35.73883]]}},{"type":"Feature","properties":{"lineId":"toden-arakawa","sourceLineName":"荒川線","sourceOperator":"東京都","source":"MLIT N02 2025"},"geometry":{"type":"LineString","coordinates":[[139.77665,35.74375],[139.7762,35.74408]]}},{"type":"Feature","properties":{"lineId":"toden-arakawa","sourceLineName":"荒川線","sourceOperator":"東京都","source":"MLIT N02 2025"},"geometry":{"type":"LineString","coordinates":[[139.78469,35.73883],[139.78464,35.74139],[139.78417,35.74195]]}},{"type":"Feature","properties":{"lineId":"toden-arakawa","sourceLineName":"荒川線","sourceOperator":"東京都","source":"MLIT N02 2025"},"geometry":{"type":"LineString","coordinates":[[139.76564,35.74991],[139.76589,35.74986]]}},{"type":"Feature","properties":{"lineId":"toden-arakawa","sourceLineName":"荒川線","sourceOperator":"東京都","source":"MLIT N02 2025"},"geometry":{"type":"LineString","coordinates":[[139.78617,35.73519],[139.78585,35.73554]]}},{"type":"Feature","properties":{"lineId":"toden-arakawa","sourceLineName":"荒川線","sourceOperator":"東京都","source":"MLIT N02 2025"},"geometry":{"type":"LineString","coordinates":[[139.78868,35.73376],[139.78617,35.73519]]}},{"type":"Feature","properties":{"lineId":"toden-arakawa","sourceLineName":"荒川線","sourceOperator":"東京都","source":"MLIT N02 2025"},"geometry":{"type":"LineString","coordinates":[[139.77405,35.74549],[139.77365,35.74576]]}},{"type":"Feature","properties":{"lineId":"toden-arakawa","sourceLineName":"荒川線","sourceOperator":"東京都","source":"MLIT N02 2025"},"geometry":{"type":"LineString","coordinates":[[139.78067,35.7428],[139.77665,35.74375]]}},{"type":"Feature","properties":{"lineId":"toden-arakawa","sourceLineName":"荒川線","sourceOperator":"東京都","source":"MLIT N02 2025"},"geometry":{"type":"LineString","coordinates":[[139.78067,35.7428],[139.78088,35.74275]]}},{"type":"Feature","properties":{"lineId":"toden-arakawa","sourceLineName":"荒川線","sourceOperator":"東京都","source":"MLIT N02 2025"},"geometry":{"type":"LineString","coordinates":[[139.76901,35.74922],[139.76589,35.74986]]}},{"type":"Feature","properties":{"lineId":"toden-arakawa","sourceLineName":"荒川線","sourceOperator":"東京都","source":"MLIT N02 2025"},"geometry":{"type":"LineString","coordinates":[[139.78868,35.73376],[139.78893,35.73362]]}},{"type":"Feature","properties":{"lineId":"toden-arakawa","sourceLineName":"荒川線","sourceOperator":"東京都","source":"MLIT N02 2025"},"geometry":{"type":"LineString","coordinates":[[139.75256,35.75087],[139.75305,35.75085]]}},{"type":"Feature","properties":{"lineId":"toden-arakawa","sourceLineName":"荒川線","sourceOperator":"東京都","source":"MLIT N02 2025"},"geometry":{"type":"LineString","coordinates":[[139.73846,35.75256],[139.73798,35.75289]]}},{"type":"Feature","properties":{"lineId":"toden-arakawa","sourceLineName":"荒川線","sourceOperator":"東京都","source":"MLIT N02 2025"},"geometry":{"type":"LineString","coordinates":[[139.7355,35.74742],[139.73721,35.74989]]}},{"type":"Feature","properties":{"lineId":"toden-arakawa","sourceLineName":"荒川線","sourceOperator":"東京都","source":"MLIT N02 2025"},"geometry":{"type":"LineString","coordinates":[[139.76564,35.74991],[139.762,35.75048]]}},{"type":"Feature","properties":{"lineId":"toden-arakawa","sourceLineName":"荒川線","sourceOperator":"東京都","source":"MLIT N02 2025"},"geometry":{"type":"LineString","coordinates":[[139.74758,35.75107],[139.74702,35.75107]]}},{"type":"Feature","properties":{"lineId":"toden-arakawa","sourceLineName":"荒川線","sourceOperator":"東京都","source":"MLIT N02 2025"},"geometry":{"type":"LineString","coordinates":[[139.7355,35.74742],[139.73533,35.74718]]}},{"type":"Feature","properties":{"lineId":"toden-arakawa","sourceLineName":"荒川線","sourceOperator":"東京都","source":"MLIT N02 2025"},"geometry":{"type":"LineString","coordinates":[[139.73743,35.75024],[139.73639,35.75228],[139.73798,35.75289]]}},{"type":"Feature","properties":{"lineId":"toden-arakawa","sourceLineName":"荒川線","sourceOperator":"東京都","source":"MLIT N02 2025"},"geometry":{"type":"LineString","coordinates":[[139.74251,35.75086],[139.74702,35.75107]]}},{"type":"Feature","properties":{"lineId":"toden-arakawa","sourceLineName":"荒川線","sourceOperator":"東京都","source":"MLIT N02 2025"},"geometry":{"type":"LineString","coordinates":[[139.75775,35.75064],[139.7572,35.75066]]}},{"type":"Feature","properties":{"lineId":"toden-arakawa","sourceLineName":"荒川線","sourceOperator":"東京都","source":"MLIT N02 2025"},"geometry":{"type":"LineString","coordinates":[[139.73254,35.74404],[139.73283,35.74443]]}},{"type":"Feature","properties":{"lineId":"toden-arakawa","sourceLineName":"荒川線","sourceOperator":"東京都","source":"MLIT N02 2025"},"geometry":{"type":"LineString","coordinates":[[139.75256,35.75087],[139.74758,35.75107]]}},{"type":"Feature","properties":{"lineId":"toden-arakawa","sourceLineName":"荒川線","sourceOperator":"東京都","source":"MLIT N02 2025"},"geometry":{"type":"LineString","coordinates":[[139.7572,35.75066],[139.75305,35.75085]]}},{"type":"Feature","properties":{"lineId":"toden-arakawa","sourceLineName":"荒川線","sourceOperator":"東京都","source":"MLIT N02 2025"},"geometry":{"type":"LineString","coordinates":[[139.73846,35.75256],[139.74062,35.75077],[139.74193,35.75082]]}},{"type":"Feature","properties":{"lineId":"toden-arakawa","sourceLineName":"荒川線","sourceOperator":"東京都","source":"MLIT N02 2025"},"geometry":{"type":"LineString","coordinates":[[139.73721,35.74989],[139.73743,35.75024]]}},{"type":"Feature","properties":{"lineId":"toden-arakawa","sourceLineName":"荒川線","sourceOperator":"東京都","source":"MLIT N02 2025"},"geometry":{"type":"LineString","coordinates":[[139.73046,35.74129],[139.73254,35.74404]]}},{"type":"Feature","properties":{"lineId":"toden-arakawa","sourceLineName":"荒川線","sourceOperator":"東京都","source":"MLIT N02 2025"},"geometry":{"type":"LineString","coordinates":[[139.762,35.75048],[139.76147,35.7505]]}},{"type":"Feature","properties":{"lineId":"toden-arakawa","sourceLineName":"荒川線","sourceOperator":"東京都","source":"MLIT N02 2025"},"geometry":{"type":"LineString","coordinates":[[139.76147,35.7505],[139.75775,35.75064]]}},{"type":"Feature","properties":{"lineId":"toden-arakawa","sourceLineName":"荒川線","sourceOperator":"東京都","source":"MLIT N02 2025"},"geometry":{"type":"LineString","coordinates":[[139.73283,35.74443],[139.73533,35.74718]]}},{"type":"Feature","properties":{"lineId":"toden-arakawa","sourceLineName":"荒川線","sourceOperator":"東京都","source":"MLIT N02 2025"},"geometry":{"type":"LineString","coordinates":[[139.74193,35.75082],[139.74251,35.75086]]}},{"type":"Feature","properties":{"lineId":"toden-arakawa","sourceLineName":"荒川線","sourceOperator":"東京都","source":"MLIT N02 2025"},"geometry":{"type":"LineString","coordinates":[[139.71929,35.71181],[139.71882,35.71194]]}},{"type":"Feature","properties":{"lineId":"toden-arakawa","sourceLineName":"荒川線","sourceOperator":"東京都","source":"MLIT N02 2025"},"geometry":{"type":"LineString","coordinates":[[139.72964,35.73933],[139.73024,35.74092]]}},{"type":"Feature","properties":{"lineId":"toden-arakawa","sourceLineName":"荒川線","sourceOperator":"東京都","source":"MLIT N02 2025"},"geometry":{"type":"LineString","coordinates":[[139.72947,35.73892],[139.72964,35.73933]]}},{"type":"Feature","properties":{"lineId":"toden-arakawa","sourceLineName":"荒川線","sourceOperator":"東京都","source":"MLIT N02 2025"},"geometry":{"type":"LineString","coordinates":[[139.71443,35.7129],[139.71193,35.7142],[139.71221,35.71554]]}},{"type":"Feature","properties":{"lineId":"toden-arakawa","sourceLineName":"荒川線","sourceOperator":"東京都","source":"MLIT N02 2025"},"geometry":{"type":"LineString","coordinates":[[139.71882,35.71194],[139.71492,35.71281]]}},{"type":"Feature","properties":{"lineId":"toden-arakawa","sourceLineName":"荒川線","sourceOperator":"東京都","source":"MLIT N02 2025"},"geometry":{"type":"LineString","coordinates":[[139.71492,35.71281],[139.71443,35.7129]]}},{"type":"Feature","properties":{"lineId":"toden-arakawa","sourceLineName":"荒川線","sourceOperator":"東京都","source":"MLIT N02 2025"},"geometry":{"type":"LineString","coordinates":[[139.71221,35.71554],[139.71241,35.71596]]}},{"type":"Feature","properties":{"lineId":"toden-arakawa","sourceLineName":"荒川線","sourceOperator":"東京都","source":"MLIT N02 2025"},"geometry":{"type":"LineString","coordinates":[[139.71241,35.71596],[139.71502,35.7204]]}},{"type":"Feature","properties":{"lineId":"toden-arakawa","sourceLineName":"荒川線","sourceOperator":"東京都","source":"MLIT N02 2025"},"geometry":{"type":"LineString","coordinates":[[139.72498,35.72893],[139.7294,35.73145]]}},{"type":"Feature","properties":{"lineId":"toden-arakawa","sourceLineName":"荒川線","sourceOperator":"東京都","source":"MLIT N02 2025"},"geometry":{"type":"LineString","coordinates":[[139.7181,35.72433],[139.7205,35.7254]]}},{"type":"Feature","properties":{"lineId":"toden-arakawa","sourceLineName":"荒川線","sourceOperator":"東京都","source":"MLIT N02 2025"},"geometry":{"type":"LineString","coordinates":[[139.73024,35.74092],[139.73046,35.74129]]}},{"type":"Feature","properties":{"lineId":"toden-arakawa","sourceLineName":"荒川線","sourceOperator":"東京都","source":"MLIT N02 2025"},"geometry":{"type":"LineString","coordinates":[[139.7205,35.7254],[139.72097,35.7256]]}},{"type":"Feature","properties":{"lineId":"toden-arakawa","sourceLineName":"荒川線","sourceOperator":"東京都","source":"MLIT N02 2025"},"geometry":{"type":"LineString","coordinates":[[139.72463,35.7286],[139.72498,35.72893]]}},{"type":"Feature","properties":{"lineId":"toden-arakawa","sourceLineName":"荒川線","sourceOperator":"東京都","source":"MLIT N02 2025"},"geometry":{"type":"LineString","coordinates":[[139.71529,35.72076],[139.71756,35.72382]]}},{"type":"Feature","properties":{"lineId":"toden-arakawa","sourceLineName":"荒川線","sourceOperator":"東京都","source":"MLIT N02 2025"},"geometry":{"type":"LineString","coordinates":[[139.72097,35.7256],[139.7229,35.72662],[139.72463,35.7286]]}},{"type":"Feature","properties":{"lineId":"toden-arakawa","sourceLineName":"荒川線","sourceOperator":"東京都","source":"MLIT N02 2025"},"geometry":{"type":"LineString","coordinates":[[139.7294,35.73145],[139.72951,35.73179]]}},{"type":"Feature","properties":{"lineId":"toden-arakawa","sourceLineName":"荒川線","sourceOperator":"東京都","source":"MLIT N02 2025"},"geometry":{"type":"LineString","coordinates":[[139.72804,35.73496],[139.72778,35.73536]]}},{"type":"Feature","properties":{"lineId":"toden-arakawa","sourceLineName":"荒川線","sourceOperator":"東京都","source":"MLIT N02 2025"},"geometry":{"type":"LineString","coordinates":[[139.7181,35.72433],[139.71756,35.72382]]}},{"type":"Feature","properties":{"lineId":"toden-arakawa","sourceLineName":"荒川線","sourceOperator":"東京都","source":"MLIT N02 2025"},"geometry":{"type":"LineString","coordinates":[[139.71502,35.7204],[139.71529,35.72076]]}},{"type":"Feature","properties":{"lineId":"toden-arakawa","sourceLineName":"荒川線","sourceOperator":"東京都","source":"MLIT N02 2025"},"geometry":{"type":"LineString","coordinates":[[139.72778,35.73536],[139.72745,35.73648],[139.72947,35.73892]]}},{"type":"Feature","properties":{"lineId":"toden-arakawa","sourceLineName":"荒川線","sourceOperator":"東京都","source":"MLIT N02 2025"},"geometry":{"type":"LineString","coordinates":[[139.72951,35.73179],[139.72953,35.73267],[139.72804,35.73496]]}},{"type":"Feature","properties":{"lineId":"jr-keiyo","sourceLineName":"京葉線","sourceOperator":"東日本旅客鉄道","source":"MLIT N02 2025"},"geometry":{"type":"LineString","coordinates":[[139.95915,35.70669],[139.95989,35.70775]]}},{"type":"Feature","properties":{"lineId":"jr-keiyo","sourceLineName":"京葉線","sourceOperator":"東日本旅客鉄道","source":"MLIT N02 2025"},"geometry":{"type":"LineString","coordinates":[[140.01392,35.66685],[140.01203,35.66795]]}},{"type":"Feature","properties":{"lineId":"jr-keiyo","sourceLineName":"京葉線","sourceOperator":"東日本旅客鉄道","source":"MLIT N02 2025"},"geometry":{"type":"LineString","coordinates":[[139.95915,35.70669],[139.9567,35.70286],[139.95589,35.70025],[139.9556,35.69726],[139.95631,35.69447]]}},{"type":"Feature","properties":{"lineId":"jr-keiyo","sourceLineName":"京葉線","sourceOperator":"東日本旅客鉄道","source":"MLIT N02 2025"},"geometry":{"type":"LineString","coordinates":[[139.99643,35.68131],[139.99497,35.68202]]}},{"type":"Feature","properties":{"lineId":"jr-keiyo","sourceLineName":"京葉線","sourceOperator":"東日本旅客鉄道","source":"MLIT N02 2025"},"geometry":{"type":"LineString","coordinates":[[140.05815,35.63785],[140.04291,35.64785]]}},{"type":"Feature","properties":{"lineId":"jr-keiyo","sourceLineName":"京葉線","sourceOperator":"東日本旅客鉄道","source":"MLIT N02 2025"},"geometry":{"type":"LineString","coordinates":[[140.04291,35.64785],[140.04108,35.64895]]}},{"type":"Feature","properties":{"lineId":"jr-keiyo","sourceLineName":"京葉線","sourceOperator":"東日本旅客鉄道","source":"MLIT N02 2025"},"geometry":{"type":"LineString","coordinates":[[140.02617032,35.65877323],[140.01392,35.66685]]}},{"type":"Feature","properties":{"lineId":"jr-keiyo","sourceLineName":"京葉線","sourceOperator":"東日本旅客鉄道","source":"MLIT N02 2025"},"geometry":{"type":"LineString","coordinates":[[140.01203,35.66795],[140.00461,35.67248],[140.00071,35.67888],[139.99643,35.68131]]}},{"type":"Feature","properties":{"lineId":"jr-keiyo","sourceLineName":"京葉線","sourceOperator":"東日本旅客鉄道","source":"MLIT N02 2025"},"geometry":{"type":"LineString","coordinates":[[139.95631,35.69447],[139.95833,35.69237],[139.9611,35.69164]]}},{"type":"Feature","properties":{"lineId":"jr-keiyo","sourceLineName":"京葉線","sourceOperator":"東日本旅客鉄道","source":"MLIT N02 2025"},"geometry":{"type":"LineString","coordinates":[[139.9604,35.6915],[139.95871,35.69114]]}},{"type":"Feature","properties":{"lineId":"jr-keiyo","sourceLineName":"京葉線","sourceOperator":"東日本旅客鉄道","source":"MLIT N02 2025"},"geometry":{"type":"LineString","coordinates":[[139.9604,35.6915],[139.9611,35.69164]]}},{"type":"Feature","properties":{"lineId":"jr-keiyo","sourceLineName":"京葉線","sourceOperator":"東日本旅客鉄道","source":"MLIT N02 2025"},"geometry":{"type":"LineString","coordinates":[[139.99497,35.68202],[139.98923,35.6847],[139.9611,35.69164]]}},{"type":"Feature","properties":{"lineId":"jr-keiyo","sourceLineName":"京葉線","sourceOperator":"東日本旅客鉄道","source":"MLIT N02 2025"},"geometry":{"type":"LineString","coordinates":[[139.86054,35.64452],[139.85641,35.64574],[139.8388,35.64691],[139.82785,35.64609]]}},{"type":"Feature","properties":{"lineId":"jr-keiyo","sourceLineName":"京葉線","sourceOperator":"東日本旅客鉄道","source":"MLIT N02 2025"},"geometry":{"type":"LineString","coordinates":[[139.79331,35.66732],[139.79799,35.6633],[139.80272,35.66139],[139.81345,35.66136],[139.81653,35.6595]]}},{"type":"Feature","properties":{"lineId":"jr-keiyo","sourceLineName":"京葉線","sourceOperator":"東日本旅客鉄道","source":"MLIT N02 2025"},"geometry":{"type":"LineString","coordinates":[[139.95871,35.69114],[139.95346,35.68953]]}},{"type":"Feature","properties":{"lineId":"jr-keiyo","sourceLineName":"京葉線","sourceOperator":"東日本旅客鉄道","source":"MLIT N02 2025"},"geometry":{"type":"LineString","coordinates":[[139.77885,35.67462],[139.78323,35.67378],[139.78885,35.67089],[139.79168,35.66868]]}},{"type":"Feature","properties":{"lineId":"jr-keiyo","sourceLineName":"京葉線","sourceOperator":"東日本旅客鉄道","source":"MLIT N02 2025"},"geometry":{"type":"LineString","coordinates":[[139.81653,35.6595],[139.81781,35.65823]]}},{"type":"Feature","properties":{"lineId":"jr-keiyo","sourceLineName":"京葉線","sourceOperator":"東日本旅客鉄道","source":"MLIT N02 2025"},"geometry":{"type":"LineString","coordinates":[[139.81781,35.65823],[139.81909,35.65618],[139.82004,35.64887],[139.82063,35.64758],[139.82237,35.64633],[139.82584,35.6459]]}},{"type":"Feature","properties":{"lineId":"jr-keiyo","sourceLineName":"京葉線","sourceOperator":"東日本旅客鉄道","source":"MLIT N02 2025"},"geometry":{"type":"LineString","coordinates":[[139.82584,35.6459],[139.82785,35.64609]]}},{"type":"Feature","properties":{"lineId":"jr-keiyo","sourceLineName":"京葉線","sourceOperator":"東日本旅客鉄道","source":"MLIT N02 2025"},"geometry":{"type":"LineString","coordinates":[[139.76633,35.67746],[139.7725,35.67509],[139.77713,35.67462]]}},{"type":"Feature","properties":{"lineId":"jr-keiyo","sourceLineName":"京葉線","sourceOperator":"東日本旅客鉄道","source":"MLIT N02 2025"},"geometry":{"type":"LineString","coordinates":[[139.77885,35.67462],[139.77713,35.67462]]}},{"type":"Feature","properties":{"lineId":"jr-keiyo","sourceLineName":"京葉線","sourceOperator":"東日本旅客鉄道","source":"MLIT N02 2025"},"geometry":{"type":"LineString","coordinates":[[139.86243,35.64382],[139.86054,35.64452]]}},{"type":"Feature","properties":{"lineId":"jr-keiyo","sourceLineName":"京葉線","sourceOperator":"東日本旅客鉄道","source":"MLIT N02 2025"},"geometry":{"type":"LineString","coordinates":[[139.91336,35.65021],[139.9117,35.64883]]}},{"type":"Feature","properties":{"lineId":"jr-keiyo","sourceLineName":"京葉線","sourceOperator":"東日本旅客鉄道","source":"MLIT N02 2025"},"geometry":{"type":"LineString","coordinates":[[139.95346,35.68953],[139.95546,35.69147],[139.95631,35.69447]]}},{"type":"Feature","properties":{"lineId":"jr-keiyo","sourceLineName":"京葉線","sourceOperator":"東日本旅客鉄道","source":"MLIT N02 2025"},"geometry":{"type":"LineString","coordinates":[[139.79331,35.66732],[139.79168,35.66868]]}},{"type":"Feature","properties":{"lineId":"jr-keiyo","sourceLineName":"京葉線","sourceOperator":"東日本旅客鉄道","source":"MLIT N02 2025"},"geometry":{"type":"LineString","coordinates":[[139.76414,35.67791],[139.76633,35.67746]]}},{"type":"Feature","properties":{"lineId":"jr-keiyo","sourceLineName":"京葉線","sourceOperator":"東日本旅客鉄道","source":"MLIT N02 2025"},"geometry":{"type":"LineString","coordinates":[[139.92413,35.66742],[139.92561,35.66991],[139.93828,35.68067],[139.94911,35.68658],[139.95346,35.68953]]}},{"type":"Feature","properties":{"lineId":"jr-keiyo","sourceLineName":"京葉線","sourceOperator":"東日本旅客鉄道","source":"MLIT N02 2025"},"geometry":{"type":"LineString","coordinates":[[139.92317,35.66554],[139.91699,35.65359],[139.91336,35.65021]]}},{"type":"Feature","properties":{"lineId":"jr-keiyo","sourceLineName":"京葉線","sourceOperator":"東日本旅客鉄道","source":"MLIT N02 2025"},"geometry":{"type":"LineString","coordinates":[[139.92413,35.66742],[139.92317,35.66554]]}},{"type":"Feature","properties":{"lineId":"jr-keiyo","sourceLineName":"京葉線","sourceOperator":"東日本旅客鉄道","source":"MLIT N02 2025"},"geometry":{"type":"LineString","coordinates":[[140.12489,35.58973],[140.12711,35.58822],[140.13012,35.58341]]}},{"type":"Feature","properties":{"lineId":"jr-keiyo","sourceLineName":"京葉線","sourceOperator":"東日本旅客鉄道","source":"MLIT N02 2025"},"geometry":{"type":"LineString","coordinates":[[140.13124,35.58113],[140.13023,35.58318]]}},{"type":"Feature","properties":{"lineId":"jr-keiyo","sourceLineName":"京葉線","sourceOperator":"東日本旅客鉄道","source":"MLIT N02 2025"},"geometry":{"type":"LineString","coordinates":[[140.13023,35.58318],[140.13012,35.58341]]}},{"type":"Feature","properties":{"lineId":"jr-keiyo","sourceLineName":"京葉線","sourceOperator":"東日本旅客鉄道","source":"MLIT N02 2025"},"geometry":{"type":"LineString","coordinates":[[140.07271,35.62961],[140.06821,35.63076],[140.06002,35.63649]]}},{"type":"Feature","properties":{"lineId":"jr-keiyo","sourceLineName":"京葉線","sourceOperator":"東日本旅客鉄道","source":"MLIT N02 2025"},"geometry":{"type":"LineString","coordinates":[[139.88473,35.63579],[139.88271,35.63653]]}},{"type":"Feature","properties":{"lineId":"jr-keiyo","sourceLineName":"京葉線","sourceOperator":"東日本旅客鉄道","source":"MLIT N02 2025"},"geometry":{"type":"LineString","coordinates":[[140.07499,35.62943],[140.07271,35.62961]]}},{"type":"Feature","properties":{"lineId":"jr-keiyo","sourceLineName":"京葉線","sourceOperator":"東日本旅客鉄道","source":"MLIT N02 2025"},"geometry":{"type":"LineString","coordinates":[[140.06002,35.63649],[140.05815,35.63785]]}},{"type":"Feature","properties":{"lineId":"jr-keiyo","sourceLineName":"京葉線","sourceOperator":"東日本旅客鉄道","source":"MLIT N02 2025"},"geometry":{"type":"LineString","coordinates":[[139.88271,35.63653],[139.86243,35.64382]]}},{"type":"Feature","properties":{"lineId":"jr-keiyo","sourceLineName":"京葉線","sourceOperator":"東日本旅客鉄道","source":"MLIT N02 2025"},"geometry":{"type":"LineString","coordinates":[[140.07499,35.62943],[140.07872,35.62875],[140.08274,35.62631],[140.09738,35.61201]]}},{"type":"Feature","properties":{"lineId":"jr-keiyo","sourceLineName":"京葉線","sourceOperator":"東日本旅客鉄道","source":"MLIT N02 2025"},"geometry":{"type":"LineString","coordinates":[[139.9117,35.64883],[139.89548,35.63562],[139.89026,35.63443],[139.88473,35.63579]]}},{"type":"Feature","properties":{"lineId":"jr-keiyo","sourceLineName":"京葉線","sourceOperator":"東日本旅客鉄道","source":"MLIT N02 2025"},"geometry":{"type":"LineString","coordinates":[[140.10213,35.60736],[140.09738,35.61201]]}},{"type":"Feature","properties":{"lineId":"jr-keiyo","sourceLineName":"京葉線","sourceOperator":"東日本旅客鉄道","source":"MLIT N02 2025"},"geometry":{"type":"LineString","coordinates":[[140.10346,35.60606],[140.10213,35.60736]]}},{"type":"Feature","properties":{"lineId":"jr-keiyo","sourceLineName":"京葉線","sourceOperator":"東日本旅客鉄道","source":"MLIT N02 2025"},"geometry":{"type":"LineString","coordinates":[[140.10346,35.60606],[140.1087,35.60096],[140.11514,35.59912],[140.11679,35.59804],[140.12174,35.59117],[140.12489,35.58973]]}},{"type":"Feature","properties":{"lineId":"jr-keiyo","sourceLineName":"京葉線","sourceOperator":"東日本旅客鉄道","source":"MLIT N02 2025"},"geometry":{"type":"LineString","coordinates":[[140.08672,35.62164],[140.09401,35.61456],[140.09738,35.61201]]}},{"type":"Feature","properties":{"lineId":"jr-keiyo","sourceLineName":"京葉線","sourceOperator":"東日本旅客鉄道","source":"MLIT N02 2025"},"geometry":{"type":"LineString","coordinates":[[140.12489,35.58973],[140.12794,35.5876]]}},{"type":"Feature","properties":{"lineId":"jr-keiyo","sourceLineName":"京葉線","sourceOperator":"東日本旅客鉄道","source":"MLIT N02 2025"},"geometry":{"type":"LineString","coordinates":[[140.12794,35.5876],[140.13012,35.58341]]}},{"type":"Feature","properties":{"lineId":"jr-yamanote","sourceLineName":"山手線","sourceOperator":"東日本旅客鉄道","source":"MLIT N02 2025"},"geometry":{"type":"LineString","coordinates":[[139.74144,35.73419],[139.74697,35.73634]]}},{"type":"Feature","properties":{"lineId":"jr-yamanote","sourceLineName":"山手線","sourceOperator":"東日本旅客鉄道","source":"MLIT N02 2025"},"geometry":{"type":"LineString","coordinates":[[139.7585,35.74006],[139.76067,35.73826]]}},{"type":"Feature","properties":{"lineId":"jr-yamanote","sourceLineName":"山手線","sourceOperator":"東日本旅客鉄道","source":"MLIT N02 2025"},"geometry":{"type":"LineString","coordinates":[[139.74914,35.73738],[139.75559,35.74046],[139.7585,35.74006]]}},{"type":"Feature","properties":{"lineId":"jr-yamanote","sourceLineName":"山手線","sourceOperator":"東日本旅客鉄道","source":"MLIT N02 2025"},"geometry":{"type":"LineString","coordinates":[[139.70915,35.72618],[139.7066,35.72145]]}},{"type":"Feature","properties":{"lineId":"jr-yamanote","sourceLineName":"山手線","sourceOperator":"東日本旅客鉄道","source":"MLIT N02 2025"},"geometry":{"type":"LineString","coordinates":[[139.7105,35.72903],[139.70915,35.72618]]}},{"type":"Feature","properties":{"lineId":"jr-yamanote","sourceLineName":"山手線","sourceOperator":"東日本旅客鉄道","source":"MLIT N02 2025"},"geometry":{"type":"LineString","coordinates":[[139.71167,35.73152],[139.7105,35.72903]]}},{"type":"Feature","properties":{"lineId":"jr-yamanote","sourceLineName":"山手線","sourceOperator":"東日本旅客鉄道","source":"MLIT N02 2025"},"geometry":{"type":"LineString","coordinates":[[139.72695,35.73203],[139.71626,35.73455],[139.71308,35.73349],[139.71167,35.73152]]}},{"type":"Feature","properties":{"lineId":"jr-yamanote","sourceLineName":"山手線","sourceOperator":"東日本旅客鉄道","source":"MLIT N02 2025"},"geometry":{"type":"LineString","coordinates":[[139.76067,35.73826],[139.76248,35.73669]]}},{"type":"Feature","properties":{"lineId":"jr-yamanote","sourceLineName":"山手線","sourceOperator":"東日本旅客鉄道","source":"MLIT N02 2025"},"geometry":{"type":"LineString","coordinates":[[139.74144,35.73419],[139.73926,35.73325]]}},{"type":"Feature","properties":{"lineId":"jr-yamanote","sourceLineName":"山手線","sourceOperator":"東日本旅客鉄道","source":"MLIT N02 2025"},"geometry":{"type":"LineString","coordinates":[[139.70423,35.7141],[139.70342,35.71171]]}},{"type":"Feature","properties":{"lineId":"jr-yamanote","sourceLineName":"山手線","sourceOperator":"東日本旅客鉄道","source":"MLIT N02 2025"},"geometry":{"type":"LineString","coordinates":[[139.74697,35.73634],[139.74914,35.73738]]}},{"type":"Feature","properties":{"lineId":"jr-yamanote","sourceLineName":"山手線","sourceOperator":"東日本旅客鉄道","source":"MLIT N02 2025"},"geometry":{"type":"LineString","coordinates":[[139.7066,35.72145],[139.70596,35.71933]]}},{"type":"Feature","properties":{"lineId":"jr-yamanote","sourceLineName":"山手線","sourceOperator":"東日本旅客鉄道","source":"MLIT N02 2025"},"geometry":{"type":"LineString","coordinates":[[139.72893,35.73154],[139.72695,35.73203]]}},{"type":"Feature","properties":{"lineId":"jr-yamanote","sourceLineName":"山手線","sourceOperator":"東日本旅客鉄道","source":"MLIT N02 2025"},"geometry":{"type":"LineString","coordinates":[[139.70596,35.71933],[139.70423,35.7141]]}},{"type":"Feature","properties":{"lineId":"jr-yamanote","sourceLineName":"山手線","sourceOperator":"東日本旅客鉄道","source":"MLIT N02 2025"},"geometry":{"type":"LineString","coordinates":[[139.73926,35.73325],[139.73372,35.731],[139.72893,35.73154]]}},{"type":"Feature","properties":{"lineId":"jr-yamanote","sourceLineName":"山手線","sourceOperator":"東日本旅客鉄道","source":"MLIT N02 2025"},"geometry":{"type":"LineString","coordinates":[[139.70024,35.68926],[139.70203,35.6845]]}},{"type":"Feature","properties":{"lineId":"jr-yamanote","sourceLineName":"山手線","sourceOperator":"東日本旅客鉄道","source":"MLIT N02 2025"},"geometry":{"type":"LineString","coordinates":[[139.70176,35.68735],[139.70222,35.68555]]}},{"type":"Feature","properties":{"lineId":"jr-yamanote","sourceLineName":"山手線","sourceOperator":"東日本旅客鉄道","source":"MLIT N02 2025"},"geometry":{"type":"LineString","coordinates":[[139.70019,35.70011],[139.6994,35.69531],[139.70004,35.69167]]}},{"type":"Feature","properties":{"lineId":"jr-yamanote","sourceLineName":"山手線","sourceOperator":"東日本旅客鉄道","source":"MLIT N02 2025"},"geometry":{"type":"LineString","coordinates":[[139.70129,35.65907],[139.70251,35.67042]]}},{"type":"Feature","properties":{"lineId":"jr-yamanote","sourceLineName":"山手線","sourceOperator":"東日本旅客鉄道","source":"MLIT N02 2025"},"geometry":{"type":"LineString","coordinates":[[139.70125,35.6879],[139.70222,35.68555]]}},{"type":"Feature","properties":{"lineId":"jr-yamanote","sourceLineName":"山手線","sourceOperator":"東日本旅客鉄道","source":"MLIT N02 2025"},"geometry":{"type":"LineString","coordinates":[[139.70295,35.6722],[139.70412,35.67552],[139.70384,35.67842]]}},{"type":"Feature","properties":{"lineId":"jr-yamanote","sourceLineName":"山手線","sourceOperator":"東日本旅客鉄道","source":"MLIT N02 2025"},"geometry":{"type":"LineString","coordinates":[[139.70004,35.69167],[139.70024,35.68926]]}},{"type":"Feature","properties":{"lineId":"jr-yamanote","sourceLineName":"山手線","sourceOperator":"東日本旅客鉄道","source":"MLIT N02 2025"},"geometry":{"type":"LineString","coordinates":[[139.7006,35.68995],[139.70004,35.69167]]}},{"type":"Feature","properties":{"lineId":"jr-yamanote","sourceLineName":"山手線","sourceOperator":"東日本旅客鉄道","source":"MLIT N02 2025"},"geometry":{"type":"LineString","coordinates":[[139.70125,35.6879],[139.7006,35.68995]]}},{"type":"Feature","properties":{"lineId":"jr-yamanote","sourceLineName":"山手線","sourceOperator":"東日本旅客鉄道","source":"MLIT N02 2025"},"geometry":{"type":"LineString","coordinates":[[139.70203,35.6845],[139.70239,35.68309]]}},{"type":"Feature","properties":{"lineId":"jr-yamanote","sourceLineName":"山手線","sourceOperator":"東日本旅客鉄道","source":"MLIT N02 2025"},"geometry":{"type":"LineString","coordinates":[[139.70239,35.68309],[139.70384,35.67842]]}},{"type":"Feature","properties":{"lineId":"jr-yamanote","sourceLineName":"山手線","sourceOperator":"東日本旅客鉄道","source":"MLIT N02 2025"},"geometry":{"type":"LineString","coordinates":[[139.70032,35.70175],[139.70019,35.70011]]}},{"type":"Feature","properties":{"lineId":"jr-yamanote","sourceLineName":"山手線","sourceOperator":"東日本旅客鉄道","source":"MLIT N02 2025"},"geometry":{"type":"LineString","coordinates":[[139.70251,35.67042],[139.70295,35.6722]]}},{"type":"Feature","properties":{"lineId":"jr-yamanote","sourceLineName":"山手線","sourceOperator":"東日本旅客鉄道","source":"MLIT N02 2025"},"geometry":{"type":"LineString","coordinates":[[139.70068,35.69107],[139.70176,35.68735]]}},{"type":"Feature","properties":{"lineId":"jr-yamanote","sourceLineName":"山手線","sourceOperator":"東日本旅客鉄道","source":"MLIT N02 2025"},"geometry":{"type":"LineString","coordinates":[[139.70342,35.71171],[139.70032,35.70175]]}},{"type":"Feature","properties":{"lineId":"jr-yamanote","sourceLineName":"山手線","sourceOperator":"東日本旅客鉄道","source":"MLIT N02 2025"},"geometry":{"type":"LineString","coordinates":[[139.70222,35.68555],[139.70384,35.67842]]}},{"type":"Feature","properties":{"lineId":"jr-yamanote","sourceLineName":"山手線","sourceOperator":"東日本旅客鉄道","source":"MLIT N02 2025"},"geometry":{"type":"LineString","coordinates":[[139.72888,35.61912],[139.72761,35.62077]]}},{"type":"Feature","properties":{"lineId":"jr-yamanote","sourceLineName":"山手線","sourceOperator":"東日本旅客鉄道","source":"MLIT N02 2025"},"geometry":{"type":"LineString","coordinates":[[139.71054,35.64593],[139.70971,35.64743]]}},{"type":"Feature","properties":{"lineId":"jr-yamanote","sourceLineName":"山手線","sourceOperator":"東日本旅客鉄道","source":"MLIT N02 2025"},"geometry":{"type":"LineString","coordinates":[[139.72761,35.62077],[139.72436,35.62526]]}},{"type":"Feature","properties":{"lineId":"jr-yamanote","sourceLineName":"山手線","sourceOperator":"東日本旅客鉄道","source":"MLIT N02 2025"},"geometry":{"type":"LineString","coordinates":[[139.71334,35.64093],[139.71438,35.63865]]}},{"type":"Feature","properties":{"lineId":"jr-yamanote","sourceLineName":"山手線","sourceOperator":"東日本旅客鉄道","source":"MLIT N02 2025"},"geometry":{"type":"LineString","coordinates":[[139.70971,35.64743],[139.70773,35.65097],[139.70221,35.65723]]}},{"type":"Feature","properties":{"lineId":"jr-yamanote","sourceLineName":"山手線","sourceOperator":"東日本旅客鉄道","source":"MLIT N02 2025"},"geometry":{"type":"LineString","coordinates":[[139.70221,35.65723],[139.70129,35.65907]]}},{"type":"Feature","properties":{"lineId":"jr-yamanote","sourceLineName":"山手線","sourceOperator":"東日本旅客鉄道","source":"MLIT N02 2025"},"geometry":{"type":"LineString","coordinates":[[139.72436,35.62526],[139.72262,35.62727]]}},{"type":"Feature","properties":{"lineId":"jr-yamanote","sourceLineName":"山手線","sourceOperator":"東日本旅客鉄道","source":"MLIT N02 2025"},"geometry":{"type":"LineString","coordinates":[[139.73881,35.62549],[139.73863,35.627]]}},{"type":"Feature","properties":{"lineId":"jr-yamanote","sourceLineName":"山手線","sourceOperator":"東日本旅客鉄道","source":"MLIT N02 2025"},"geometry":{"type":"LineString","coordinates":[[139.73762,35.62049],[139.73881,35.62549]]}},{"type":"Feature","properties":{"lineId":"jr-yamanote","sourceLineName":"山手線","sourceOperator":"東日本旅客鉄道","source":"MLIT N02 2025"},"geometry":{"type":"LineString","coordinates":[[139.7328,35.61677],[139.7356,35.61761],[139.73762,35.62049]]}},{"type":"Feature","properties":{"lineId":"jr-yamanote","sourceLineName":"山手線","sourceOperator":"東日本旅客鉄道","source":"MLIT N02 2025"},"geometry":{"type":"LineString","coordinates":[[139.72888,35.61912],[139.7304,35.61748],[139.7328,35.61677]]}},{"type":"Feature","properties":{"lineId":"jr-yamanote","sourceLineName":"山手線","sourceOperator":"東日本旅客鉄道","source":"MLIT N02 2025"},"geometry":{"type":"LineString","coordinates":[[139.73863,35.627],[139.73844,35.62927]]}},{"type":"Feature","properties":{"lineId":"jr-yamanote","sourceLineName":"山手線","sourceOperator":"東日本旅客鉄道","source":"MLIT N02 2025"},"geometry":{"type":"LineString","coordinates":[[139.72262,35.62727],[139.71773,35.62975],[139.71636,35.63136]]}},{"type":"Feature","properties":{"lineId":"jr-yamanote","sourceLineName":"山手線","sourceOperator":"東日本旅客鉄道","source":"MLIT N02 2025"},"geometry":{"type":"LineString","coordinates":[[139.71636,35.63136],[139.71544,35.63452]]}},{"type":"Feature","properties":{"lineId":"jr-yamanote","sourceLineName":"山手線","sourceOperator":"東日本旅客鉄道","source":"MLIT N02 2025"},"geometry":{"type":"LineString","coordinates":[[139.71054,35.64593],[139.71334,35.64093]]}},{"type":"Feature","properties":{"lineId":"jr-yamanote","sourceLineName":"山手線","sourceOperator":"東日本旅客鉄道","source":"MLIT N02 2025"},"geometry":{"type":"LineString","coordinates":[[139.71334,35.64093],[139.71438,35.63865]]}},{"type":"Feature","properties":{"lineId":"jr-yamanote","sourceLineName":"山手線","sourceOperator":"東日本旅客鉄道","source":"MLIT N02 2025"},"geometry":{"type":"LineString","coordinates":[[139.71438,35.63865],[139.71499,35.63644]]}},{"type":"Feature","properties":{"lineId":"jr-yamanote","sourceLineName":"山手線","sourceOperator":"東日本旅客鉄道","source":"MLIT N02 2025"},"geometry":{"type":"LineString","coordinates":[[139.71438,35.63865],[139.71499,35.63644]]}},{"type":"Feature","properties":{"lineId":"jr-yamanote","sourceLineName":"山手線","sourceOperator":"東日本旅客鉄道","source":"MLIT N02 2025"},"geometry":{"type":"LineString","coordinates":[[139.71499,35.63644],[139.71544,35.63452]]}},{"type":"Feature","properties":{"lineId":"jr-joban","sourceLineName":"常磐線","sourceOperator":"東日本旅客鉄道","source":"MLIT N02 2025"},"geometry":{"type":"LineString","coordinates":[[140.13828,35.93123],[140.13755,35.92864]]}},{"type":"Feature","properties":{"lineId":"jr-joban","sourceLineName":"常磐線","sourceOperator":"東日本旅客鉄道","source":"MLIT N02 2025"},"geometry":{"type":"LineString","coordinates":[[140.27616,36.29447],[140.27623,36.28979],[140.28651,36.24855]]}},{"type":"Feature","properties":{"lineId":"jr-joban","sourceLineName":"常磐線","sourceOperator":"東日本旅客鉄道","source":"MLIT N02 2025"},"geometry":{"type":"LineString","coordinates":[[140.20693,36.07994],[140.21364,36.09246],[140.22286,36.09835],[140.24762,36.11962]]}},{"type":"Feature","properties":{"lineId":"jr-joban","sourceLineName":"常磐線","sourceOperator":"東日本旅客鉄道","source":"MLIT N02 2025"},"geometry":{"type":"LineString","coordinates":[[140.12004,35.92097],[140.11626,35.92014]]}},{"type":"Feature","properties":{"lineId":"jr-joban","sourceLineName":"常磐線","sourceOperator":"東日本旅客鉄道","source":"MLIT N02 2025"},"geometry":{"type":"LineString","coordinates":[[140.29364,36.16218],[140.29532,36.16481]]}},{"type":"Feature","properties":{"lineId":"jr-joban","sourceLineName":"常磐線","sourceOperator":"東日本旅客鉄道","source":"MLIT N02 2025"},"geometry":{"type":"LineString","coordinates":[[140.13755,35.92864],[140.13528,35.92614],[140.13126,35.92371],[140.12004,35.92097]]}},{"type":"Feature","properties":{"lineId":"jr-joban","sourceLineName":"常磐線","sourceOperator":"東日本旅客鉄道","source":"MLIT N02 2025"},"geometry":{"type":"LineString","coordinates":[[140.1578,36.00617],[140.14254,35.98215],[140.14145,35.9794],[140.14118,35.9767]]}},{"type":"Feature","properties":{"lineId":"jr-joban","sourceLineName":"常磐線","sourceOperator":"東日本旅客鉄道","source":"MLIT N02 2025"},"geometry":{"type":"LineString","coordinates":[[140.16517,36.02951],[140.16289,36.02536],[140.15879,36.00882]]}},{"type":"Feature","properties":{"lineId":"jr-joban","sourceLineName":"常磐線","sourceOperator":"東日本旅客鉄道","source":"MLIT N02 2025"},"geometry":{"type":"LineString","coordinates":[[140.28055,36.19033],[140.28432,36.18433],[140.29697,36.17261],[140.29762,36.17078],[140.29754,36.16878],[140.29532,36.16481]]}},{"type":"Feature","properties":{"lineId":"jr-joban","sourceLineName":"常磐線","sourceOperator":"東日本旅客鉄道","source":"MLIT N02 2025"},"geometry":{"type":"LineString","coordinates":[[140.24762,36.11962],[140.2496,36.12124]]}},{"type":"Feature","properties":{"lineId":"jr-joban","sourceLineName":"常磐線","sourceOperator":"東日本旅客鉄道","source":"MLIT N02 2025"},"geometry":{"type":"LineString","coordinates":[[140.20555,36.07725],[140.20291,36.07274],[140.18892,36.06378],[140.18657,36.05723],[140.18248,36.05286],[140.1668,36.03168]]}},{"type":"Feature","properties":{"lineId":"jr-joban","sourceLineName":"常磐線","sourceOperator":"東日本旅客鉄道","source":"MLIT N02 2025"},"geometry":{"type":"LineString","coordinates":[[140.27898,36.19266],[140.28055,36.19033]]}},{"type":"Feature","properties":{"lineId":"jr-joban","sourceLineName":"常磐線","sourceOperator":"東日本旅客鉄道","source":"MLIT N02 2025"},"geometry":{"type":"LineString","coordinates":[[140.14088,35.97366],[140.14118,35.9767]]}},{"type":"Feature","properties":{"lineId":"jr-joban","sourceLineName":"常磐線","sourceOperator":"東日本旅客鉄道","source":"MLIT N02 2025"},"geometry":{"type":"LineString","coordinates":[[140.1668,36.03168],[140.16517,36.02951]]}},{"type":"Feature","properties":{"lineId":"jr-joban","sourceLineName":"常磐線","sourceOperator":"東日本旅客鉄道","source":"MLIT N02 2025"},"geometry":{"type":"LineString","coordinates":[[140.20693,36.07994],[140.20555,36.07725]]}},{"type":"Feature","properties":{"lineId":"jr-joban","sourceLineName":"常磐線","sourceOperator":"東日本旅客鉄道","source":"MLIT N02 2025"},"geometry":{"type":"LineString","coordinates":[[140.2496,36.12124],[140.26987,36.13869],[140.28323,36.14561],[140.29364,36.16218]]}},{"type":"Feature","properties":{"lineId":"jr-joban","sourceLineName":"常磐線","sourceOperator":"東日本旅客鉄道","source":"MLIT N02 2025"},"geometry":{"type":"LineString","coordinates":[[140.28651,36.24855],[140.28704,36.24653]]}},{"type":"Feature","properties":{"lineId":"jr-joban","sourceLineName":"常磐線","sourceOperator":"東日本旅客鉄道","source":"MLIT N02 2025"},"geometry":{"type":"LineString","coordinates":[[140.14088,35.97366],[140.13822,35.94571],[140.13828,35.93123]]}},{"type":"Feature","properties":{"lineId":"jr-joban","sourceLineName":"常磐線","sourceOperator":"東日本旅客鉄道","source":"MLIT N02 2025"},"geometry":{"type":"LineString","coordinates":[[140.1578,36.00617],[140.15879,36.00882]]}},{"type":"Feature","properties":{"lineId":"jr-joban","sourceLineName":"常磐線","sourceOperator":"東日本旅客鉄道","source":"MLIT N02 2025"},"geometry":{"type":"LineString","coordinates":[[140.28704,36.24653],[140.28958,36.23621],[140.28954,36.23439],[140.27757,36.19867],[140.27744,36.19594],[140.27898,36.19266]]}},{"type":"Feature","properties":{"lineId":"jr-joban","sourceLineName":"常磐線","sourceOperator":"東日本旅客鉄道","source":"MLIT N02 2025"},"geometry":{"type":"LineString","coordinates":[[140.06204,35.89454],[140.06393,35.8971]]}},{"type":"Feature","properties":{"lineId":"jr-joban","sourceLineName":"常磐線","sourceOperator":"東日本旅客鉄道","source":"MLIT N02 2025"},"geometry":{"type":"LineString","coordinates":[[140.00861,35.87269],[140.00584,35.87239]]}},{"type":"Feature","properties":{"lineId":"jr-joban","sourceLineName":"常磐線","sourceOperator":"東日本旅客鉄道","source":"MLIT N02 2025"},"geometry":{"type":"LineString","coordinates":[[140.04973,35.87543],[140.06241,35.89439]]}},{"type":"Feature","properties":{"lineId":"jr-joban","sourceLineName":"常磐線","sourceOperator":"東日本旅客鉄道","source":"MLIT N02 2025"},"geometry":{"type":"LineString","coordinates":[[139.97011,35.86104],[139.9718,35.86316]]}},{"type":"Feature","properties":{"lineId":"jr-joban","sourceLineName":"常磐線","sourceOperator":"東日本旅客鉄道","source":"MLIT N02 2025"},"geometry":{"type":"LineString","coordinates":[[139.97011,35.86104],[139.96138,35.85011],[139.95519,35.84517]]}},{"type":"Feature","properties":{"lineId":"jr-joban","sourceLineName":"常磐線","sourceOperator":"東日本旅客鉄道","source":"MLIT N02 2025"},"geometry":{"type":"LineString","coordinates":[[139.98868,35.87562],[139.9874,35.8757]]}},{"type":"Feature","properties":{"lineId":"jr-joban","sourceLineName":"常磐線","sourceOperator":"東日本旅客鉄道","source":"MLIT N02 2025"},"geometry":{"type":"LineString","coordinates":[[140.0136,35.87296],[140.02851,35.8739],[140.03439,35.8736],[140.03942,35.87256]]}},{"type":"Feature","properties":{"lineId":"jr-joban","sourceLineName":"常磐線","sourceOperator":"東日本旅客鉄道","source":"MLIT N02 2025"},"geometry":{"type":"LineString","coordinates":[[140.01224,35.87292],[140.0136,35.87296]]}},{"type":"Feature","properties":{"lineId":"jr-joban","sourceLineName":"常磐線","sourceOperator":"東日本旅客鉄道","source":"MLIT N02 2025"},"geometry":{"type":"LineString","coordinates":[[140.04973,35.87543],[140.06204,35.89454]]}},{"type":"Feature","properties":{"lineId":"jr-joban","sourceLineName":"常磐線","sourceOperator":"東日本旅客鉄道","source":"MLIT N02 2025"},"geometry":{"type":"LineString","coordinates":[[140.06303,35.89535],[140.06241,35.89439]]}},{"type":"Feature","properties":{"lineId":"jr-joban","sourceLineName":"常磐線","sourceOperator":"東日本旅客鉄道","source":"MLIT N02 2025"},"geometry":{"type":"LineString","coordinates":[[140.04213,35.87248],[140.04251,35.87246]]}},{"type":"Feature","properties":{"lineId":"jr-joban","sourceLineName":"常磐線","sourceOperator":"東日本旅客鉄道","source":"MLIT N02 2025"},"geometry":{"type":"LineString","coordinates":[[139.9874,35.8757],[139.98414,35.87497],[139.97832,35.87103],[139.9718,35.86316]]}},{"type":"Feature","properties":{"lineId":"jr-joban","sourceLineName":"常磐線","sourceOperator":"東日本旅客鉄道","source":"MLIT N02 2025"},"geometry":{"type":"LineString","coordinates":[[140.04251,35.87246],[140.04646,35.87291],[140.04854,35.87403],[140.04973,35.87543]]}},{"type":"Feature","properties":{"lineId":"jr-joban","sourceLineName":"常磐線","sourceOperator":"東日本旅客鉄道","source":"MLIT N02 2025"},"geometry":{"type":"LineString","coordinates":[[139.98868,35.87562],[140.00234,35.8725],[140.00584,35.87239]]}},{"type":"Feature","properties":{"lineId":"jr-joban","sourceLineName":"常磐線","sourceOperator":"東日本旅客鉄道","source":"MLIT N02 2025"},"geometry":{"type":"LineString","coordinates":[[140.01224,35.87292],[140.00861,35.87269]]}},{"type":"Feature","properties":{"lineId":"jr-joban","sourceLineName":"常磐線","sourceOperator":"東日本旅客鉄道","source":"MLIT N02 2025"},"geometry":{"type":"LineString","coordinates":[[140.03942,35.87256],[140.04213,35.87248]]}},{"type":"Feature","properties":{"lineId":"jr-joban","sourceLineName":"常磐線","sourceOperator":"東日本旅客鉄道","source":"MLIT N02 2025"},"geometry":{"type":"LineString","coordinates":[[140.00584,35.87239],[140.02267,35.87317],[140.03942,35.87256]]}},{"type":"Feature","properties":{"lineId":"jr-joban","sourceLineName":"常磐線","sourceOperator":"東日本旅客鉄道","source":"MLIT N02 2025"},"geometry":{"type":"LineString","coordinates":[[140.06393,35.8971],[140.06657,35.89976],[140.0742,35.90107],[140.09574,35.91554],[140.11626,35.92014]]}},{"type":"Feature","properties":{"lineId":"jr-joban","sourceLineName":"常磐線","sourceOperator":"東日本旅客鉄道","source":"MLIT N02 2025"},"geometry":{"type":"LineString","coordinates":[[139.95337,35.84422],[139.93183,35.83368]]}},{"type":"Feature","properties":{"lineId":"jr-joban","sourceLineName":"常磐線","sourceOperator":"東日本旅客鉄道","source":"MLIT N02 2025"},"geometry":{"type":"LineString","coordinates":[[139.91755,35.8126],[139.92081,35.82442]]}},{"type":"Feature","properties":{"lineId":"jr-joban","sourceLineName":"常磐線","sourceOperator":"東日本旅客鉄道","source":"MLIT N02 2025"},"geometry":{"type":"LineString","coordinates":[[139.87152,35.76961],[139.86926,35.76941]]}},{"type":"Feature","properties":{"lineId":"jr-joban","sourceLineName":"常磐線","sourceOperator":"東日本旅客鉄道","source":"MLIT N02 2025"},"geometry":{"type":"LineString","coordinates":[[139.90039,35.78349],[139.90113,35.78574]]}},{"type":"Feature","properties":{"lineId":"jr-joban","sourceLineName":"常磐線","sourceOperator":"東日本旅客鉄道","source":"MLIT N02 2025"},"geometry":{"type":"LineString","coordinates":[[139.82367,35.76205],[139.81381,35.76091],[139.81188,35.76008],[139.80675,35.75428],[139.80479,35.74934]]}},{"type":"Feature","properties":{"lineId":"jr-joban","sourceLineName":"常磐線","sourceOperator":"東日本旅客鉄道","source":"MLIT N02 2025"},"geometry":{"type":"LineString","coordinates":[[139.86926,35.76941],[139.8486,35.76697]]}},{"type":"Feature","properties":{"lineId":"jr-joban","sourceLineName":"常磐線","sourceOperator":"東日本旅客鉄道","source":"MLIT N02 2025"},"geometry":{"type":"LineString","coordinates":[[139.8486,35.76697],[139.84652,35.76609]]}},{"type":"Feature","properties":{"lineId":"jr-joban","sourceLineName":"常磐線","sourceOperator":"東日本旅客鉄道","source":"MLIT N02 2025"},"geometry":{"type":"LineString","coordinates":[[139.92159,35.8264],[139.92455,35.82996],[139.92967,35.83266]]}},{"type":"Feature","properties":{"lineId":"jr-joban","sourceLineName":"常磐線","sourceOperator":"東日本旅客鉄道","source":"MLIT N02 2025"},"geometry":{"type":"LineString","coordinates":[[139.90113,35.78574],[139.90538,35.79368],[139.911,35.7997]]}},{"type":"Feature","properties":{"lineId":"jr-joban","sourceLineName":"常磐線","sourceOperator":"東日本旅客鉄道","source":"MLIT N02 2025"},"geometry":{"type":"LineString","coordinates":[[139.77598,35.73354],[139.77817,35.73323]]}},{"type":"Feature","properties":{"lineId":"jr-joban","sourceLineName":"常磐線","sourceOperator":"東日本旅客鉄道","source":"MLIT N02 2025"},"geometry":{"type":"LineString","coordinates":[[139.93183,35.83368],[139.92967,35.83266]]}},{"type":"Feature","properties":{"lineId":"jr-joban","sourceLineName":"常磐線","sourceOperator":"東日本旅客鉄道","source":"MLIT N02 2025"},"geometry":{"type":"LineString","coordinates":[[139.8262,35.76228],[139.82367,35.76205]]}},{"type":"Feature","properties":{"lineId":"jr-joban","sourceLineName":"常磐線","sourceOperator":"東日本旅客鉄道","source":"MLIT N02 2025"},"geometry":{"type":"LineString","coordinates":[[139.84652,35.76609],[139.84127,35.76386],[139.8262,35.76228]]}},{"type":"Feature","properties":{"lineId":"jr-joban","sourceLineName":"常磐線","sourceOperator":"東日本旅客鉄道","source":"MLIT N02 2025"},"geometry":{"type":"LineString","coordinates":[[139.77069,35.7284],[139.76908,35.73026],[139.76996,35.73233],[139.7726,35.73365],[139.77598,35.73354]]}},{"type":"Feature","properties":{"lineId":"jr-joban","sourceLineName":"常磐線","sourceOperator":"東日本旅客鉄道","source":"MLIT N02 2025"},"geometry":{"type":"LineString","coordinates":[[139.80449,35.74835],[139.80479,35.74934]]}},{"type":"Feature","properties":{"lineId":"jr-joban","sourceLineName":"常磐線","sourceOperator":"東日本旅客鉄道","source":"MLIT N02 2025"},"geometry":{"type":"LineString","coordinates":[[139.92081,35.82442],[139.92159,35.8264]]}},{"type":"Feature","properties":{"lineId":"jr-joban","sourceLineName":"常磐線","sourceOperator":"東日本旅客鉄道","source":"MLIT N02 2025"},"geometry":{"type":"LineString","coordinates":[[139.79925,35.73366],[139.80032,35.73563]]}},{"type":"Feature","properties":{"lineId":"jr-joban","sourceLineName":"常磐線","sourceOperator":"東日本旅客鉄道","source":"MLIT N02 2025"},"geometry":{"type":"LineString","coordinates":[[139.91709,35.81077],[139.91755,35.8126]]}},{"type":"Feature","properties":{"lineId":"jr-joban","sourceLineName":"常磐線","sourceOperator":"東日本旅客鉄道","source":"MLIT N02 2025"},"geometry":{"type":"LineString","coordinates":[[139.77196,35.72734],[139.77069,35.7284]]}},{"type":"Feature","properties":{"lineId":"jr-joban","sourceLineName":"常磐線","sourceOperator":"東日本旅客鉄道","source":"MLIT N02 2025"},"geometry":{"type":"LineString","coordinates":[[139.77817,35.73323],[139.7953,35.73095],[139.79748,35.73165],[139.79925,35.73366]]}},{"type":"Feature","properties":{"lineId":"jr-joban","sourceLineName":"常磐線","sourceOperator":"東日本旅客鉄道","source":"MLIT N02 2025"},"geometry":{"type":"LineString","coordinates":[[139.87152,35.76961],[139.87591,35.76954]]}},{"type":"Feature","properties":{"lineId":"jr-joban","sourceLineName":"常磐線","sourceOperator":"東日本旅客鉄道","source":"MLIT N02 2025"},"geometry":{"type":"LineString","coordinates":[[139.80032,35.73563],[139.80449,35.74835]]}},{"type":"Feature","properties":{"lineId":"jr-joban","sourceLineName":"常磐線","sourceOperator":"東日本旅客鉄道","source":"MLIT N02 2025"},"geometry":{"type":"LineString","coordinates":[[139.91225,35.80103],[139.91527,35.80541],[139.91709,35.81077]]}},{"type":"Feature","properties":{"lineId":"jr-joban","sourceLineName":"常磐線","sourceOperator":"東日本旅客鉄道","source":"MLIT N02 2025"},"geometry":{"type":"LineString","coordinates":[[139.95519,35.84517],[139.95337,35.84422]]}},{"type":"Feature","properties":{"lineId":"jr-joban","sourceLineName":"常磐線","sourceOperator":"東日本旅客鉄道","source":"MLIT N02 2025"},"geometry":{"type":"LineString","coordinates":[[139.911,35.7997],[139.91225,35.80103]]}},{"type":"Feature","properties":{"lineId":"jr-joban","sourceLineName":"常磐線","sourceOperator":"東日本旅客鉄道","source":"MLIT N02 2025"},"geometry":{"type":"LineString","coordinates":[[139.87591,35.76954],[139.88362,35.76851],[139.88903,35.76956]]}},{"type":"Feature","properties":{"lineId":"jr-joban","sourceLineName":"常磐線","sourceOperator":"東日本旅客鉄道","source":"MLIT N02 2025"},"geometry":{"type":"LineString","coordinates":[[139.87591,35.76954],[139.88461,35.76879],[139.88903,35.76956]]}},{"type":"Feature","properties":{"lineId":"jr-joban","sourceLineName":"常磐線","sourceOperator":"東日本旅客鉄道","source":"MLIT N02 2025"},"geometry":{"type":"LineString","coordinates":[[139.88903,35.76956],[139.89347,35.7709]]}},{"type":"Feature","properties":{"lineId":"jr-joban","sourceLineName":"常磐線","sourceOperator":"東日本旅客鉄道","source":"MLIT N02 2025"},"geometry":{"type":"LineString","coordinates":[[139.88903,35.76956],[139.89347,35.7709]]}},{"type":"Feature","properties":{"lineId":"jr-joban","sourceLineName":"常磐線","sourceOperator":"東日本旅客鉄道","source":"MLIT N02 2025"},"geometry":{"type":"LineString","coordinates":[[139.89347,35.7709],[139.89659,35.77374],[139.90039,35.78349]]}},{"type":"Feature","properties":{"lineId":"jr-ome","sourceLineName":"青梅線","sourceOperator":"東日本旅客鉄道","source":"MLIT N02 2025"},"geometry":{"type":"LineString","coordinates":[[139.41516,35.69803],[139.41238,35.69802]]}},{"type":"Feature","properties":{"lineId":"jr-ome","sourceLineName":"青梅線","sourceOperator":"東日本旅客鉄道","source":"MLIT N02 2025"},"geometry":{"type":"LineString","coordinates":[[139.3944,35.70324],[139.39192,35.704]]}},{"type":"Feature","properties":{"lineId":"jr-ome","sourceLineName":"青梅線","sourceOperator":"東日本旅客鉄道","source":"MLIT N02 2025"},"geometry":{"type":"LineString","coordinates":[[139.41599,35.6983],[139.41232,35.69826]]}},{"type":"Feature","properties":{"lineId":"jr-ome","sourceLineName":"青梅線","sourceOperator":"東日本旅客鉄道","source":"MLIT N02 2025"},"geometry":{"type":"LineString","coordinates":[[139.3944,35.70324],[139.39503,35.70305]]}},{"type":"Feature","properties":{"lineId":"jr-ome","sourceLineName":"青梅線","sourceOperator":"東日本旅客鉄道","source":"MLIT N02 2025"},"geometry":{"type":"LineString","coordinates":[[139.37679,35.70867],[139.38409,35.70643]]}},{"type":"Feature","properties":{"lineId":"jr-ome","sourceLineName":"青梅線","sourceOperator":"東日本旅客鉄道","source":"MLIT N02 2025"},"geometry":{"type":"LineString","coordinates":[[139.36292,35.71284],[139.37463,35.70933]]}},{"type":"Feature","properties":{"lineId":"jr-ome","sourceLineName":"青梅線","sourceOperator":"東日本旅客鉄道","source":"MLIT N02 2025"},"geometry":{"type":"LineString","coordinates":[[139.41232,35.69826],[139.41042,35.6983],[139.39503,35.70305]]}},{"type":"Feature","properties":{"lineId":"jr-ome","sourceLineName":"青梅線","sourceOperator":"東日本旅客鉄道","source":"MLIT N02 2025"},"geometry":{"type":"LineString","coordinates":[[139.37679,35.70867],[139.37463,35.70933]]}},{"type":"Feature","properties":{"lineId":"jr-ome","sourceLineName":"青梅線","sourceOperator":"東日本旅客鉄道","source":"MLIT N02 2025"},"geometry":{"type":"LineString","coordinates":[[139.3851,35.70612],[139.39192,35.704]]}},{"type":"Feature","properties":{"lineId":"jr-ome","sourceLineName":"青梅線","sourceOperator":"東日本旅客鉄道","source":"MLIT N02 2025"},"geometry":{"type":"LineString","coordinates":[[139.3851,35.70612],[139.38409,35.70643]]}},{"type":"Feature","properties":{"lineId":"jr-ome","sourceLineName":"青梅線","sourceOperator":"東日本旅客鉄道","source":"MLIT N02 2025"},"geometry":{"type":"LineString","coordinates":[[139.39503,35.70305],[139.39658,35.70213],[139.39938,35.69903],[139.40104,35.69822],[139.40605,35.69725],[139.41238,35.69802]]}},{"type":"Feature","properties":{"lineId":"jr-ome","sourceLineName":"青梅線","sourceOperator":"東日本旅客鉄道","source":"MLIT N02 2025"},"geometry":{"type":"LineString","coordinates":[[139.36035,35.7136],[139.36292,35.71284]]}},{"type":"Feature","properties":{"lineId":"jr-ome","sourceLineName":"青梅線","sourceOperator":"東日本旅客鉄道","source":"MLIT N02 2025"},"geometry":{"type":"LineString","coordinates":[[139.33429,35.73365],[139.34112,35.72421]]}},{"type":"Feature","properties":{"lineId":"jr-ome","sourceLineName":"青梅線","sourceOperator":"東日本旅客鉄道","source":"MLIT N02 2025"},"geometry":{"type":"LineString","coordinates":[[139.25884,35.7905],[139.25741,35.79059]]}},{"type":"Feature","properties":{"lineId":"jr-ome","sourceLineName":"青梅線","sourceOperator":"東日本旅客鉄道","source":"MLIT N02 2025"},"geometry":{"type":"LineString","coordinates":[[139.28494,35.78439],[139.28317,35.78516]]}},{"type":"Feature","properties":{"lineId":"jr-ome","sourceLineName":"青梅線","sourceOperator":"東日本旅客鉄道","source":"MLIT N02 2025"},"geometry":{"type":"LineString","coordinates":[[139.34409,35.72037],[139.34536,35.7187],[139.34721,35.71766],[139.36035,35.7136]]}},{"type":"Feature","properties":{"lineId":"jr-ome","sourceLineName":"青梅線","sourceOperator":"東日本旅客鉄道","source":"MLIT N02 2025"},"geometry":{"type":"LineString","coordinates":[[139.2249,35.79714],[139.21645,35.80369]]}},{"type":"Feature","properties":{"lineId":"jr-ome","sourceLineName":"青梅線","sourceOperator":"東日本旅客鉄道","source":"MLIT N02 2025"},"geometry":{"type":"LineString","coordinates":[[139.18198,35.80138],[139.17878,35.80124],[139.17729,35.80206],[139.17784,35.80655],[139.17697,35.80786],[139.17503,35.80828],[139.17228,35.80703],[139.17097,35.80726],[139.16854,35.811],[139.16468,35.81374]]}},{"type":"Feature","properties":{"lineId":"jr-ome","sourceLineName":"青梅線","sourceOperator":"東日本旅客鉄道","source":"MLIT N02 2025"},"geometry":{"type":"LineString","coordinates":[[139.18328,35.80145],[139.18198,35.80138]]}},{"type":"Feature","properties":{"lineId":"jr-ome","sourceLineName":"青梅線","sourceOperator":"東日本旅客鉄道","source":"MLIT N02 2025"},"geometry":{"type":"LineString","coordinates":[[139.22975,35.78833],[139.22932,35.78896]]}},{"type":"Feature","properties":{"lineId":"jr-ome","sourceLineName":"青梅線","sourceOperator":"東日本旅客鉄道","source":"MLIT N02 2025"},"geometry":{"type":"LineString","coordinates":[[139.30192,35.77634],[139.28494,35.78439]]}},{"type":"Feature","properties":{"lineId":"jr-ome","sourceLineName":"青梅線","sourceOperator":"東日本旅客鉄道","source":"MLIT N02 2025"},"geometry":{"type":"LineString","coordinates":[[139.31588,35.75854],[139.30263,35.77577]]}},{"type":"Feature","properties":{"lineId":"jr-ome","sourceLineName":"青梅線","sourceOperator":"東日本旅客鉄道","source":"MLIT N02 2025"},"geometry":{"type":"LineString","coordinates":[[139.33329,35.73502],[139.33429,35.73365]]}},{"type":"Feature","properties":{"lineId":"jr-ome","sourceLineName":"青梅線","sourceOperator":"東日本旅客鉄道","source":"MLIT N02 2025"},"geometry":{"type":"LineString","coordinates":[[139.32699,35.7435],[139.3285,35.74147]]}},{"type":"Feature","properties":{"lineId":"jr-ome","sourceLineName":"青梅線","sourceOperator":"東日本旅客鉄道","source":"MLIT N02 2025"},"geometry":{"type":"LineString","coordinates":[[139.21584,35.8042],[139.21185,35.80799],[139.21038,35.8083],[139.20798,35.80778]]}},{"type":"Feature","properties":{"lineId":"jr-ome","sourceLineName":"青梅線","sourceOperator":"東日本旅客鉄道","source":"MLIT N02 2025"},"geometry":{"type":"LineString","coordinates":[[139.12857,35.81493],[139.12362,35.81268],[139.11893,35.81292],[139.11508,35.81197]]}},{"type":"Feature","properties":{"lineId":"jr-ome","sourceLineName":"青梅線","sourceOperator":"東日本旅客鉄道","source":"MLIT N02 2025"},"geometry":{"type":"LineString","coordinates":[[139.21645,35.80369],[139.21584,35.8042]]}},{"type":"Feature","properties":{"lineId":"jr-ome","sourceLineName":"青梅線","sourceOperator":"東日本旅客鉄道","source":"MLIT N02 2025"},"geometry":{"type":"LineString","coordinates":[[139.15056,35.81629],[139.14656,35.81502],[139.14282,35.8161],[139.13896,35.816],[139.136,35.81511],[139.13155,35.81584],[139.12931,35.81528]]}},{"type":"Feature","properties":{"lineId":"jr-ome","sourceLineName":"青梅線","sourceOperator":"東日本旅客鉄道","source":"MLIT N02 2025"},"geometry":{"type":"LineString","coordinates":[[139.23776,35.78782],[139.23687,35.78736]]}},{"type":"Feature","properties":{"lineId":"jr-ome","sourceLineName":"青梅線","sourceOperator":"東日本旅客鉄道","source":"MLIT N02 2025"},"geometry":{"type":"LineString","coordinates":[[139.22537,35.79652],[139.2249,35.79714]]}},{"type":"Feature","properties":{"lineId":"jr-ome","sourceLineName":"青梅線","sourceOperator":"東日本旅客鉄道","source":"MLIT N02 2025"},"geometry":{"type":"LineString","coordinates":[[139.31672,35.75734],[139.31588,35.75854]]}},{"type":"Feature","properties":{"lineId":"jr-ome","sourceLineName":"青梅線","sourceOperator":"東日本旅客鉄道","source":"MLIT N02 2025"},"geometry":{"type":"LineString","coordinates":[[139.19291,35.80607],[139.19012,35.80668],[139.18797,35.80646],[139.1858,35.80513],[139.18455,35.80213],[139.18328,35.80145]]}},{"type":"Feature","properties":{"lineId":"jr-ome","sourceLineName":"青梅線","sourceOperator":"東日本旅客鉄道","source":"MLIT N02 2025"},"geometry":{"type":"LineString","coordinates":[[139.27344,35.78951],[139.27217,35.79012]]}},{"type":"Feature","properties":{"lineId":"jr-ome","sourceLineName":"青梅線","sourceOperator":"東日本旅客鉄道","source":"MLIT N02 2025"},"geometry":{"type":"LineString","coordinates":[[139.20732,35.80738],[139.20579,35.80633],[139.20133,35.80531],[139.1967,35.80515],[139.19389,35.80583]]}},{"type":"Feature","properties":{"lineId":"jr-ome","sourceLineName":"青梅線","sourceOperator":"東日本旅客鉄道","source":"MLIT N02 2025"},"geometry":{"type":"LineString","coordinates":[[139.16468,35.81374],[139.16377,35.81379]]}},{"type":"Feature","properties":{"lineId":"jr-ome","sourceLineName":"青梅線","sourceOperator":"東日本旅客鉄道","source":"MLIT N02 2025"},"geometry":{"type":"LineString","coordinates":[[139.19389,35.80583],[139.19291,35.80607]]}},{"type":"Feature","properties":{"lineId":"jr-ome","sourceLineName":"青梅線","sourceOperator":"東日本旅客鉄道","source":"MLIT N02 2025"},"geometry":{"type":"LineString","coordinates":[[139.23687,35.78736],[139.23471,35.78641],[139.23263,35.7864],[139.22975,35.78833]]}},{"type":"Feature","properties":{"lineId":"jr-ome","sourceLineName":"青梅線","sourceOperator":"東日本旅客鉄道","source":"MLIT N02 2025"},"geometry":{"type":"LineString","coordinates":[[139.09674,35.80968],[139.09714,35.80915]]}},{"type":"Feature","properties":{"lineId":"jr-ome","sourceLineName":"青梅線","sourceOperator":"東日本旅客鉄道","source":"MLIT N02 2025"},"geometry":{"type":"LineString","coordinates":[[139.22932,35.78896],[139.22848,35.79233],[139.22537,35.79652]]}},{"type":"Feature","properties":{"lineId":"jr-ome","sourceLineName":"青梅線","sourceOperator":"東日本旅客鉄道","source":"MLIT N02 2025"},"geometry":{"type":"LineString","coordinates":[[139.09714,35.80915],[139.09874,35.80845],[139.1093,35.80831],[139.11222,35.80948],[139.11458,35.81147]]}},{"type":"Feature","properties":{"lineId":"jr-ome","sourceLineName":"青梅線","sourceOperator":"東日本旅客鉄道","source":"MLIT N02 2025"},"geometry":{"type":"LineString","coordinates":[[139.11458,35.81147],[139.11508,35.81197]]}},{"type":"Feature","properties":{"lineId":"jr-ome","sourceLineName":"青梅線","sourceOperator":"東日本旅客鉄道","source":"MLIT N02 2025"},"geometry":{"type":"LineString","coordinates":[[139.20798,35.80778],[139.20732,35.80738]]}},{"type":"Feature","properties":{"lineId":"jr-ome","sourceLineName":"青梅線","sourceOperator":"東日本旅客鉄道","source":"MLIT N02 2025"},"geometry":{"type":"LineString","coordinates":[[139.25741,35.79059],[139.2463,35.79176],[139.2434,35.79093],[139.23776,35.78782]]}},{"type":"Feature","properties":{"lineId":"jr-ome","sourceLineName":"青梅線","sourceOperator":"東日本旅客鉄道","source":"MLIT N02 2025"},"geometry":{"type":"LineString","coordinates":[[139.3285,35.74147],[139.33329,35.73502]]}},{"type":"Feature","properties":{"lineId":"jr-ome","sourceLineName":"青梅線","sourceOperator":"東日本旅客鉄道","source":"MLIT N02 2025"},"geometry":{"type":"LineString","coordinates":[[139.30263,35.77577],[139.30192,35.77634]]}},{"type":"Feature","properties":{"lineId":"jr-ome","sourceLineName":"青梅線","sourceOperator":"東日本旅客鉄道","source":"MLIT N02 2025"},"geometry":{"type":"LineString","coordinates":[[139.15172,35.81635],[139.15056,35.81629]]}},{"type":"Feature","properties":{"lineId":"jr-ome","sourceLineName":"青梅線","sourceOperator":"東日本旅客鉄道","source":"MLIT N02 2025"},"geometry":{"type":"LineString","coordinates":[[139.16377,35.81379],[139.16228,35.81313],[139.16104,35.81127],[139.1588,35.81069],[139.15609,35.8122],[139.15482,35.81574],[139.15172,35.81635]]}},{"type":"Feature","properties":{"lineId":"jr-ome","sourceLineName":"青梅線","sourceOperator":"東日本旅客鉄道","source":"MLIT N02 2025"},"geometry":{"type":"LineString","coordinates":[[139.27217,35.79012],[139.26954,35.79111],[139.26315,35.78983],[139.25884,35.7905]]}},{"type":"Feature","properties":{"lineId":"jr-ome","sourceLineName":"青梅線","sourceOperator":"東日本旅客鉄道","source":"MLIT N02 2025"},"geometry":{"type":"LineString","coordinates":[[139.31672,35.75734],[139.32699,35.7435]]}},{"type":"Feature","properties":{"lineId":"jr-ome","sourceLineName":"青梅線","sourceOperator":"東日本旅客鉄道","source":"MLIT N02 2025"},"geometry":{"type":"LineString","coordinates":[[139.28317,35.78516],[139.27344,35.78951]]}},{"type":"Feature","properties":{"lineId":"jr-ome","sourceLineName":"青梅線","sourceOperator":"東日本旅客鉄道","source":"MLIT N02 2025"},"geometry":{"type":"LineString","coordinates":[[139.12931,35.81528],[139.12857,35.81493]]}},{"type":"Feature","properties":{"lineId":"jr-ome","sourceLineName":"青梅線","sourceOperator":"東日本旅客鉄道","source":"MLIT N02 2025"},"geometry":{"type":"LineString","coordinates":[[139.34112,35.72421],[139.34285,35.72202]]}},{"type":"Feature","properties":{"lineId":"jr-ome","sourceLineName":"青梅線","sourceOperator":"東日本旅客鉄道","source":"MLIT N02 2025"},"geometry":{"type":"LineString","coordinates":[[139.34285,35.72202],[139.34409,35.72037]]}},{"type":"Feature","properties":{"lineId":"jr-saikyo","sourceLineName":"赤羽線","sourceOperator":"東日本旅客鉄道","source":"MLIT N02 2025"},"geometry":{"type":"LineString","coordinates":[[139.7197,35.7458],[139.72135,35.74831],[139.72221,35.75161],[139.72225,35.75961]]}},{"type":"Feature","properties":{"lineId":"jr-saikyo","sourceLineName":"赤羽線","sourceOperator":"東日本旅客鉄道","source":"MLIT N02 2025"},"geometry":{"type":"LineString","coordinates":[[139.72225,35.76117],[139.72205,35.77234],[139.7214,35.77687]]}},{"type":"Feature","properties":{"lineId":"jr-saikyo","sourceLineName":"赤羽線","sourceOperator":"東日本旅客鉄道","source":"MLIT N02 2025"},"geometry":{"type":"LineString","coordinates":[[139.7214,35.77687],[139.72024,35.77855]]}},{"type":"Feature","properties":{"lineId":"jr-saikyo","sourceLineName":"赤羽線","sourceOperator":"東日本旅客鉄道","source":"MLIT N02 2025"},"geometry":{"type":"LineString","coordinates":[[139.72225,35.75961],[139.72225,35.76117]]}},{"type":"Feature","properties":{"lineId":"jr-saikyo","sourceLineName":"赤羽線","sourceOperator":"東日本旅客鉄道","source":"MLIT N02 2025"},"geometry":{"type":"LineString","coordinates":[[139.71865,35.74418],[139.7197,35.7458]]}},{"type":"Feature","properties":{"lineId":"jr-saikyo","sourceLineName":"赤羽線","sourceOperator":"東日本旅客鉄道","source":"MLIT N02 2025"},"geometry":{"type":"LineString","coordinates":[[139.71071,35.72896],[139.71197,35.73144]]}},{"type":"Feature","properties":{"lineId":"jr-saikyo","sourceLineName":"赤羽線","sourceOperator":"東日本旅客鉄道","source":"MLIT N02 2025"},"geometry":{"type":"LineString","coordinates":[[139.71197,35.73144],[139.71865,35.74418]]}},{"type":"Feature","properties":{"lineId":"jr-saikyo","sourceLineName":"赤羽線","sourceOperator":"東日本旅客鉄道","source":"MLIT N02 2025"},"geometry":{"type":"LineString","coordinates":[[139.70915,35.72618],[139.71071,35.72896]]}},{"type":"Feature","properties":{"lineId":"jr-sobu","sourceLineName":"総武線","sourceOperator":"東日本旅客鉄道","source":"MLIT N02 2025"},"geometry":{"type":"LineString","coordinates":[[140.20076,35.68626],[140.19987,35.68519]]}},{"type":"Feature","properties":{"lineId":"jr-sobu","sourceLineName":"総武線","sourceOperator":"東日本旅客鉄道","source":"MLIT N02 2025"},"geometry":{"type":"LineString","coordinates":[[140.49187,35.66233],[140.48968,35.66124]]}},{"type":"Feature","properties":{"lineId":"jr-sobu","sourceLineName":"総武線","sourceOperator":"東日本旅客鉄道","source":"MLIT N02 2025"},"geometry":{"type":"LineString","coordinates":[[140.31649,35.66363],[140.29898,35.67242],[140.28868,35.68344]]}},{"type":"Feature","properties":{"lineId":"jr-sobu","sourceLineName":"総武線","sourceOperator":"東日本旅客鉄道","source":"MLIT N02 2025"},"geometry":{"type":"LineString","coordinates":[[140.55323,35.69974],[140.55156,35.69885]]}},{"type":"Feature","properties":{"lineId":"jr-sobu","sourceLineName":"総武線","sourceOperator":"東日本旅客鉄道","source":"MLIT N02 2025"},"geometry":{"type":"LineString","coordinates":[[140.55323,35.69974],[140.576,35.71153],[140.60239,35.71813]]}},{"type":"Feature","properties":{"lineId":"jr-sobu","sourceLineName":"総武線","sourceOperator":"東日本旅客鉄道","source":"MLIT N02 2025"},"geometry":{"type":"LineString","coordinates":[[140.28755,35.68471],[140.28868,35.68344]]}},{"type":"Feature","properties":{"lineId":"jr-sobu","sourceLineName":"総武線","sourceOperator":"東日本旅客鉄道","source":"MLIT N02 2025"},"geometry":{"type":"LineString","coordinates":[[140.65351,35.72168],[140.64801,35.7211],[140.61216,35.72043],[140.60423,35.71856]]}},{"type":"Feature","properties":{"lineId":"jr-sobu","sourceLineName":"総武線","sourceOperator":"東日本旅客鉄道","source":"MLIT N02 2025"},"geometry":{"type":"LineString","coordinates":[[140.52241,35.68561],[140.53203,35.69046],[140.54564,35.69581],[140.55156,35.69885]]}},{"type":"Feature","properties":{"lineId":"jr-sobu","sourceLineName":"総武線","sourceOperator":"東日本旅客鉄道","source":"MLIT N02 2025"},"geometry":{"type":"LineString","coordinates":[[140.52241,35.68561],[140.52042,35.68457]]}},{"type":"Feature","properties":{"lineId":"jr-sobu","sourceLineName":"総武線","sourceOperator":"東日本旅客鉄道","source":"MLIT N02 2025"},"geometry":{"type":"LineString","coordinates":[[140.25547,35.7073],[140.25889,35.70746],[140.26689,35.70454]]}},{"type":"Feature","properties":{"lineId":"jr-sobu","sourceLineName":"総武線","sourceOperator":"東日本旅客鉄道","source":"MLIT N02 2025"},"geometry":{"type":"LineString","coordinates":[[140.22802,35.7099],[140.23678,35.7108],[140.24848,35.70648],[140.25547,35.7073]]}},{"type":"Feature","properties":{"lineId":"jr-sobu","sourceLineName":"総武線","sourceOperator":"東日本旅客鉄道","source":"MLIT N02 2025"},"geometry":{"type":"LineString","coordinates":[[140.26689,35.70454],[140.26898,35.70406]]}},{"type":"Feature","properties":{"lineId":"jr-sobu","sourceLineName":"総武線","sourceOperator":"東日本旅客鉄道","source":"MLIT N02 2025"},"geometry":{"type":"LineString","coordinates":[[140.48968,35.66124],[140.47514,35.6539],[140.45887,35.63718]]}},{"type":"Feature","properties":{"lineId":"jr-sobu","sourceLineName":"総武線","sourceOperator":"東日本旅客鉄道","source":"MLIT N02 2025"},"geometry":{"type":"LineString","coordinates":[[140.26898,35.70406],[140.27174,35.70268],[140.28755,35.68471]]}},{"type":"Feature","properties":{"lineId":"jr-sobu","sourceLineName":"総武線","sourceOperator":"東日本旅客鉄道","source":"MLIT N02 2025"},"geometry":{"type":"LineString","coordinates":[[140.31834,35.66272],[140.31649,35.66363]]}},{"type":"Feature","properties":{"lineId":"jr-sobu","sourceLineName":"総武線","sourceOperator":"東日本旅客鉄道","source":"MLIT N02 2025"},"geometry":{"type":"LineString","coordinates":[[140.22555,35.70959],[140.22802,35.7099]]}},{"type":"Feature","properties":{"lineId":"jr-sobu","sourceLineName":"総武線","sourceOperator":"東日本旅客鉄道","source":"MLIT N02 2025"},"geometry":{"type":"LineString","coordinates":[[140.60239,35.71813],[140.60423,35.71856]]}},{"type":"Feature","properties":{"lineId":"jr-sobu","sourceLineName":"総武線","sourceOperator":"東日本旅客鉄道","source":"MLIT N02 2025"},"geometry":{"type":"LineString","coordinates":[[140.52042,35.68457],[140.51793,35.68312],[140.50223,35.6681],[140.49187,35.66233]]}},{"type":"Feature","properties":{"lineId":"jr-sobu","sourceLineName":"総武線","sourceOperator":"東日本旅客鉄道","source":"MLIT N02 2025"},"geometry":{"type":"LineString","coordinates":[[140.22555,35.70959],[140.2207,35.70895],[140.21821,35.70792],[140.20672,35.6975],[140.20506,35.69518],[140.20351,35.68967],[140.20076,35.68626]]}},{"type":"Feature","properties":{"lineId":"jr-sobu","sourceLineName":"総武線","sourceOperator":"東日本旅客鉄道","source":"MLIT N02 2025"},"geometry":{"type":"LineString","coordinates":[[140.1638,35.66235],[140.15951,35.66036],[140.15753,35.65832],[140.1537,35.64045],[140.15263,35.63876],[140.15046,35.63692]]}},{"type":"Feature","properties":{"lineId":"jr-sobu","sourceLineName":"総武線","sourceOperator":"東日本旅客鉄道","source":"MLIT N02 2025"},"geometry":{"type":"LineString","coordinates":[[140.03625,35.67785],[140.04342,35.67347],[140.05529,35.6617]]}},{"type":"Feature","properties":{"lineId":"jr-sobu","sourceLineName":"総武線","sourceOperator":"東日本旅客鉄道","source":"MLIT N02 2025"},"geometry":{"type":"LineString","coordinates":[[139.9581,35.70796],[139.96004,35.70682]]}},{"type":"Feature","properties":{"lineId":"jr-sobu","sourceLineName":"総武線","sourceOperator":"東日本旅客鉄道","source":"MLIT N02 2025"},"geometry":{"type":"LineString","coordinates":[[139.9602,35.707],[139.9581,35.70796]]}},{"type":"Feature","properties":{"lineId":"jr-sobu","sourceLineName":"総武線","sourceOperator":"東日本旅客鉄道","source":"MLIT N02 2025"},"geometry":{"type":"LineString","coordinates":[[140.09168,35.63856],[140.08375,35.64923],[140.08005,35.65094],[140.07449,35.65167]]}},{"type":"Feature","properties":{"lineId":"jr-sobu","sourceLineName":"総武線","sourceOperator":"東日本旅客鉄道","source":"MLIT N02 2025"},"geometry":{"type":"LineString","coordinates":[[140.04316,35.67199],[140.05529,35.6617]]}},{"type":"Feature","properties":{"lineId":"jr-sobu","sourceLineName":"総武線","sourceOperator":"東日本旅客鉄道","source":"MLIT N02 2025"},"geometry":{"type":"LineString","coordinates":[[140.07449,35.65167],[140.0722,35.65193]]}},{"type":"Feature","properties":{"lineId":"jr-sobu","sourceLineName":"総武線","sourceOperator":"東日本旅客鉄道","source":"MLIT N02 2025"},"geometry":{"type":"LineString","coordinates":[[140.0722,35.65193],[140.06862,35.65286],[140.06181,35.65641],[140.05849,35.65896]]}},{"type":"Feature","properties":{"lineId":"jr-sobu","sourceLineName":"総武線","sourceOperator":"東日本旅客鉄道","source":"MLIT N02 2025"},"geometry":{"type":"LineString","coordinates":[[140.01922,35.69222],[140.01139,35.69848],[140.00537,35.6997]]}},{"type":"Feature","properties":{"lineId":"jr-sobu","sourceLineName":"総武線","sourceOperator":"東日本旅客鉄道","source":"MLIT N02 2025"},"geometry":{"type":"LineString","coordinates":[[140.16599,35.66323],[140.17044,35.66501],[140.18234,35.67224],[140.18852,35.67828],[140.19589,35.68096],[140.19987,35.68519]]}},{"type":"Feature","properties":{"lineId":"jr-sobu","sourceLineName":"総武線","sourceOperator":"東日本旅客鉄道","source":"MLIT N02 2025"},"geometry":{"type":"LineString","coordinates":[[140.04099,35.67382],[140.03625,35.67785]]}},{"type":"Feature","properties":{"lineId":"jr-sobu","sourceLineName":"総武線","sourceOperator":"東日本旅客鉄道","source":"MLIT N02 2025"},"geometry":{"type":"LineString","coordinates":[[140.01922,35.69222],[140.02122,35.69052]]}},{"type":"Feature","properties":{"lineId":"jr-sobu","sourceLineName":"総武線","sourceOperator":"東日本旅客鉄道","source":"MLIT N02 2025"},"geometry":{"type":"LineString","coordinates":[[140.02122,35.69052],[140.03625,35.67785]]}},{"type":"Feature","properties":{"lineId":"jr-sobu","sourceLineName":"総武線","sourceOperator":"東日本旅客鉄道","source":"MLIT N02 2025"},"geometry":{"type":"LineString","coordinates":[[139.98306,35.70189],[139.97761,35.70237],[139.97376,35.70195],[139.96997,35.70268]]}},{"type":"Feature","properties":{"lineId":"jr-sobu","sourceLineName":"総武線","sourceOperator":"東日本旅客鉄道","source":"MLIT N02 2025"},"geometry":{"type":"LineString","coordinates":[[140.04316,35.67199],[140.04099,35.67382]]}},{"type":"Feature","properties":{"lineId":"jr-sobu","sourceLineName":"総武線","sourceOperator":"東日本旅客鉄道","source":"MLIT N02 2025"},"geometry":{"type":"LineString","coordinates":[[139.96547,35.70476],[139.96997,35.70268]]}},{"type":"Feature","properties":{"lineId":"jr-sobu","sourceLineName":"総武線","sourceOperator":"東日本旅客鉄道","source":"MLIT N02 2025"},"geometry":{"type":"LineString","coordinates":[[140.00277,35.69996],[139.98629,35.70158]]}},{"type":"Feature","properties":{"lineId":"jr-sobu","sourceLineName":"総武線","sourceOperator":"東日本旅客鉄道","source":"MLIT N02 2025"},"geometry":{"type":"LineString","coordinates":[[140.16599,35.66323],[140.1638,35.66235]]}},{"type":"Feature","properties":{"lineId":"jr-sobu","sourceLineName":"総武線","sourceOperator":"東日本旅客鉄道","source":"MLIT N02 2025"},"geometry":{"type":"LineString","coordinates":[[140.05715,35.66013],[140.05529,35.6617]]}},{"type":"Feature","properties":{"lineId":"jr-sobu","sourceLineName":"総武線","sourceOperator":"東日本旅客鉄道","source":"MLIT N02 2025"},"geometry":{"type":"LineString","coordinates":[[139.9581,35.70796],[139.95799,35.70801]]}},{"type":"Feature","properties":{"lineId":"jr-sobu","sourceLineName":"総武線","sourceOperator":"東日本旅客鉄道","source":"MLIT N02 2025"},"geometry":{"type":"LineString","coordinates":[[140.05849,35.65896],[140.05715,35.66013]]}},{"type":"Feature","properties":{"lineId":"jr-sobu","sourceLineName":"総武線","sourceOperator":"東日本旅客鉄道","source":"MLIT N02 2025"},"geometry":{"type":"LineString","coordinates":[[139.98629,35.70158],[139.98306,35.70189]]}},{"type":"Feature","properties":{"lineId":"jr-sobu","sourceLineName":"総武線","sourceOperator":"東日本旅客鉄道","source":"MLIT N02 2025"},"geometry":{"type":"LineString","coordinates":[[139.95799,35.70801],[139.96547,35.70476]]}},{"type":"Feature","properties":{"lineId":"jr-sobu","sourceLineName":"総武線","sourceOperator":"東日本旅客鉄道","source":"MLIT N02 2025"},"geometry":{"type":"LineString","coordinates":[[140.00277,35.69996],[140.00537,35.6997]]}},{"type":"Feature","properties":{"lineId":"jr-sobu","sourceLineName":"総武線","sourceOperator":"東日本旅客鉄道","source":"MLIT N02 2025"},"geometry":{"type":"LineString","coordinates":[[139.76591,35.68245],[139.76689,35.68307],[139.76864,35.68699],[139.7733,35.68873]]}},{"type":"Feature","properties":{"lineId":"jr-sobu","sourceLineName":"総武線","sourceOperator":"東日本旅客鉄道","source":"MLIT N02 2025"},"geometry":{"type":"LineString","coordinates":[[139.77449,35.6982],[139.77194,35.69844]]}},{"type":"Feature","properties":{"lineId":"jr-sobu","sourceLineName":"総武線","sourceOperator":"東日本旅客鉄道","source":"MLIT N02 2025"},"geometry":{"type":"LineString","coordinates":[[139.94395,35.71391],[139.95799,35.70801]]}},{"type":"Feature","properties":{"lineId":"jr-sobu","sourceLineName":"総武線","sourceOperator":"東日本旅客鉄道","source":"MLIT N02 2025"},"geometry":{"type":"LineString","coordinates":[[139.88259,35.73384],[139.88111,35.73282]]}},{"type":"Feature","properties":{"lineId":"jr-sobu","sourceLineName":"総武線","sourceOperator":"東日本旅客鉄道","source":"MLIT N02 2025"},"geometry":{"type":"LineString","coordinates":[[139.90948,35.72835],[139.90686,35.72939]]}},{"type":"Feature","properties":{"lineId":"jr-sobu","sourceLineName":"総武線","sourceOperator":"東日本旅客鉄道","source":"MLIT N02 2025"},"geometry":{"type":"LineString","coordinates":[[139.79449,35.69567],[139.79705,35.6958]]}},{"type":"Feature","properties":{"lineId":"jr-sobu","sourceLineName":"総武線","sourceOperator":"東日本旅客鉄道","source":"MLIT N02 2025"},"geometry":{"type":"LineString","coordinates":[[139.84158,35.70595],[139.84319,35.70695]]}},{"type":"Feature","properties":{"lineId":"jr-sobu","sourceLineName":"総武線","sourceOperator":"東日本旅客鉄道","source":"MLIT N02 2025"},"geometry":{"type":"LineString","coordinates":[[139.78329,35.69403],[139.78602,35.69571],[139.78963,35.69647],[139.79705,35.6958]]}},{"type":"Feature","properties":{"lineId":"jr-sobu","sourceLineName":"総武線","sourceOperator":"東日本旅客鉄道","source":"MLIT N02 2025"},"geometry":{"type":"LineString","coordinates":[[139.82534,35.69729],[139.82788,35.69739]]}},{"type":"Feature","properties":{"lineId":"jr-sobu","sourceLineName":"総武線","sourceOperator":"東日本旅客鉄道","source":"MLIT N02 2025"},"geometry":{"type":"LineString","coordinates":[[139.92828,35.72048],[139.92653,35.72122]]}},{"type":"Feature","properties":{"lineId":"jr-sobu","sourceLineName":"総武線","sourceOperator":"東日本旅客鉄道","source":"MLIT N02 2025"},"geometry":{"type":"LineString","coordinates":[[139.8157,35.69678],[139.82534,35.69729]]}},{"type":"Feature","properties":{"lineId":"jr-sobu","sourceLineName":"総武線","sourceOperator":"東日本旅客鉄道","source":"MLIT N02 2025"},"geometry":{"type":"LineString","coordinates":[[139.82788,35.69739],[139.83304,35.69792],[139.83569,35.69885],[139.83969,35.70438],[139.84158,35.70595]]}},{"type":"Feature","properties":{"lineId":"jr-sobu","sourceLineName":"総武線","sourceOperator":"東日本旅客鉄道","source":"MLIT N02 2025"},"geometry":{"type":"LineString","coordinates":[[139.79705,35.6958],[139.81294,35.69666]]}},{"type":"Feature","properties":{"lineId":"jr-sobu","sourceLineName":"総武線","sourceOperator":"東日本旅客鉄道","source":"MLIT N02 2025"},"geometry":{"type":"LineString","coordinates":[[139.81294,35.69666],[139.8157,35.69678]]}},{"type":"Feature","properties":{"lineId":"jr-sobu","sourceLineName":"総武線","sourceOperator":"東日本旅客鉄道","source":"MLIT N02 2025"},"geometry":{"type":"LineString","coordinates":[[139.94395,35.71391],[139.94219,35.71466]]}},{"type":"Feature","properties":{"lineId":"jr-sobu","sourceLineName":"総武線","sourceOperator":"東日本旅客鉄道","source":"MLIT N02 2025"},"geometry":{"type":"LineString","coordinates":[[139.76755,35.69883],[139.77194,35.69844]]}},{"type":"Feature","properties":{"lineId":"jr-sobu","sourceLineName":"総武線","sourceOperator":"東日本旅客鉄道","source":"MLIT N02 2025"},"geometry":{"type":"LineString","coordinates":[[139.78588,35.69728],[139.79221,35.69584]]}},{"type":"Feature","properties":{"lineId":"jr-sobu","sourceLineName":"総武線","sourceOperator":"東日本旅客鉄道","source":"MLIT N02 2025"},"geometry":{"type":"LineString","coordinates":[[139.7733,35.68873],[139.77529,35.68935]]}},{"type":"Feature","properties":{"lineId":"jr-sobu","sourceLineName":"総武線","sourceOperator":"東日本旅客鉄道","source":"MLIT N02 2025"},"geometry":{"type":"LineString","coordinates":[[139.84319,35.70695],[139.85625,35.71587]]}},{"type":"Feature","properties":{"lineId":"jr-sobu","sourceLineName":"総武線","sourceOperator":"東日本旅客鉄道","source":"MLIT N02 2025"},"geometry":{"type":"LineString","coordinates":[[139.85905,35.7177],[139.86198,35.71926],[139.88111,35.73282]]}},{"type":"Feature","properties":{"lineId":"jr-sobu","sourceLineName":"総武線","sourceOperator":"東日本旅客鉄道","source":"MLIT N02 2025"},"geometry":{"type":"LineString","coordinates":[[139.90686,35.72939],[139.89041,35.73594],[139.88623,35.73558],[139.88259,35.73384]]}},{"type":"Feature","properties":{"lineId":"jr-sobu","sourceLineName":"総武線","sourceOperator":"東日本旅客鉄道","source":"MLIT N02 2025"},"geometry":{"type":"LineString","coordinates":[[139.78158,35.69271],[139.78329,35.69403]]}},{"type":"Feature","properties":{"lineId":"jr-sobu","sourceLineName":"総武線","sourceOperator":"東日本旅客鉄道","source":"MLIT N02 2025"},"geometry":{"type":"LineString","coordinates":[[139.90948,35.72835],[139.92653,35.72122]]}},{"type":"Feature","properties":{"lineId":"jr-sobu","sourceLineName":"総武線","sourceOperator":"東日本旅客鉄道","source":"MLIT N02 2025"},"geometry":{"type":"LineString","coordinates":[[139.94219,35.71466],[139.92828,35.72048]]}},{"type":"Feature","properties":{"lineId":"jr-sobu","sourceLineName":"総武線","sourceOperator":"東日本旅客鉄道","source":"MLIT N02 2025"},"geometry":{"type":"LineString","coordinates":[[139.77529,35.68935],[139.78158,35.69271]]}},{"type":"Feature","properties":{"lineId":"jr-sobu","sourceLineName":"総武線","sourceOperator":"東日本旅客鉄道","source":"MLIT N02 2025"},"geometry":{"type":"LineString","coordinates":[[139.79221,35.69584],[139.79449,35.69567]]}},{"type":"Feature","properties":{"lineId":"jr-sobu","sourceLineName":"総武線","sourceOperator":"東日本旅客鉄道","source":"MLIT N02 2025"},"geometry":{"type":"LineString","coordinates":[[139.77449,35.6982],[139.7831,35.6975]]}},{"type":"Feature","properties":{"lineId":"jr-sobu","sourceLineName":"総武線","sourceOperator":"東日本旅客鉄道","source":"MLIT N02 2025"},"geometry":{"type":"LineString","coordinates":[[139.7831,35.6975],[139.78588,35.69728]]}},{"type":"Feature","properties":{"lineId":"jr-sobu","sourceLineName":"総武線","sourceOperator":"東日本旅客鉄道","source":"MLIT N02 2025"},"geometry":{"type":"LineString","coordinates":[[139.85625,35.71587],[139.85905,35.7177]]}},{"type":"Feature","properties":{"lineId":"jr-sobu","sourceLineName":"総武線","sourceOperator":"東日本旅客鉄道","source":"MLIT N02 2025"},"geometry":{"type":"LineString","coordinates":[[139.76755,35.69883],[139.76634,35.69926]]}},{"type":"Feature","properties":{"lineId":"jr-sobu","sourceLineName":"総武線","sourceOperator":"東日本旅客鉄道","source":"MLIT N02 2025"},"geometry":{"type":"LineString","coordinates":[[139.76372,35.69995],[139.76634,35.69926]]}},{"type":"Feature","properties":{"lineId":"jr-sobu","sourceLineName":"総武線","sourceOperator":"東日本旅客鉄道","source":"MLIT N02 2025"},"geometry":{"type":"LineString","coordinates":[[139.76491,35.68098],[139.76591,35.68245]]}},{"type":"Feature","properties":{"lineId":"jr-sobu","sourceLineName":"総武線","sourceOperator":"東日本旅客鉄道","source":"MLIT N02 2025"},"geometry":{"type":"LineString","coordinates":[[140.41218,35.60855],[140.40838,35.60852]]}},{"type":"Feature","properties":{"lineId":"jr-sobu","sourceLineName":"総武線","sourceOperator":"東日本旅客鉄道","source":"MLIT N02 2025"},"geometry":{"type":"LineString","coordinates":[[140.36174,35.62862],[140.35331,35.63465],[140.34961,35.64241],[140.3485,35.64367],[140.34293,35.64616],[140.33824,35.64901],[140.3346,35.65394],[140.33169,35.65491],[140.32421,35.65976],[140.31834,35.66272]]}},{"type":"Feature","properties":{"lineId":"jr-sobu","sourceLineName":"総武線","sourceOperator":"東日本旅客鉄道","source":"MLIT N02 2025"},"geometry":{"type":"LineString","coordinates":[[140.41378,35.60855],[140.42799,35.60881],[140.43434,35.61211],[140.45728,35.63553]]}},{"type":"Feature","properties":{"lineId":"jr-sobu","sourceLineName":"総武線","sourceOperator":"東日本旅客鉄道","source":"MLIT N02 2025"},"geometry":{"type":"LineString","coordinates":[[140.41218,35.60855],[140.41378,35.60855]]}},{"type":"Feature","properties":{"lineId":"jr-sobu","sourceLineName":"総武線","sourceOperator":"東日本旅客鉄道","source":"MLIT N02 2025"},"geometry":{"type":"LineString","coordinates":[[140.45887,35.63718],[140.45728,35.63553]]}},{"type":"Feature","properties":{"lineId":"jr-sobu","sourceLineName":"総武線","sourceOperator":"東日本旅客鉄道","source":"MLIT N02 2025"},"geometry":{"type":"LineString","coordinates":[[140.40838,35.60852],[140.40144,35.60849],[140.37965,35.61321],[140.37763,35.61475],[140.37005,35.62436],[140.36312,35.62797]]}},{"type":"Feature","properties":{"lineId":"jr-sobu","sourceLineName":"総武線","sourceOperator":"東日本旅客鉄道","source":"MLIT N02 2025"},"geometry":{"type":"LineString","coordinates":[[140.11218,35.61405],[140.11035,35.61508]]}},{"type":"Feature","properties":{"lineId":"jr-sobu","sourceLineName":"総武線","sourceOperator":"東日本旅客鉄道","source":"MLIT N02 2025"},"geometry":{"type":"LineString","coordinates":[[140.11492,35.61315],[140.11218,35.61405]]}},{"type":"Feature","properties":{"lineId":"jr-sobu","sourceLineName":"総武線","sourceOperator":"東日本旅客鉄道","source":"MLIT N02 2025"},"geometry":{"type":"LineString","coordinates":[[140.12154,35.61655],[140.11662,35.61342],[140.11492,35.61315]]}},{"type":"Feature","properties":{"lineId":"jr-sobu","sourceLineName":"総武線","sourceOperator":"東日本旅客鉄道","source":"MLIT N02 2025"},"geometry":{"type":"LineString","coordinates":[[140.1233,35.6177],[140.12154,35.61655]]}},{"type":"Feature","properties":{"lineId":"jr-sobu","sourceLineName":"総武線","sourceOperator":"東日本旅客鉄道","source":"MLIT N02 2025"},"geometry":{"type":"LineString","coordinates":[[140.14791,35.63512],[140.1233,35.6177]]}},{"type":"Feature","properties":{"lineId":"jr-sobu","sourceLineName":"総武線","sourceOperator":"東日本旅客鉄道","source":"MLIT N02 2025"},"geometry":{"type":"LineString","coordinates":[[140.36312,35.62797],[140.36174,35.62862]]}},{"type":"Feature","properties":{"lineId":"jr-sobu","sourceLineName":"総武線","sourceOperator":"東日本旅客鉄道","source":"MLIT N02 2025"},"geometry":{"type":"LineString","coordinates":[[140.15046,35.63692],[140.14791,35.63512]]}},{"type":"Feature","properties":{"lineId":"jr-sobu","sourceLineName":"総武線","sourceOperator":"東日本旅客鉄道","source":"MLIT N02 2025"},"geometry":{"type":"LineString","coordinates":[[140.09345,35.63606],[140.09168,35.63856]]}},{"type":"Feature","properties":{"lineId":"jr-sobu","sourceLineName":"総武線","sourceOperator":"東日本旅客鉄道","source":"MLIT N02 2025"},"geometry":{"type":"LineString","coordinates":[[140.10398,35.6219],[140.10267,35.62336]]}},{"type":"Feature","properties":{"lineId":"jr-sobu","sourceLineName":"総武線","sourceOperator":"東日本旅客鉄道","source":"MLIT N02 2025"},"geometry":{"type":"LineString","coordinates":[[140.11035,35.61508],[140.10398,35.6219]]}},{"type":"Feature","properties":{"lineId":"jr-sobu","sourceLineName":"総武線","sourceOperator":"東日本旅客鉄道","source":"MLIT N02 2025"},"geometry":{"type":"LineString","coordinates":[[140.10267,35.62336],[140.09345,35.63606]]}},{"type":"Feature","properties":{"lineId":"jr-sobu","sourceLineName":"総武線","sourceOperator":"東日本旅客鉄道","source":"MLIT N02 2025"},"geometry":{"type":"LineString","coordinates":[[139.9602,35.707],[139.9643,35.7051]]}},{"type":"Feature","properties":{"lineId":"jr-sobu","sourceLineName":"総武線","sourceOperator":"東日本旅客鉄道","source":"MLIT N02 2025"},"geometry":{"type":"LineString","coordinates":[[139.9643,35.7051],[139.96997,35.70268]]}},{"type":"Feature","properties":{"lineId":"jr-sobu","sourceLineName":"総武線","sourceOperator":"東日本旅客鉄道","source":"MLIT N02 2025"},"geometry":{"type":"LineString","coordinates":[[139.96004,35.70682],[139.9643,35.7051]]}},{"type":"Feature","properties":{"lineId":"jr-sobu","sourceLineName":"総武線","sourceOperator":"東日本旅客鉄道","source":"MLIT N02 2025"},"geometry":{"type":"LineString","coordinates":[[139.9643,35.7051],[139.96547,35.70476]]}},{"type":"Feature","properties":{"lineId":"jr-chuo","sourceLineName":"中央線","sourceOperator":"東日本旅客鉄道","source":"MLIT N02 2025"},"geometry":{"type":"LineString","coordinates":[[139.76372,35.69995],[139.76634,35.69926]]}},{"type":"Feature","properties":{"lineId":"jr-chuo","sourceLineName":"中央線","sourceOperator":"東日本旅客鉄道","source":"MLIT N02 2025"},"geometry":{"type":"LineString","coordinates":[[139.77159,35.69345],[139.7712,35.69624],[139.76755,35.69883]]}},{"type":"Feature","properties":{"lineId":"jr-chuo","sourceLineName":"中央線","sourceOperator":"東日本旅客鉄道","source":"MLIT N02 2025"},"geometry":{"type":"LineString","coordinates":[[139.76755,35.69883],[139.76634,35.69926]]}},{"type":"Feature","properties":{"lineId":"jr-chuo","sourceLineName":"中央線","sourceOperator":"東日本旅客鉄道","source":"MLIT N02 2025"},"geometry":{"type":"LineString","coordinates":[[139.77121,35.69258],[139.77159,35.69345]]}},{"type":"Feature","properties":{"lineId":"jr-chuo","sourceLineName":"中央線","sourceOperator":"東日本旅客鉄道","source":"MLIT N02 2025"},"geometry":{"type":"LineString","coordinates":[[139.77054,35.69096],[139.77121,35.69258]]}},{"type":"Feature","properties":{"lineId":"jr-chuo","sourceLineName":"中央線","sourceOperator":"東日本旅客鉄道","source":"MLIT N02 2025"},"geometry":{"type":"LineString","coordinates":[[139.66688,35.70579],[139.66433,35.70569]]}},{"type":"Feature","properties":{"lineId":"jr-chuo","sourceLineName":"中央線","sourceOperator":"東日本旅客鉄道","source":"MLIT N02 2025"},"geometry":{"type":"LineString","coordinates":[[139.66686,35.70598],[139.67323,35.70595]]}},{"type":"Feature","properties":{"lineId":"jr-chuo","sourceLineName":"中央線","sourceOperator":"東日本旅客鉄道","source":"MLIT N02 2025"},"geometry":{"type":"LineString","coordinates":[[139.66482,35.70551],[139.66015,35.70558]]}},{"type":"Feature","properties":{"lineId":"jr-chuo","sourceLineName":"中央線","sourceOperator":"東日本旅客鉄道","source":"MLIT N02 2025"},"geometry":{"type":"LineString","coordinates":[[139.68626,35.70628],[139.6839,35.70622]]}},{"type":"Feature","properties":{"lineId":"jr-chuo","sourceLineName":"中央線","sourceOperator":"東日本旅客鉄道","source":"MLIT N02 2025"},"geometry":{"type":"LineString","coordinates":[[139.65078,35.70536],[139.66015,35.70558]]}},{"type":"Feature","properties":{"lineId":"jr-chuo","sourceLineName":"中央線","sourceOperator":"東日本旅客鉄道","source":"MLIT N02 2025"},"geometry":{"type":"LineString","coordinates":[[139.66735,35.7056],[139.66482,35.70551]]}},{"type":"Feature","properties":{"lineId":"jr-chuo","sourceLineName":"中央線","sourceOperator":"東日本旅客鉄道","source":"MLIT N02 2025"},"geometry":{"type":"LineString","coordinates":[[139.66735,35.7056],[139.67323,35.70595]]}},{"type":"Feature","properties":{"lineId":"jr-chuo","sourceLineName":"中央線","sourceOperator":"東日本旅客鉄道","source":"MLIT N02 2025"},"geometry":{"type":"LineString","coordinates":[[139.6839,35.70622],[139.67323,35.70595]]}},{"type":"Feature","properties":{"lineId":"jr-chuo","sourceLineName":"中央線","sourceOperator":"東日本旅客鉄道","source":"MLIT N02 2025"},"geometry":{"type":"LineString","coordinates":[[139.61898,35.7044],[139.62151,35.70446]]}},{"type":"Feature","properties":{"lineId":"jr-chuo","sourceLineName":"中央線","sourceOperator":"東日本旅客鉄道","source":"MLIT N02 2025"},"geometry":{"type":"LineString","coordinates":[[139.66433,35.70569],[139.66015,35.70558]]}},{"type":"Feature","properties":{"lineId":"jr-chuo","sourceLineName":"中央線","sourceOperator":"東日本旅客鉄道","source":"MLIT N02 2025"},"geometry":{"type":"LineString","coordinates":[[139.66686,35.70598],[139.66431,35.70593]]}},{"type":"Feature","properties":{"lineId":"jr-chuo","sourceLineName":"中央線","sourceOperator":"東日本旅客鉄道","source":"MLIT N02 2025"},"geometry":{"type":"LineString","coordinates":[[139.63722,35.70491],[139.63449,35.70485]]}},{"type":"Feature","properties":{"lineId":"jr-chuo","sourceLineName":"中央線","sourceOperator":"東日本旅客鉄道","source":"MLIT N02 2025"},"geometry":{"type":"LineString","coordinates":[[139.65078,35.70536],[139.64862,35.70529]]}},{"type":"Feature","properties":{"lineId":"jr-chuo","sourceLineName":"中央線","sourceOperator":"東日本旅客鉄道","source":"MLIT N02 2025"},"geometry":{"type":"LineString","coordinates":[[139.62151,35.70446],[139.63449,35.70485]]}},{"type":"Feature","properties":{"lineId":"jr-chuo","sourceLineName":"中央線","sourceOperator":"東日本旅客鉄道","source":"MLIT N02 2025"},"geometry":{"type":"LineString","coordinates":[[139.66431,35.70593],[139.66015,35.70558]]}},{"type":"Feature","properties":{"lineId":"jr-chuo","sourceLineName":"中央線","sourceOperator":"東日本旅客鉄道","source":"MLIT N02 2025"},"geometry":{"type":"LineString","coordinates":[[139.64862,35.70529],[139.63722,35.70491]]}},{"type":"Feature","properties":{"lineId":"jr-chuo","sourceLineName":"中央線","sourceOperator":"東日本旅客鉄道","source":"MLIT N02 2025"},"geometry":{"type":"LineString","coordinates":[[139.73087,35.68661],[139.73021,35.68469]]}},{"type":"Feature","properties":{"lineId":"jr-chuo","sourceLineName":"中央線","sourceOperator":"東日本旅客鉄道","source":"MLIT N02 2025"},"geometry":{"type":"LineString","coordinates":[[139.73471,35.69079],[139.73179,35.6889],[139.73087,35.68661]]}},{"type":"Feature","properties":{"lineId":"jr-chuo","sourceLineName":"中央線","sourceOperator":"東日本旅客鉄道","source":"MLIT N02 2025"},"geometry":{"type":"LineString","coordinates":[[139.73593,35.69152],[139.73471,35.69079]]}},{"type":"Feature","properties":{"lineId":"jr-chuo","sourceLineName":"中央線","sourceOperator":"東日本旅客鉄道","source":"MLIT N02 2025"},"geometry":{"type":"LineString","coordinates":[[139.75255,35.70209],[139.75494,35.70191]]}},{"type":"Feature","properties":{"lineId":"jr-chuo","sourceLineName":"中央線","sourceOperator":"東日本旅客鉄道","source":"MLIT N02 2025"},"geometry":{"type":"LineString","coordinates":[[139.73021,35.68469],[139.72738,35.68189],[139.72241,35.67987]]}},{"type":"Feature","properties":{"lineId":"jr-chuo","sourceLineName":"中央線","sourceOperator":"東日本旅客鉄道","source":"MLIT N02 2025"},"geometry":{"type":"LineString","coordinates":[[139.74574,35.70219],[139.75255,35.70209]]}},{"type":"Feature","properties":{"lineId":"jr-chuo","sourceLineName":"中央線","sourceOperator":"東日本旅客鉄道","source":"MLIT N02 2025"},"geometry":{"type":"LineString","coordinates":[[139.72241,35.67987],[139.71979,35.68006]]}},{"type":"Feature","properties":{"lineId":"jr-chuo","sourceLineName":"中央線","sourceOperator":"東日本旅客鉄道","source":"MLIT N02 2025"},"geometry":{"type":"LineString","coordinates":[[139.75494,35.70191],[139.76104,35.70132],[139.76372,35.69995]]}},{"type":"Feature","properties":{"lineId":"jr-chuo","sourceLineName":"中央線","sourceOperator":"東日本旅客鉄道","source":"MLIT N02 2025"},"geometry":{"type":"LineString","coordinates":[[139.74574,35.70219],[139.74421,35.70091]]}},{"type":"Feature","properties":{"lineId":"jr-chuo","sourceLineName":"中央線","sourceOperator":"東日本旅客鉄道","source":"MLIT N02 2025"},"geometry":{"type":"LineString","coordinates":[[139.71979,35.68006],[139.71279,35.68101]]}},{"type":"Feature","properties":{"lineId":"jr-chuo","sourceLineName":"中央線","sourceOperator":"東日本旅客鉄道","source":"MLIT N02 2025"},"geometry":{"type":"LineString","coordinates":[[139.74303,35.6994],[139.73814,35.69309],[139.73593,35.69152]]}},{"type":"Feature","properties":{"lineId":"jr-chuo","sourceLineName":"中央線","sourceOperator":"東日本旅客鉄道","source":"MLIT N02 2025"},"geometry":{"type":"LineString","coordinates":[[139.70203,35.6845],[139.70239,35.68309]]}},{"type":"Feature","properties":{"lineId":"jr-chuo","sourceLineName":"中央線","sourceOperator":"東日本旅客鉄道","source":"MLIT N02 2025"},"geometry":{"type":"LineString","coordinates":[[139.70068,35.69107],[139.69976,35.69546],[139.69801,35.69978]]}},{"type":"Feature","properties":{"lineId":"jr-chuo","sourceLineName":"中央線","sourceOperator":"東日本旅客鉄道","source":"MLIT N02 2025"},"geometry":{"type":"LineString","coordinates":[[139.70055,35.68931],[139.70068,35.69107]]}},{"type":"Feature","properties":{"lineId":"jr-chuo","sourceLineName":"中央線","sourceOperator":"東日本旅客鉄道","source":"MLIT N02 2025"},"geometry":{"type":"LineString","coordinates":[[139.71279,35.68101],[139.71027,35.68138]]}},{"type":"Feature","properties":{"lineId":"jr-chuo","sourceLineName":"中央線","sourceOperator":"東日本旅客鉄道","source":"MLIT N02 2025"},"geometry":{"type":"LineString","coordinates":[[139.70275,35.68262],[139.70239,35.68309]]}},{"type":"Feature","properties":{"lineId":"jr-chuo","sourceLineName":"中央線","sourceOperator":"東日本旅客鉄道","source":"MLIT N02 2025"},"geometry":{"type":"LineString","coordinates":[[139.71027,35.68138],[139.70538,35.68138],[139.70275,35.68262]]}},{"type":"Feature","properties":{"lineId":"jr-chuo","sourceLineName":"中央線","sourceOperator":"東日本旅客鉄道","source":"MLIT N02 2025"},"geometry":{"type":"LineString","coordinates":[[139.70275,35.68262],[139.70055,35.68931]]}},{"type":"Feature","properties":{"lineId":"jr-chuo","sourceLineName":"中央線","sourceOperator":"東日本旅客鉄道","source":"MLIT N02 2025"},"geometry":{"type":"LineString","coordinates":[[139.69688,35.70149],[139.69272,35.70495],[139.68626,35.70628]]}},{"type":"Feature","properties":{"lineId":"jr-chuo","sourceLineName":"中央線","sourceOperator":"東日本旅客鉄道","source":"MLIT N02 2025"},"geometry":{"type":"LineString","coordinates":[[139.69801,35.69978],[139.69688,35.70149]]}},{"type":"Feature","properties":{"lineId":"jr-chuo","sourceLineName":"中央線","sourceOperator":"東日本旅客鉄道","source":"MLIT N02 2025"},"geometry":{"type":"LineString","coordinates":[[139.48235,35.70018],[139.47936,35.70011]]}},{"type":"Feature","properties":{"lineId":"jr-chuo","sourceLineName":"中央線","sourceOperator":"東日本旅客鉄道","source":"MLIT N02 2025"},"geometry":{"type":"LineString","coordinates":[[139.4671,35.69978],[139.46475,35.69968]]}},{"type":"Feature","properties":{"lineId":"jr-chuo","sourceLineName":"中央線","sourceOperator":"東日本旅客鉄道","source":"MLIT N02 2025"},"geometry":{"type":"LineString","coordinates":[[139.41516,35.69803],[139.41708,35.69808]]}},{"type":"Feature","properties":{"lineId":"jr-chuo","sourceLineName":"中央線","sourceOperator":"東日本旅客鉄道","source":"MLIT N02 2025"},"geometry":{"type":"LineString","coordinates":[[139.54228,35.70204],[139.54483,35.70214]]}},{"type":"Feature","properties":{"lineId":"jr-chuo","sourceLineName":"中央線","sourceOperator":"東日本旅客鉄道","source":"MLIT N02 2025"},"geometry":{"type":"LineString","coordinates":[[139.52247,35.70152],[139.52505,35.7016]]}},{"type":"Feature","properties":{"lineId":"jr-chuo","sourceLineName":"中央線","sourceOperator":"東日本旅客鉄道","source":"MLIT N02 2025"},"geometry":{"type":"LineString","coordinates":[[139.57861,35.70311],[139.58101,35.70317]]}},{"type":"Feature","properties":{"lineId":"jr-chuo","sourceLineName":"中央線","sourceOperator":"東日本旅客鉄道","source":"MLIT N02 2025"},"geometry":{"type":"LineString","coordinates":[[139.50481,35.70097],[139.50705,35.7011]]}},{"type":"Feature","properties":{"lineId":"jr-chuo","sourceLineName":"中央線","sourceOperator":"東日本旅客鉄道","source":"MLIT N02 2025"},"geometry":{"type":"LineString","coordinates":[[139.54483,35.70214],[139.55959,35.70268]]}},{"type":"Feature","properties":{"lineId":"jr-chuo","sourceLineName":"中央線","sourceOperator":"東日本旅客鉄道","source":"MLIT N02 2025"},"geometry":{"type":"LineString","coordinates":[[139.59833,35.70373],[139.60057,35.70384]]}},{"type":"Feature","properties":{"lineId":"jr-chuo","sourceLineName":"中央線","sourceOperator":"東日本旅客鉄道","source":"MLIT N02 2025"},"geometry":{"type":"LineString","coordinates":[[139.44773,35.69923],[139.4451,35.69916]]}},{"type":"Feature","properties":{"lineId":"jr-chuo","sourceLineName":"中央線","sourceOperator":"東日本旅客鉄道","source":"MLIT N02 2025"},"geometry":{"type":"LineString","coordinates":[[139.41708,35.69808],[139.4451,35.69916]]}},{"type":"Feature","properties":{"lineId":"jr-chuo","sourceLineName":"中央線","sourceOperator":"東日本旅客鉄道","source":"MLIT N02 2025"},"geometry":{"type":"LineString","coordinates":[[139.58101,35.70317],[139.59833,35.70373]]}},{"type":"Feature","properties":{"lineId":"jr-chuo","sourceLineName":"中央線","sourceOperator":"東日本旅客鉄道","source":"MLIT N02 2025"},"geometry":{"type":"LineString","coordinates":[[139.56169,35.70271],[139.57861,35.70311]]}},{"type":"Feature","properties":{"lineId":"jr-chuo","sourceLineName":"中央線","sourceOperator":"東日本旅客鉄道","source":"MLIT N02 2025"},"geometry":{"type":"LineString","coordinates":[[139.47936,35.70011],[139.4671,35.69978]]}},{"type":"Feature","properties":{"lineId":"jr-chuo","sourceLineName":"中央線","sourceOperator":"東日本旅客鉄道","source":"MLIT N02 2025"},"geometry":{"type":"LineString","coordinates":[[139.44773,35.69923],[139.46475,35.69968]]}},{"type":"Feature","properties":{"lineId":"jr-chuo","sourceLineName":"中央線","sourceOperator":"東日本旅客鉄道","source":"MLIT N02 2025"},"geometry":{"type":"LineString","coordinates":[[139.60057,35.70384],[139.61898,35.7044]]}},{"type":"Feature","properties":{"lineId":"jr-chuo","sourceLineName":"中央線","sourceOperator":"東日本旅客鉄道","source":"MLIT N02 2025"},"geometry":{"type":"LineString","coordinates":[[139.39383,35.67931],[139.40095,35.69273],[139.40294,35.69555],[139.40717,35.69781],[139.41237,35.69775]]}},{"type":"Feature","properties":{"lineId":"jr-chuo","sourceLineName":"中央線","sourceOperator":"東日本旅客鉄道","source":"MLIT N02 2025"},"geometry":{"type":"LineString","coordinates":[[139.50705,35.7011],[139.52247,35.70152]]}},{"type":"Feature","properties":{"lineId":"jr-chuo","sourceLineName":"中央線","sourceOperator":"東日本旅客鉄道","source":"MLIT N02 2025"},"geometry":{"type":"LineString","coordinates":[[139.48235,35.70018],[139.50481,35.70097]]}},{"type":"Feature","properties":{"lineId":"jr-chuo","sourceLineName":"中央線","sourceOperator":"東日本旅客鉄道","source":"MLIT N02 2025"},"geometry":{"type":"LineString","coordinates":[[139.41516,35.69778],[139.41237,35.69775]]}},{"type":"Feature","properties":{"lineId":"jr-chuo","sourceLineName":"中央線","sourceOperator":"東日本旅客鉄道","source":"MLIT N02 2025"},"geometry":{"type":"LineString","coordinates":[[139.52505,35.7016],[139.54228,35.70204]]}},{"type":"Feature","properties":{"lineId":"jr-chuo","sourceLineName":"中央線","sourceOperator":"東日本旅客鉄道","source":"MLIT N02 2025"},"geometry":{"type":"LineString","coordinates":[[139.41516,35.69803],[139.41238,35.69802]]}},{"type":"Feature","properties":{"lineId":"jr-chuo","sourceLineName":"中央線","sourceOperator":"東日本旅客鉄道","source":"MLIT N02 2025"},"geometry":{"type":"LineString","coordinates":[[139.55959,35.70268],[139.56169,35.70271]]}},{"type":"Feature","properties":{"lineId":"jr-chuo","sourceLineName":"中央線","sourceOperator":"東日本旅客鉄道","source":"MLIT N02 2025"},"geometry":{"type":"LineString","coordinates":[[139.41516,35.69778],[139.41708,35.69808]]}},{"type":"Feature","properties":{"lineId":"jr-chuo","sourceLineName":"中央線","sourceOperator":"東日本旅客鉄道","source":"MLIT N02 2025"},"geometry":{"type":"LineString","coordinates":[[139.39303,35.67778],[139.3892,35.66592],[139.38642,35.6627],[139.38242,35.66008]]}},{"type":"Feature","properties":{"lineId":"jr-chuo","sourceLineName":"中央線","sourceOperator":"東日本旅客鉄道","source":"MLIT N02 2025"},"geometry":{"type":"LineString","coordinates":[[139.38049,35.65882],[139.38242,35.66008]]}},{"type":"Feature","properties":{"lineId":"jr-chuo","sourceLineName":"中央線","sourceOperator":"東日本旅客鉄道","source":"MLIT N02 2025"},"geometry":{"type":"LineString","coordinates":[[139.39383,35.67931],[139.39303,35.67778]]}},{"type":"Feature","properties":{"lineId":"jr-chuo","sourceLineName":"中央線","sourceOperator":"東日本旅客鉄道","source":"MLIT N02 2025"},"geometry":{"type":"LineString","coordinates":[[139.33754,35.65574],[139.32887,35.657],[139.31918,35.65931],[139.31694,35.65892],[139.31299,35.65681]]}},{"type":"Feature","properties":{"lineId":"jr-chuo","sourceLineName":"中央線","sourceOperator":"東日本旅客鉄道","source":"MLIT N02 2025"},"geometry":{"type":"LineString","coordinates":[[139.31299,35.65681],[139.31102,35.65574]]}},{"type":"Feature","properties":{"lineId":"jr-chuo","sourceLineName":"中央線","sourceOperator":"東日本旅客鉄道","source":"MLIT N02 2025"},"geometry":{"type":"LineString","coordinates":[[139.3401,35.65527],[139.33754,35.65574]]}},{"type":"Feature","properties":{"lineId":"jr-chuo","sourceLineName":"中央線","sourceOperator":"東日本旅客鉄道","source":"MLIT N02 2025"},"geometry":{"type":"LineString","coordinates":[[139.34577,35.65428],[139.3401,35.65527]]}},{"type":"Feature","properties":{"lineId":"jr-chuo","sourceLineName":"中央線","sourceOperator":"東日本旅客鉄道","source":"MLIT N02 2025"},"geometry":{"type":"LineString","coordinates":[[138.88516,35.5944],[138.88231,35.59445]]}},{"type":"Feature","properties":{"lineId":"jr-chuo","sourceLineName":"中央線","sourceOperator":"東日本旅客鉄道","source":"MLIT N02 2025"},"geometry":{"type":"LineString","coordinates":[[139.03632,35.60711],[139.03485,35.608]]}},{"type":"Feature","properties":{"lineId":"jr-chuo","sourceLineName":"中央線","sourceOperator":"東日本旅客鉄道","source":"MLIT N02 2025"},"geometry":{"type":"LineString","coordinates":[[139.07238,35.61407],[139.07139,35.61403]]}},{"type":"Feature","properties":{"lineId":"jr-chuo","sourceLineName":"中央線","sourceOperator":"東日本旅客鉄道","source":"MLIT N02 2025"},"geometry":{"type":"LineString","coordinates":[[139.11428,35.6179],[139.10128,35.61844]]}},{"type":"Feature","properties":{"lineId":"jr-chuo","sourceLineName":"中央線","sourceOperator":"東日本旅客鉄道","source":"MLIT N02 2025"},"geometry":{"type":"LineString","coordinates":[[139.25207,35.64023],[139.25551,35.63969],[139.25807,35.63996]]}},{"type":"Feature","properties":{"lineId":"jr-chuo","sourceLineName":"中央線","sourceOperator":"東日本旅客鉄道","source":"MLIT N02 2025"},"geometry":{"type":"LineString","coordinates":[[138.96693,35.61237],[138.96416,35.6115],[138.96191,35.61155],[138.95782,35.61308],[138.9538,35.61322],[138.95099,35.61489],[138.94868,35.61542],[138.94406,35.61387]]}},{"type":"Feature","properties":{"lineId":"jr-chuo","sourceLineName":"中央線","sourceOperator":"東日本旅客鉄道","source":"MLIT N02 2025"},"geometry":{"type":"LineString","coordinates":[[139.12084,35.62018],[139.12369,35.61984],[139.12823,35.62064],[139.1353,35.6204],[139.13776,35.6198],[139.14111,35.61784]]}},{"type":"Feature","properties":{"lineId":"jr-chuo","sourceLineName":"中央線","sourceOperator":"東日本旅客鉄道","source":"MLIT N02 2025"},"geometry":{"type":"LineString","coordinates":[[139.00476,35.6081],[139.00221,35.60798]]}},{"type":"Feature","properties":{"lineId":"jr-chuo","sourceLineName":"中央線","sourceOperator":"東日本旅客鉄道","source":"MLIT N02 2025"},"geometry":{"type":"LineString","coordinates":[[139.08517,35.61251],[139.09405,35.61727],[139.09739,35.6183],[139.10128,35.61844]]}},{"type":"Feature","properties":{"lineId":"jr-chuo","sourceLineName":"中央線","sourceOperator":"東日本旅客鉄道","source":"MLIT N02 2025"},"geometry":{"type":"LineString","coordinates":[[139.00476,35.6081],[139.00875,35.60824],[139.01395,35.60735]]}},{"type":"Feature","properties":{"lineId":"jr-chuo","sourceLineName":"中央線","sourceOperator":"東日本旅客鉄道","source":"MLIT N02 2025"},"geometry":{"type":"LineString","coordinates":[[139.07494,35.6142],[139.08197,35.61238],[139.08517,35.61251]]}},{"type":"Feature","properties":{"lineId":"jr-chuo","sourceLineName":"中央線","sourceOperator":"東日本旅客鉄道","source":"MLIT N02 2025"},"geometry":{"type":"LineString","coordinates":[[139.14111,35.61784],[139.15063,35.61607]]}},{"type":"Feature","properties":{"lineId":"jr-chuo","sourceLineName":"中央線","sourceOperator":"東日本旅客鉄道","source":"MLIT N02 2025"},"geometry":{"type":"LineString","coordinates":[[139.03846,35.60528],[139.0413,35.60312],[139.04453,35.60292],[139.05068,35.60617],[139.05732,35.6073],[139.06444,35.61298],[139.07139,35.61403]]}},{"type":"Feature","properties":{"lineId":"jr-chuo","sourceLineName":"中央線","sourceOperator":"東日本旅客鉄道","source":"MLIT N02 2025"},"geometry":{"type":"LineString","coordinates":[[139.20444,35.63001],[139.20604,35.63152],[139.21428,35.63493],[139.22871,35.63901],[139.23365,35.63966],[139.23959,35.63912],[139.24475,35.64038],[139.25207,35.64023]]}},{"type":"Feature","properties":{"lineId":"jr-chuo","sourceLineName":"中央線","sourceOperator":"東日本旅客鉄道","source":"MLIT N02 2025"},"geometry":{"type":"LineString","coordinates":[[139.34577,35.65428],[139.34867,35.65349],[139.35498,35.65042],[139.3574,35.65007],[139.36259,35.65205],[139.36762,35.65194],[139.37009,35.65248],[139.38049,35.65882]]}},{"type":"Feature","properties":{"lineId":"jr-chuo","sourceLineName":"中央線","sourceOperator":"東日本旅客鉄道","source":"MLIT N02 2025"},"geometry":{"type":"LineString","coordinates":[[139.11653,35.61899],[139.11428,35.6179]]}},{"type":"Feature","properties":{"lineId":"jr-chuo","sourceLineName":"中央線","sourceOperator":"東日本旅客鉄道","source":"MLIT N02 2025"},"geometry":{"type":"LineString","coordinates":[[138.94406,35.61387],[138.94107,35.61264]]}},{"type":"Feature","properties":{"lineId":"jr-chuo","sourceLineName":"中央線","sourceOperator":"東日本旅客鉄道","source":"MLIT N02 2025"},"geometry":{"type":"LineString","coordinates":[[139.11653,35.61899],[139.12084,35.62018]]}},{"type":"Feature","properties":{"lineId":"jr-chuo","sourceLineName":"中央線","sourceOperator":"東日本旅客鉄道","source":"MLIT N02 2025"},"geometry":{"type":"LineString","coordinates":[[139.15063,35.61607],[139.15203,35.61592]]}},{"type":"Feature","properties":{"lineId":"jr-chuo","sourceLineName":"中央線","sourceOperator":"東日本旅客鉄道","source":"MLIT N02 2025"},"geometry":{"type":"LineString","coordinates":[[139.03846,35.60528],[139.04153,35.60324],[139.0447,35.60317],[139.05648,35.61062],[139.06562,35.61371],[139.07139,35.61403]]}},{"type":"Feature","properties":{"lineId":"jr-chuo","sourceLineName":"中央線","sourceOperator":"東日本旅客鉄道","source":"MLIT N02 2025"},"geometry":{"type":"LineString","coordinates":[[139.18962,35.61702],[139.19161,35.6171]]}},{"type":"Feature","properties":{"lineId":"jr-chuo","sourceLineName":"中央線","sourceOperator":"東日本旅客鉄道","source":"MLIT N02 2025"},"geometry":{"type":"LineString","coordinates":[[139.19863,35.62174],[139.20312,35.6262],[139.20444,35.63001]]}},{"type":"Feature","properties":{"lineId":"jr-chuo","sourceLineName":"中央線","sourceOperator":"東日本旅客鉄道","source":"MLIT N02 2025"},"geometry":{"type":"LineString","coordinates":[[139.07494,35.6142],[139.07238,35.61407]]}},{"type":"Feature","properties":{"lineId":"jr-chuo","sourceLineName":"中央線","sourceOperator":"東日本旅客鉄道","source":"MLIT N02 2025"},"geometry":{"type":"LineString","coordinates":[[139.31102,35.65574],[139.29315,35.64622],[139.28394,35.64283]]}},{"type":"Feature","properties":{"lineId":"jr-chuo","sourceLineName":"中央線","sourceOperator":"東日本旅客鉄道","source":"MLIT N02 2025"},"geometry":{"type":"LineString","coordinates":[[139.25207,35.64023],[139.25807,35.63996]]}},{"type":"Feature","properties":{"lineId":"jr-chuo","sourceLineName":"中央線","sourceOperator":"東日本旅客鉄道","source":"MLIT N02 2025"},"geometry":{"type":"LineString","coordinates":[[139.01395,35.60735],[139.01837,35.60643],[139.02379,35.60799],[139.03111,35.60921],[139.03485,35.608]]}},{"type":"Feature","properties":{"lineId":"jr-chuo","sourceLineName":"中央線","sourceOperator":"東日本旅客鉄道","source":"MLIT N02 2025"},"geometry":{"type":"LineString","coordinates":[[139.08517,35.61251],[139.09247,35.6168],[139.09586,35.61813],[139.10128,35.61844]]}},{"type":"Feature","properties":{"lineId":"jr-chuo","sourceLineName":"中央線","sourceOperator":"東日本旅客鉄道","source":"MLIT N02 2025"},"geometry":{"type":"LineString","coordinates":[[138.88231,35.59445],[138.87997,35.59509],[138.87318,35.59531],[138.86533,35.60054],[138.86122,35.60154],[138.8569,35.60427],[138.85401,35.60413],[138.84769,35.60179],[138.84334,35.60235],[138.84021,35.60492],[138.83885,35.60538],[138.83041,35.60543],[138.82687,35.60421]]}},{"type":"Feature","properties":{"lineId":"jr-chuo","sourceLineName":"中央線","sourceOperator":"東日本旅客鉄道","source":"MLIT N02 2025"},"geometry":{"type":"LineString","coordinates":[[138.94107,35.61264],[138.93749,35.61086],[138.9339,35.60632],[138.92581,35.60363],[138.9169,35.59894],[138.91148,35.5986],[138.90754,35.59995],[138.90023,35.60101],[138.89261,35.59844],[138.88761,35.59507],[138.88516,35.5944]]}},{"type":"Feature","properties":{"lineId":"jr-chuo","sourceLineName":"中央線","sourceOperator":"東日本旅客鉄道","source":"MLIT N02 2025"},"geometry":{"type":"LineString","coordinates":[[139.01395,35.60735],[139.01771,35.60464],[139.02327,35.60438],[139.027,35.60506],[139.0316,35.60806],[139.03485,35.608]]}},{"type":"Feature","properties":{"lineId":"jr-chuo","sourceLineName":"中央線","sourceOperator":"東日本旅客鉄道","source":"MLIT N02 2025"},"geometry":{"type":"LineString","coordinates":[[139.12084,35.62018],[139.12669,35.62094],[139.1353,35.62063],[139.13829,35.61978],[139.14111,35.61784]]}},{"type":"Feature","properties":{"lineId":"jr-chuo","sourceLineName":"中央線","sourceOperator":"東日本旅客鉄道","source":"MLIT N02 2025"},"geometry":{"type":"LineString","coordinates":[[139.28133,35.64192],[139.27687,35.64112],[139.26637,35.64201],[139.25807,35.63996]]}},{"type":"Feature","properties":{"lineId":"jr-chuo","sourceLineName":"中央線","sourceOperator":"東日本旅客鉄道","source":"MLIT N02 2025"},"geometry":{"type":"LineString","coordinates":[[138.96983,35.61341],[138.96693,35.61237]]}},{"type":"Feature","properties":{"lineId":"jr-chuo","sourceLineName":"中央線","sourceOperator":"東日本旅客鉄道","source":"MLIT N02 2025"},"geometry":{"type":"LineString","coordinates":[[139.15203,35.61592],[139.15813,35.61513]]}},{"type":"Feature","properties":{"lineId":"jr-chuo","sourceLineName":"中央線","sourceOperator":"東日本旅客鉄道","source":"MLIT N02 2025"},"geometry":{"type":"LineString","coordinates":[[139.19863,35.62174],[139.20444,35.63001]]}},{"type":"Feature","properties":{"lineId":"jr-chuo","sourceLineName":"中央線","sourceOperator":"東日本旅客鉄道","source":"MLIT N02 2025"},"geometry":{"type":"LineString","coordinates":[[139.28394,35.64283],[139.28133,35.64192]]}},{"type":"Feature","properties":{"lineId":"jr-chuo","sourceLineName":"中央線","sourceOperator":"東日本旅客鉄道","source":"MLIT N02 2025"},"geometry":{"type":"LineString","coordinates":[[139.00221,35.60798],[138.98611,35.60887],[138.97803,35.6131],[138.97233,35.61392],[138.96983,35.61341]]}},{"type":"Feature","properties":{"lineId":"jr-chuo","sourceLineName":"中央線","sourceOperator":"東日本旅客鉄道","source":"MLIT N02 2025"},"geometry":{"type":"LineString","coordinates":[[139.18743,35.61761],[139.17885,35.62078],[139.1732,35.62202],[139.17084,35.62127],[139.16353,35.61644]]}},{"type":"Feature","properties":{"lineId":"jr-chuo","sourceLineName":"中央線","sourceOperator":"東日本旅客鉄道","source":"MLIT N02 2025"},"geometry":{"type":"LineString","coordinates":[[139.18743,35.61761],[139.18962,35.61702]]}},{"type":"Feature","properties":{"lineId":"jr-chuo","sourceLineName":"中央線","sourceOperator":"東日本旅客鉄道","source":"MLIT N02 2025"},"geometry":{"type":"LineString","coordinates":[[139.03828,35.60542],[139.03632,35.60711]]}},{"type":"Feature","properties":{"lineId":"jr-chuo","sourceLineName":"中央線","sourceOperator":"東日本旅客鉄道","source":"MLIT N02 2025"},"geometry":{"type":"LineString","coordinates":[[139.03828,35.60542],[139.03846,35.60528]]}},{"type":"Feature","properties":{"lineId":"jr-chuo","sourceLineName":"中央線","sourceOperator":"東日本旅客鉄道","source":"MLIT N02 2025"},"geometry":{"type":"LineString","coordinates":[[139.15813,35.61513],[139.1613,35.61523],[139.16353,35.61644]]}},{"type":"Feature","properties":{"lineId":"jr-chuo","sourceLineName":"中央線","sourceOperator":"東日本旅客鉄道","source":"MLIT N02 2025"},"geometry":{"type":"LineString","coordinates":[[139.15813,35.61513],[139.16092,35.6154],[139.16353,35.61644]]}},{"type":"Feature","properties":{"lineId":"jr-chuo","sourceLineName":"中央線","sourceOperator":"東日本旅客鉄道","source":"MLIT N02 2025"},"geometry":{"type":"LineString","coordinates":[[139.19782,35.62093],[139.19863,35.62174]]}},{"type":"Feature","properties":{"lineId":"jr-chuo","sourceLineName":"中央線","sourceOperator":"東日本旅客鉄道","source":"MLIT N02 2025"},"geometry":{"type":"LineString","coordinates":[[139.19161,35.6171],[139.19538,35.61863],[139.19782,35.62093]]}},{"type":"Feature","properties":{"lineId":"jr-chuo","sourceLineName":"中央線","sourceOperator":"東日本旅客鉄道","source":"MLIT N02 2025"},"geometry":{"type":"LineString","coordinates":[[139.19161,35.6171],[139.19782,35.62093]]}},{"type":"Feature","properties":{"lineId":"jr-keihin-tohoku","sourceLineName":"東北線","sourceOperator":"東日本旅客鉄道","source":"MLIT N02 2025"},"geometry":{"type":"LineString","coordinates":[[139.70936,36.19556],[139.71007,36.19327]]}},{"type":"Feature","properties":{"lineId":"jr-saikyo","sourceLineName":"東北線","sourceOperator":"東日本旅客鉄道","source":"MLIT N02 2025"},"geometry":{"type":"LineString","coordinates":[[139.70936,36.19556],[139.71007,36.19327]]}},{"type":"Feature","properties":{"lineId":"jr-keihin-tohoku","sourceLineName":"東北線","sourceOperator":"東日本旅客鉄道","source":"MLIT N02 2025"},"geometry":{"type":"LineString","coordinates":[[139.67961,36.09068],[139.67875,36.09798]]}},{"type":"Feature","properties":{"lineId":"jr-saikyo","sourceLineName":"東北線","sourceOperator":"東日本旅客鉄道","source":"MLIT N02 2025"},"geometry":{"type":"LineString","coordinates":[[139.67961,36.09068],[139.67875,36.09798]]}},{"type":"Feature","properties":{"lineId":"jr-keihin-tohoku","sourceLineName":"東北線","sourceOperator":"東日本旅客鉄道","source":"MLIT N02 2025"},"geometry":{"type":"LineString","coordinates":[[139.67805,36.0671],[139.68014,36.07181],[139.67991,36.0802]]}},{"type":"Feature","properties":{"lineId":"jr-saikyo","sourceLineName":"東北線","sourceOperator":"東日本旅客鉄道","source":"MLIT N02 2025"},"geometry":{"type":"LineString","coordinates":[[139.67805,36.0671],[139.68014,36.07181],[139.67991,36.0802]]}},{"type":"Feature","properties":{"lineId":"jr-keihin-tohoku","sourceLineName":"東北線","sourceOperator":"東日本旅客鉄道","source":"MLIT N02 2025"},"geometry":{"type":"LineString","coordinates":[[139.67875,36.09798],[139.67843,36.10253],[139.67953,36.11135],[139.68607,36.11881],[139.69229,36.13023],[139.69376,36.13422]]}},{"type":"Feature","properties":{"lineId":"jr-saikyo","sourceLineName":"東北線","sourceOperator":"東日本旅客鉄道","source":"MLIT N02 2025"},"geometry":{"type":"LineString","coordinates":[[139.67875,36.09798],[139.67843,36.10253],[139.67953,36.11135],[139.68607,36.11881],[139.69229,36.13023],[139.69376,36.13422]]}},{"type":"Feature","properties":{"lineId":"jr-keihin-tohoku","sourceLineName":"東北線","sourceOperator":"東日本旅客鉄道","source":"MLIT N02 2025"},"geometry":{"type":"LineString","coordinates":[[139.6668,36.01633],[139.66696,36.01923]]}},{"type":"Feature","properties":{"lineId":"jr-saikyo","sourceLineName":"東北線","sourceOperator":"東日本旅客鉄道","source":"MLIT N02 2025"},"geometry":{"type":"LineString","coordinates":[[139.6668,36.01633],[139.66696,36.01923]]}},{"type":"Feature","properties":{"lineId":"jr-keihin-tohoku","sourceLineName":"東北線","sourceOperator":"東日本旅客鉄道","source":"MLIT N02 2025"},"geometry":{"type":"LineString","coordinates":[[139.6767,36.06452],[139.67805,36.0671]]}},{"type":"Feature","properties":{"lineId":"jr-saikyo","sourceLineName":"東北線","sourceOperator":"東日本旅客鉄道","source":"MLIT N02 2025"},"geometry":{"type":"LineString","coordinates":[[139.6767,36.06452],[139.67805,36.0671]]}},{"type":"Feature","properties":{"lineId":"jr-keihin-tohoku","sourceLineName":"東北線","sourceOperator":"東日本旅客鉄道","source":"MLIT N02 2025"},"geometry":{"type":"LineString","coordinates":[[139.67978,36.08859],[139.67991,36.0802]]}},{"type":"Feature","properties":{"lineId":"jr-saikyo","sourceLineName":"東北線","sourceOperator":"東日本旅客鉄道","source":"MLIT N02 2025"},"geometry":{"type":"LineString","coordinates":[[139.67978,36.08859],[139.67991,36.0802]]}},{"type":"Feature","properties":{"lineId":"jr-keihin-tohoku","sourceLineName":"東北線","sourceOperator":"東日本旅客鉄道","source":"MLIT N02 2025"},"geometry":{"type":"LineString","coordinates":[[139.67961,36.09068],[139.67978,36.08859]]}},{"type":"Feature","properties":{"lineId":"jr-saikyo","sourceLineName":"東北線","sourceOperator":"東日本旅客鉄道","source":"MLIT N02 2025"},"geometry":{"type":"LineString","coordinates":[[139.67961,36.09068],[139.67978,36.08859]]}},{"type":"Feature","properties":{"lineId":"jr-keihin-tohoku","sourceLineName":"東北線","sourceOperator":"東日本旅客鉄道","source":"MLIT N02 2025"},"geometry":{"type":"LineString","coordinates":[[139.73587,36.23108],[139.73372,36.22873]]}},{"type":"Feature","properties":{"lineId":"jr-saikyo","sourceLineName":"東北線","sourceOperator":"東日本旅客鉄道","source":"MLIT N02 2025"},"geometry":{"type":"LineString","coordinates":[[139.73587,36.23108],[139.73372,36.22873]]}},{"type":"Feature","properties":{"lineId":"jr-keihin-tohoku","sourceLineName":"東北線","sourceOperator":"東日本旅客鉄道","source":"MLIT N02 2025"},"geometry":{"type":"LineString","coordinates":[[139.67875,36.09798],[139.67991,36.0802]]}},{"type":"Feature","properties":{"lineId":"jr-saikyo","sourceLineName":"東北線","sourceOperator":"東日本旅客鉄道","source":"MLIT N02 2025"},"geometry":{"type":"LineString","coordinates":[[139.67875,36.09798],[139.67991,36.0802]]}},{"type":"Feature","properties":{"lineId":"jr-keihin-tohoku","sourceLineName":"東北線","sourceOperator":"東日本旅客鉄道","source":"MLIT N02 2025"},"geometry":{"type":"LineString","coordinates":[[139.71007,36.19327],[139.71753,36.16785],[139.71857,36.16161],[139.71717,36.15956],[139.70842,36.15207],[139.69645,36.14515],[139.69538,36.14329],[139.69431,36.13721]]}},{"type":"Feature","properties":{"lineId":"jr-saikyo","sourceLineName":"東北線","sourceOperator":"東日本旅客鉄道","source":"MLIT N02 2025"},"geometry":{"type":"LineString","coordinates":[[139.71007,36.19327],[139.71753,36.16785],[139.71857,36.16161],[139.71717,36.15956],[139.70842,36.15207],[139.69645,36.14515],[139.69538,36.14329],[139.69431,36.13721]]}},{"type":"Feature","properties":{"lineId":"jr-keihin-tohoku","sourceLineName":"東北線","sourceOperator":"東日本旅客鉄道","source":"MLIT N02 2025"},"geometry":{"type":"LineString","coordinates":[[139.6721,36.03967],[139.67551,36.06156],[139.6767,36.06452]]}},{"type":"Feature","properties":{"lineId":"jr-saikyo","sourceLineName":"東北線","sourceOperator":"東日本旅客鉄道","source":"MLIT N02 2025"},"geometry":{"type":"LineString","coordinates":[[139.6721,36.03967],[139.67551,36.06156],[139.6767,36.06452]]}},{"type":"Feature","properties":{"lineId":"jr-keihin-tohoku","sourceLineName":"東北線","sourceOperator":"東日本旅客鉄道","source":"MLIT N02 2025"},"geometry":{"type":"LineString","coordinates":[[139.70936,36.19556],[139.70838,36.19884],[139.70895,36.20147],[139.73372,36.22873]]}},{"type":"Feature","properties":{"lineId":"jr-saikyo","sourceLineName":"東北線","sourceOperator":"東日本旅客鉄道","source":"MLIT N02 2025"},"geometry":{"type":"LineString","coordinates":[[139.70936,36.19556],[139.70838,36.19884],[139.70895,36.20147],[139.73372,36.22873]]}},{"type":"Feature","properties":{"lineId":"jr-keihin-tohoku","sourceLineName":"東北線","sourceOperator":"東日本旅客鉄道","source":"MLIT N02 2025"},"geometry":{"type":"LineString","coordinates":[[139.76012,36.2567],[139.7491,36.24386],[139.73587,36.23108]]}},{"type":"Feature","properties":{"lineId":"jr-saikyo","sourceLineName":"東北線","sourceOperator":"東日本旅客鉄道","source":"MLIT N02 2025"},"geometry":{"type":"LineString","coordinates":[[139.76012,36.2567],[139.7491,36.24386],[139.73587,36.23108]]}},{"type":"Feature","properties":{"lineId":"jr-keihin-tohoku","sourceLineName":"東北線","sourceOperator":"東日本旅客鉄道","source":"MLIT N02 2025"},"geometry":{"type":"LineString","coordinates":[[139.67168,36.03683],[139.6721,36.03967]]}},{"type":"Feature","properties":{"lineId":"jr-saikyo","sourceLineName":"東北線","sourceOperator":"東日本旅客鉄道","source":"MLIT N02 2025"},"geometry":{"type":"LineString","coordinates":[[139.67168,36.03683],[139.6721,36.03967]]}},{"type":"Feature","properties":{"lineId":"jr-keihin-tohoku","sourceLineName":"東北線","sourceOperator":"東日本旅客鉄道","source":"MLIT N02 2025"},"geometry":{"type":"LineString","coordinates":[[139.66696,36.01923],[139.66753,36.02604],[139.67168,36.03683]]}},{"type":"Feature","properties":{"lineId":"jr-saikyo","sourceLineName":"東北線","sourceOperator":"東日本旅客鉄道","source":"MLIT N02 2025"},"geometry":{"type":"LineString","coordinates":[[139.66696,36.01923],[139.66753,36.02604],[139.67168,36.03683]]}},{"type":"Feature","properties":{"lineId":"jr-keihin-tohoku","sourceLineName":"東北線","sourceOperator":"東日本旅客鉄道","source":"MLIT N02 2025"},"geometry":{"type":"LineString","coordinates":[[139.69431,36.13721],[139.69376,36.13422]]}},{"type":"Feature","properties":{"lineId":"jr-saikyo","sourceLineName":"東北線","sourceOperator":"東日本旅客鉄道","source":"MLIT N02 2025"},"geometry":{"type":"LineString","coordinates":[[139.69431,36.13721],[139.69376,36.13422]]}},{"type":"Feature","properties":{"lineId":"jr-keihin-tohoku","sourceLineName":"東北線","sourceOperator":"東日本旅客鉄道","source":"MLIT N02 2025"},"geometry":{"type":"LineString","coordinates":[[139.63982,35.94696],[139.63285,35.93316]]}},{"type":"Feature","properties":{"lineId":"jr-saikyo","sourceLineName":"東北線","sourceOperator":"東日本旅客鉄道","source":"MLIT N02 2025"},"geometry":{"type":"LineString","coordinates":[[139.63982,35.94696],[139.63285,35.93316]]}},{"type":"Feature","properties":{"lineId":"jr-keihin-tohoku","sourceLineName":"東北線","sourceOperator":"東日本旅客鉄道","source":"MLIT N02 2025"},"geometry":{"type":"LineString","coordinates":[[139.63154,35.93067],[139.62253,35.91401],[139.62227,35.9117],[139.6236,35.90764]]}},{"type":"Feature","properties":{"lineId":"jr-saikyo","sourceLineName":"東北線","sourceOperator":"東日本旅客鉄道","source":"MLIT N02 2025"},"geometry":{"type":"LineString","coordinates":[[139.63154,35.93067],[139.62253,35.91401],[139.62227,35.9117],[139.6236,35.90764]]}},{"type":"Feature","properties":{"lineId":"jr-keihin-tohoku","sourceLineName":"東北線","sourceOperator":"東日本旅客鉄道","source":"MLIT N02 2025"},"geometry":{"type":"LineString","coordinates":[[139.63285,35.93316],[139.63154,35.93067]]}},{"type":"Feature","properties":{"lineId":"jr-saikyo","sourceLineName":"東北線","sourceOperator":"東日本旅客鉄道","source":"MLIT N02 2025"},"geometry":{"type":"LineString","coordinates":[[139.63285,35.93316],[139.63154,35.93067]]}},{"type":"Feature","properties":{"lineId":"jr-keihin-tohoku","sourceLineName":"東北線","sourceOperator":"東日本旅客鉄道","source":"MLIT N02 2025"},"geometry":{"type":"LineString","coordinates":[[139.6407,35.94976],[139.63982,35.94696]]}},{"type":"Feature","properties":{"lineId":"jr-saikyo","sourceLineName":"東北線","sourceOperator":"東日本旅客鉄道","source":"MLIT N02 2025"},"geometry":{"type":"LineString","coordinates":[[139.6407,35.94976],[139.63982,35.94696]]}},{"type":"Feature","properties":{"lineId":"jr-keihin-tohoku","sourceLineName":"東北線","sourceOperator":"東日本旅客鉄道","source":"MLIT N02 2025"},"geometry":{"type":"LineString","coordinates":[[139.65226,35.97992],[139.64245,35.96282],[139.6407,35.94976]]}},{"type":"Feature","properties":{"lineId":"jr-saikyo","sourceLineName":"東北線","sourceOperator":"東日本旅客鉄道","source":"MLIT N02 2025"},"geometry":{"type":"LineString","coordinates":[[139.65226,35.97992],[139.64245,35.96282],[139.6407,35.94976]]}},{"type":"Feature","properties":{"lineId":"jr-keihin-tohoku","sourceLineName":"東北線","sourceOperator":"東日本旅客鉄道","source":"MLIT N02 2025"},"geometry":{"type":"LineString","coordinates":[[139.65367,35.98241],[139.65226,35.97992]]}},{"type":"Feature","properties":{"lineId":"jr-saikyo","sourceLineName":"東北線","sourceOperator":"東日本旅客鉄道","source":"MLIT N02 2025"},"geometry":{"type":"LineString","coordinates":[[139.65367,35.98241],[139.65226,35.97992]]}},{"type":"Feature","properties":{"lineId":"jr-keihin-tohoku","sourceLineName":"東北線","sourceOperator":"東日本旅客鉄道","source":"MLIT N02 2025"},"geometry":{"type":"LineString","coordinates":[[139.65367,35.98241],[139.65549,35.98541],[139.65871,35.98815],[139.66008,35.99045],[139.66394,36.00084],[139.6668,36.01633]]}},{"type":"Feature","properties":{"lineId":"jr-saikyo","sourceLineName":"東北線","sourceOperator":"東日本旅客鉄道","source":"MLIT N02 2025"},"geometry":{"type":"LineString","coordinates":[[139.65367,35.98241],[139.65549,35.98541],[139.65871,35.98815],[139.66008,35.99045],[139.66394,36.00084],[139.6668,36.01633]]}},{"type":"Feature","properties":{"lineId":"jr-keihin-tohoku","sourceLineName":"東北線","sourceOperator":"東日本旅客鉄道","source":"MLIT N02 2025"},"geometry":{"type":"LineString","coordinates":[[139.77993,35.71981],[139.78022,35.71823]]}},{"type":"Feature","properties":{"lineId":"jr-saikyo","sourceLineName":"東北線","sourceOperator":"東日本旅客鉄道","source":"MLIT N02 2025"},"geometry":{"type":"LineString","coordinates":[[139.77993,35.71981],[139.78022,35.71823]]}},{"type":"Feature","properties":{"lineId":"jr-keihin-tohoku","sourceLineName":"東北線","sourceOperator":"東日本旅客鉄道","source":"MLIT N02 2025"},"geometry":{"type":"LineString","coordinates":[[139.77865,35.72085],[139.77958,35.71951],[139.77962,35.71797],[139.77664,35.71439]]}},{"type":"Feature","properties":{"lineId":"jr-saikyo","sourceLineName":"東北線","sourceOperator":"東日本旅客鉄道","source":"MLIT N02 2025"},"geometry":{"type":"LineString","coordinates":[[139.77865,35.72085],[139.77958,35.71951],[139.77962,35.71797],[139.77664,35.71439]]}},{"type":"Feature","properties":{"lineId":"jr-keihin-tohoku","sourceLineName":"東北線","sourceOperator":"東日本旅客鉄道","source":"MLIT N02 2025"},"geometry":{"type":"LineString","coordinates":[[139.76729,35.73127],[139.77015,35.72799]]}},{"type":"Feature","properties":{"lineId":"jr-saikyo","sourceLineName":"東北線","sourceOperator":"東日本旅客鉄道","source":"MLIT N02 2025"},"geometry":{"type":"LineString","coordinates":[[139.76729,35.73127],[139.77015,35.72799]]}},{"type":"Feature","properties":{"lineId":"jr-keihin-tohoku","sourceLineName":"東北線","sourceOperator":"東日本旅客鉄道","source":"MLIT N02 2025"},"geometry":{"type":"LineString","coordinates":[[139.77196,35.72734],[139.77993,35.71981]]}},{"type":"Feature","properties":{"lineId":"jr-saikyo","sourceLineName":"東北線","sourceOperator":"東日本旅客鉄道","source":"MLIT N02 2025"},"geometry":{"type":"LineString","coordinates":[[139.77196,35.72734],[139.77993,35.71981]]}},{"type":"Feature","properties":{"lineId":"jr-keihin-tohoku","sourceLineName":"東北線","sourceOperator":"東日本旅客鉄道","source":"MLIT N02 2025"},"geometry":{"type":"LineString","coordinates":[[139.77741,35.72206],[139.77865,35.72085]]}},{"type":"Feature","properties":{"lineId":"jr-saikyo","sourceLineName":"東北線","sourceOperator":"東日本旅客鉄道","source":"MLIT N02 2025"},"geometry":{"type":"LineString","coordinates":[[139.77741,35.72206],[139.77865,35.72085]]}},{"type":"Feature","properties":{"lineId":"jr-keihin-tohoku","sourceLineName":"東北線","sourceOperator":"東日本旅客鉄道","source":"MLIT N02 2025"},"geometry":{"type":"LineString","coordinates":[[139.76087,35.74278],[139.76401,35.7399],[139.7671,35.73268],[139.76879,35.73006],[139.77309,35.72595]]}},{"type":"Feature","properties":{"lineId":"jr-saikyo","sourceLineName":"東北線","sourceOperator":"東日本旅客鉄道","source":"MLIT N02 2025"},"geometry":{"type":"LineString","coordinates":[[139.76087,35.74278],[139.76401,35.7399],[139.7671,35.73268],[139.76879,35.73006],[139.77309,35.72595]]}},{"type":"Feature","properties":{"lineId":"jr-keihin-tohoku","sourceLineName":"東北線","sourceOperator":"東日本旅客鉄道","source":"MLIT N02 2025"},"geometry":{"type":"LineString","coordinates":[[139.77317,35.69935],[139.77457,35.70632]]}},{"type":"Feature","properties":{"lineId":"jr-saikyo","sourceLineName":"東北線","sourceOperator":"東日本旅客鉄道","source":"MLIT N02 2025"},"geometry":{"type":"LineString","coordinates":[[139.77317,35.69935],[139.77457,35.70632]]}},{"type":"Feature","properties":{"lineId":"jr-keihin-tohoku","sourceLineName":"東北線","sourceOperator":"東日本旅客鉄道","source":"MLIT N02 2025"},"geometry":{"type":"LineString","coordinates":[[139.7728,35.69635],[139.77313,35.69743]]}},{"type":"Feature","properties":{"lineId":"jr-saikyo","sourceLineName":"東北線","sourceOperator":"東日本旅客鉄道","source":"MLIT N02 2025"},"geometry":{"type":"LineString","coordinates":[[139.7728,35.69635],[139.77313,35.69743]]}},{"type":"Feature","properties":{"lineId":"jr-keihin-tohoku","sourceLineName":"東北線","sourceOperator":"東日本旅客鉄道","source":"MLIT N02 2025"},"geometry":{"type":"LineString","coordinates":[[139.77486,35.70807],[139.77507,35.71205]]}},{"type":"Feature","properties":{"lineId":"jr-saikyo","sourceLineName":"東北線","sourceOperator":"東日本旅客鉄道","source":"MLIT N02 2025"},"geometry":{"type":"LineString","coordinates":[[139.77486,35.70807],[139.77507,35.71205]]}},{"type":"Feature","properties":{"lineId":"jr-keihin-tohoku","sourceLineName":"東北線","sourceOperator":"東日本旅客鉄道","source":"MLIT N02 2025"},"geometry":{"type":"LineString","coordinates":[[139.76716,35.68228],[139.76764,35.68359]]}},{"type":"Feature","properties":{"lineId":"jr-saikyo","sourceLineName":"東北線","sourceOperator":"東日本旅客鉄道","source":"MLIT N02 2025"},"geometry":{"type":"LineString","coordinates":[[139.76716,35.68228],[139.76764,35.68359]]}},{"type":"Feature","properties":{"lineId":"jr-keihin-tohoku","sourceLineName":"東北線","sourceOperator":"東日本旅客鉄道","source":"MLIT N02 2025"},"geometry":{"type":"LineString","coordinates":[[139.77457,35.70632],[139.77486,35.70807]]}},{"type":"Feature","properties":{"lineId":"jr-saikyo","sourceLineName":"東北線","sourceOperator":"東日本旅客鉄道","source":"MLIT N02 2025"},"geometry":{"type":"LineString","coordinates":[[139.77457,35.70632],[139.77486,35.70807]]}},{"type":"Feature","properties":{"lineId":"jr-keihin-tohoku","sourceLineName":"東北線","sourceOperator":"東日本旅客鉄道","source":"MLIT N02 2025"},"geometry":{"type":"LineString","coordinates":[[139.7766,35.71262],[139.77842,35.71511]]}},{"type":"Feature","properties":{"lineId":"jr-saikyo","sourceLineName":"東北線","sourceOperator":"東日本旅客鉄道","source":"MLIT N02 2025"},"geometry":{"type":"LineString","coordinates":[[139.7766,35.71262],[139.77842,35.71511]]}},{"type":"Feature","properties":{"lineId":"jr-keihin-tohoku","sourceLineName":"東北線","sourceOperator":"東日本旅客鉄道","source":"MLIT N02 2025"},"geometry":{"type":"LineString","coordinates":[[139.77015,35.72799],[139.77188,35.72667]]}},{"type":"Feature","properties":{"lineId":"jr-saikyo","sourceLineName":"東北線","sourceOperator":"東日本旅客鉄道","source":"MLIT N02 2025"},"geometry":{"type":"LineString","coordinates":[[139.77015,35.72799],[139.77188,35.72667]]}},{"type":"Feature","properties":{"lineId":"jr-keihin-tohoku","sourceLineName":"東北線","sourceOperator":"東日本旅客鉄道","source":"MLIT N02 2025"},"geometry":{"type":"LineString","coordinates":[[139.77832,35.71559],[139.77606,35.7124],[139.77754,35.715]]}},{"type":"Feature","properties":{"lineId":"jr-saikyo","sourceLineName":"東北線","sourceOperator":"東日本旅客鉄道","source":"MLIT N02 2025"},"geometry":{"type":"LineString","coordinates":[[139.77832,35.71559],[139.77606,35.7124],[139.77754,35.715]]}},{"type":"Feature","properties":{"lineId":"jr-keihin-tohoku","sourceLineName":"東北線","sourceOperator":"東日本旅客鉄道","source":"MLIT N02 2025"},"geometry":{"type":"LineString","coordinates":[[139.77292,35.69772],[139.7728,35.69635]]}},{"type":"Feature","properties":{"lineId":"jr-saikyo","sourceLineName":"東北線","sourceOperator":"東日本旅客鉄道","source":"MLIT N02 2025"},"geometry":{"type":"LineString","coordinates":[[139.77292,35.69772],[139.7728,35.69635]]}},{"type":"Feature","properties":{"lineId":"jr-keihin-tohoku","sourceLineName":"東北線","sourceOperator":"東日本旅客鉄道","source":"MLIT N02 2025"},"geometry":{"type":"LineString","coordinates":[[139.77188,35.72667],[139.77309,35.72595]]}},{"type":"Feature","properties":{"lineId":"jr-saikyo","sourceLineName":"東北線","sourceOperator":"東日本旅客鉄道","source":"MLIT N02 2025"},"geometry":{"type":"LineString","coordinates":[[139.77188,35.72667],[139.77309,35.72595]]}},{"type":"Feature","properties":{"lineId":"jr-keihin-tohoku","sourceLineName":"東北線","sourceOperator":"東日本旅客鉄道","source":"MLIT N02 2025"},"geometry":{"type":"LineString","coordinates":[[139.77317,35.69935],[139.77292,35.69772]]}},{"type":"Feature","properties":{"lineId":"jr-saikyo","sourceLineName":"東北線","sourceOperator":"東日本旅客鉄道","source":"MLIT N02 2025"},"geometry":{"type":"LineString","coordinates":[[139.77317,35.69935],[139.77292,35.69772]]}},{"type":"Feature","properties":{"lineId":"jr-keihin-tohoku","sourceLineName":"東北線","sourceOperator":"東日本旅客鉄道","source":"MLIT N02 2025"},"geometry":{"type":"LineString","coordinates":[[139.77309,35.72595],[139.77741,35.72206]]}},{"type":"Feature","properties":{"lineId":"jr-saikyo","sourceLineName":"東北線","sourceOperator":"東日本旅客鉄道","source":"MLIT N02 2025"},"geometry":{"type":"LineString","coordinates":[[139.77309,35.72595],[139.77741,35.72206]]}},{"type":"Feature","properties":{"lineId":"jr-keihin-tohoku","sourceLineName":"東北線","sourceOperator":"東日本旅客鉄道","source":"MLIT N02 2025"},"geometry":{"type":"LineString","coordinates":[[139.77573,35.71239],[139.77664,35.71439]]}},{"type":"Feature","properties":{"lineId":"jr-saikyo","sourceLineName":"東北線","sourceOperator":"東日本旅客鉄道","source":"MLIT N02 2025"},"geometry":{"type":"LineString","coordinates":[[139.77573,35.71239],[139.77664,35.71439]]}},{"type":"Feature","properties":{"lineId":"jr-keihin-tohoku","sourceLineName":"東北線","sourceOperator":"東日本旅客鉄道","source":"MLIT N02 2025"},"geometry":{"type":"LineString","coordinates":[[139.77664,35.71439],[139.77507,35.71205]]}},{"type":"Feature","properties":{"lineId":"jr-saikyo","sourceLineName":"東北線","sourceOperator":"東日本旅客鉄道","source":"MLIT N02 2025"},"geometry":{"type":"LineString","coordinates":[[139.77664,35.71439],[139.77507,35.71205]]}},{"type":"Feature","properties":{"lineId":"jr-keihin-tohoku","sourceLineName":"東北線","sourceOperator":"東日本旅客鉄道","source":"MLIT N02 2025"},"geometry":{"type":"LineString","coordinates":[[139.76626,35.73289],[139.76729,35.73127]]}},{"type":"Feature","properties":{"lineId":"jr-saikyo","sourceLineName":"東北線","sourceOperator":"東日本旅客鉄道","source":"MLIT N02 2025"},"geometry":{"type":"LineString","coordinates":[[139.76626,35.73289],[139.76729,35.73127]]}},{"type":"Feature","properties":{"lineId":"jr-keihin-tohoku","sourceLineName":"東北線","sourceOperator":"東日本旅客鉄道","source":"MLIT N02 2025"},"geometry":{"type":"LineString","coordinates":[[139.77754,35.715],[139.77988,35.71807],[139.77993,35.71981]]}},{"type":"Feature","properties":{"lineId":"jr-saikyo","sourceLineName":"東北線","sourceOperator":"東日本旅客鉄道","source":"MLIT N02 2025"},"geometry":{"type":"LineString","coordinates":[[139.77754,35.715],[139.77988,35.71807],[139.77993,35.71981]]}},{"type":"Feature","properties":{"lineId":"jr-keihin-tohoku","sourceLineName":"東北線","sourceOperator":"東日本旅客鉄道","source":"MLIT N02 2025"},"geometry":{"type":"LineString","coordinates":[[139.76764,35.68359],[139.77054,35.69096]]}},{"type":"Feature","properties":{"lineId":"jr-saikyo","sourceLineName":"東北線","sourceOperator":"東日本旅客鉄道","source":"MLIT N02 2025"},"geometry":{"type":"LineString","coordinates":[[139.76764,35.68359],[139.77054,35.69096]]}},{"type":"Feature","properties":{"lineId":"jr-keihin-tohoku","sourceLineName":"東北線","sourceOperator":"東日本旅客鉄道","source":"MLIT N02 2025"},"geometry":{"type":"LineString","coordinates":[[139.77313,35.69743],[139.77335,35.69872]]}},{"type":"Feature","properties":{"lineId":"jr-saikyo","sourceLineName":"東北線","sourceOperator":"東日本旅客鉄道","source":"MLIT N02 2025"},"geometry":{"type":"LineString","coordinates":[[139.77313,35.69743],[139.77335,35.69872]]}},{"type":"Feature","properties":{"lineId":"jr-keihin-tohoku","sourceLineName":"東北線","sourceOperator":"東日本旅客鉄道","source":"MLIT N02 2025"},"geometry":{"type":"LineString","coordinates":[[139.77121,35.69258],[139.77159,35.69345]]}},{"type":"Feature","properties":{"lineId":"jr-saikyo","sourceLineName":"東北線","sourceOperator":"東日本旅客鉄道","source":"MLIT N02 2025"},"geometry":{"type":"LineString","coordinates":[[139.77121,35.69258],[139.77159,35.69345]]}},{"type":"Feature","properties":{"lineId":"jr-keihin-tohoku","sourceLineName":"東北線","sourceOperator":"東日本旅客鉄道","source":"MLIT N02 2025"},"geometry":{"type":"LineString","coordinates":[[139.77159,35.69345],[139.7728,35.69635]]}},{"type":"Feature","properties":{"lineId":"jr-saikyo","sourceLineName":"東北線","sourceOperator":"東日本旅客鉄道","source":"MLIT N02 2025"},"geometry":{"type":"LineString","coordinates":[[139.77159,35.69345],[139.7728,35.69635]]}},{"type":"Feature","properties":{"lineId":"jr-keihin-tohoku","sourceLineName":"東北線","sourceOperator":"東日本旅客鉄道","source":"MLIT N02 2025"},"geometry":{"type":"LineString","coordinates":[[139.77573,35.71239],[139.775,35.71091],[139.77517,35.70827],[139.77335,35.69872]]}},{"type":"Feature","properties":{"lineId":"jr-saikyo","sourceLineName":"東北線","sourceOperator":"東日本旅客鉄道","source":"MLIT N02 2025"},"geometry":{"type":"LineString","coordinates":[[139.77573,35.71239],[139.775,35.71091],[139.77517,35.70827],[139.77335,35.69872]]}},{"type":"Feature","properties":{"lineId":"jr-keihin-tohoku","sourceLineName":"東北線","sourceOperator":"東日本旅客鉄道","source":"MLIT N02 2025"},"geometry":{"type":"LineString","coordinates":[[139.77842,35.71511],[139.78022,35.71823]]}},{"type":"Feature","properties":{"lineId":"jr-saikyo","sourceLineName":"東北線","sourceOperator":"東日本旅客鉄道","source":"MLIT N02 2025"},"geometry":{"type":"LineString","coordinates":[[139.77842,35.71511],[139.78022,35.71823]]}},{"type":"Feature","properties":{"lineId":"jr-keihin-tohoku","sourceLineName":"東北線","sourceOperator":"東日本旅客鉄道","source":"MLIT N02 2025"},"geometry":{"type":"LineString","coordinates":[[139.76764,35.68359],[139.76778,35.68294]]}},{"type":"Feature","properties":{"lineId":"jr-saikyo","sourceLineName":"東北線","sourceOperator":"東日本旅客鉄道","source":"MLIT N02 2025"},"geometry":{"type":"LineString","coordinates":[[139.76764,35.68359],[139.76778,35.68294]]}},{"type":"Feature","properties":{"lineId":"jr-keihin-tohoku","sourceLineName":"東北線","sourceOperator":"東日本旅客鉄道","source":"MLIT N02 2025"},"geometry":{"type":"LineString","coordinates":[[139.77832,35.71559],[139.78022,35.71823]]}},{"type":"Feature","properties":{"lineId":"jr-saikyo","sourceLineName":"東北線","sourceOperator":"東日本旅客鉄道","source":"MLIT N02 2025"},"geometry":{"type":"LineString","coordinates":[[139.77832,35.71559],[139.78022,35.71823]]}},{"type":"Feature","properties":{"lineId":"jr-keihin-tohoku","sourceLineName":"東北線","sourceOperator":"東日本旅客鉄道","source":"MLIT N02 2025"},"geometry":{"type":"LineString","coordinates":[[139.77054,35.69096],[139.77121,35.69258]]}},{"type":"Feature","properties":{"lineId":"jr-saikyo","sourceLineName":"東北線","sourceOperator":"東日本旅客鉄道","source":"MLIT N02 2025"},"geometry":{"type":"LineString","coordinates":[[139.77054,35.69096],[139.77121,35.69258]]}},{"type":"Feature","properties":{"lineId":"jr-keihin-tohoku","sourceLineName":"東北線","sourceOperator":"東日本旅客鉄道","source":"MLIT N02 2025"},"geometry":{"type":"LineString","coordinates":[[139.76778,35.68294],[139.7678,35.68112],[139.76708,35.67945]]}},{"type":"Feature","properties":{"lineId":"jr-saikyo","sourceLineName":"東北線","sourceOperator":"東日本旅客鉄道","source":"MLIT N02 2025"},"geometry":{"type":"LineString","coordinates":[[139.76778,35.68294],[139.7678,35.68112],[139.76708,35.67945]]}},{"type":"Feature","properties":{"lineId":"jr-keihin-tohoku","sourceLineName":"東北線","sourceOperator":"東日本旅客鉄道","source":"MLIT N02 2025"},"geometry":{"type":"LineString","coordinates":[[139.76716,35.68228],[139.76621,35.67965]]}},{"type":"Feature","properties":{"lineId":"jr-saikyo","sourceLineName":"東北線","sourceOperator":"東日本旅客鉄道","source":"MLIT N02 2025"},"geometry":{"type":"LineString","coordinates":[[139.76716,35.68228],[139.76621,35.67965]]}},{"type":"Feature","properties":{"lineId":"jr-keihin-tohoku","sourceLineName":"東北線","sourceOperator":"東日本旅客鉄道","source":"MLIT N02 2025"},"geometry":{"type":"LineString","coordinates":[[139.76663,35.67955],[139.76778,35.68294]]}},{"type":"Feature","properties":{"lineId":"jr-saikyo","sourceLineName":"東北線","sourceOperator":"東日本旅客鉄道","source":"MLIT N02 2025"},"geometry":{"type":"LineString","coordinates":[[139.76663,35.67955],[139.76778,35.68294]]}},{"type":"Feature","properties":{"lineId":"jr-keihin-tohoku","sourceLineName":"東北線","sourceOperator":"東日本旅客鉄道","source":"MLIT N02 2025"},"geometry":{"type":"LineString","coordinates":[[139.77196,35.72734],[139.77069,35.7284]]}},{"type":"Feature","properties":{"lineId":"jr-saikyo","sourceLineName":"東北線","sourceOperator":"東日本旅客鉄道","source":"MLIT N02 2025"},"geometry":{"type":"LineString","coordinates":[[139.77196,35.72734],[139.77069,35.7284]]}},{"type":"Feature","properties":{"lineId":"jr-keihin-tohoku","sourceLineName":"東北線","sourceOperator":"東日本旅客鉄道","source":"MLIT N02 2025"},"geometry":{"type":"LineString","coordinates":[[139.62491,35.90505],[139.62383,35.90782]]}},{"type":"Feature","properties":{"lineId":"jr-saikyo","sourceLineName":"東北線","sourceOperator":"東日本旅客鉄道","source":"MLIT N02 2025"},"geometry":{"type":"LineString","coordinates":[[139.62491,35.90505],[139.62383,35.90782]]}},{"type":"Feature","properties":{"lineId":"jr-keihin-tohoku","sourceLineName":"東北線","sourceOperator":"東日本旅客鉄道","source":"MLIT N02 2025"},"geometry":{"type":"LineString","coordinates":[[139.62381,35.90445],[139.62776,35.89896],[139.62927,35.89533],[139.62947,35.89309],[139.629,35.89148]]}},{"type":"Feature","properties":{"lineId":"jr-saikyo","sourceLineName":"東北線","sourceOperator":"東日本旅客鉄道","source":"MLIT N02 2025"},"geometry":{"type":"LineString","coordinates":[[139.62381,35.90445],[139.62776,35.89896],[139.62927,35.89533],[139.62947,35.89309],[139.629,35.89148]]}},{"type":"Feature","properties":{"lineId":"jr-keihin-tohoku","sourceLineName":"東北線","sourceOperator":"東日本旅客鉄道","source":"MLIT N02 2025"},"geometry":{"type":"LineString","coordinates":[[139.62235,35.90806],[139.62381,35.90445]]}},{"type":"Feature","properties":{"lineId":"jr-saikyo","sourceLineName":"東北線","sourceOperator":"東日本旅客鉄道","source":"MLIT N02 2025"},"geometry":{"type":"LineString","coordinates":[[139.62235,35.90806],[139.62381,35.90445]]}},{"type":"Feature","properties":{"lineId":"jr-keihin-tohoku","sourceLineName":"東北線","sourceOperator":"東日本旅客鉄道","source":"MLIT N02 2025"},"geometry":{"type":"LineString","coordinates":[[139.7214,35.77687],[139.72024,35.77855]]}},{"type":"Feature","properties":{"lineId":"jr-saikyo","sourceLineName":"東北線","sourceOperator":"東日本旅客鉄道","source":"MLIT N02 2025"},"geometry":{"type":"LineString","coordinates":[[139.7214,35.77687],[139.72024,35.77855]]}},{"type":"Feature","properties":{"lineId":"jr-keihin-tohoku","sourceLineName":"東北線","sourceOperator":"東日本旅客鉄道","source":"MLIT N02 2025"},"geometry":{"type":"LineString","coordinates":[[139.70492,35.78758],[139.70029,35.79012],[139.69251,35.79103]]}},{"type":"Feature","properties":{"lineId":"jr-saikyo","sourceLineName":"東北線","sourceOperator":"東日本旅客鉄道","source":"MLIT N02 2025"},"geometry":{"type":"LineString","coordinates":[[139.70492,35.78758],[139.70029,35.79012],[139.69251,35.79103]]}},{"type":"Feature","properties":{"lineId":"jr-keihin-tohoku","sourceLineName":"東北線","sourceOperator":"東日本旅客鉄道","source":"MLIT N02 2025"},"geometry":{"type":"LineString","coordinates":[[139.73891,35.75163],[139.74196,35.74906],[139.74475,35.74773]]}},{"type":"Feature","properties":{"lineId":"jr-saikyo","sourceLineName":"東北線","sourceOperator":"東日本旅客鉄道","source":"MLIT N02 2025"},"geometry":{"type":"LineString","coordinates":[[139.73891,35.75163],[139.74196,35.74906],[139.74475,35.74773]]}},{"type":"Feature","properties":{"lineId":"jr-keihin-tohoku","sourceLineName":"東北線","sourceOperator":"東日本旅客鉄道","source":"MLIT N02 2025"},"geometry":{"type":"LineString","coordinates":[[139.68967,35.82865],[139.68335,35.8349]]}},{"type":"Feature","properties":{"lineId":"jr-saikyo","sourceLineName":"東北線","sourceOperator":"東日本旅客鉄道","source":"MLIT N02 2025"},"geometry":{"type":"LineString","coordinates":[[139.68967,35.82865],[139.68335,35.8349]]}},{"type":"Feature","properties":{"lineId":"jr-keihin-tohoku","sourceLineName":"東北線","sourceOperator":"東日本旅客鉄道","source":"MLIT N02 2025"},"geometry":{"type":"LineString","coordinates":[[139.65763,35.85777],[139.65666,35.85936]]}},{"type":"Feature","properties":{"lineId":"jr-saikyo","sourceLineName":"東北線","sourceOperator":"東日本旅客鉄道","source":"MLIT N02 2025"},"geometry":{"type":"LineString","coordinates":[[139.65763,35.85777],[139.65666,35.85936]]}},{"type":"Feature","properties":{"lineId":"jr-keihin-tohoku","sourceLineName":"東北線","sourceOperator":"東日本旅客鉄道","source":"MLIT N02 2025"},"geometry":{"type":"LineString","coordinates":[[139.6676,35.84922],[139.66963,35.84745]]}},{"type":"Feature","properties":{"lineId":"jr-saikyo","sourceLineName":"東北線","sourceOperator":"東日本旅客鉄道","source":"MLIT N02 2025"},"geometry":{"type":"LineString","coordinates":[[139.6676,35.84922],[139.66963,35.84745]]}},{"type":"Feature","properties":{"lineId":"jr-keihin-tohoku","sourceLineName":"東北線","sourceOperator":"東日本旅客鉄道","source":"MLIT N02 2025"},"geometry":{"type":"LineString","coordinates":[[139.72024,35.77855],[139.71835,35.78162]]}},{"type":"Feature","properties":{"lineId":"jr-saikyo","sourceLineName":"東北線","sourceOperator":"東日本旅客鉄道","source":"MLIT N02 2025"},"geometry":{"type":"LineString","coordinates":[[139.72024,35.77855],[139.71835,35.78162]]}},{"type":"Feature","properties":{"lineId":"jr-keihin-tohoku","sourceLineName":"東北線","sourceOperator":"東日本旅客鉄道","source":"MLIT N02 2025"},"geometry":{"type":"LineString","coordinates":[[139.66231,35.82621],[139.66058,35.8273]]}},{"type":"Feature","properties":{"lineId":"jr-saikyo","sourceLineName":"東北線","sourceOperator":"東日本旅客鉄道","source":"MLIT N02 2025"},"geometry":{"type":"LineString","coordinates":[[139.66231,35.82621],[139.66058,35.8273]]}},{"type":"Feature","properties":{"lineId":"jr-keihin-tohoku","sourceLineName":"東北線","sourceOperator":"東日本旅客鉄道","source":"MLIT N02 2025"},"geometry":{"type":"LineString","coordinates":[[139.70667,35.78648],[139.71534,35.78409],[139.71835,35.78162]]}},{"type":"Feature","properties":{"lineId":"jr-saikyo","sourceLineName":"東北線","sourceOperator":"東日本旅客鉄道","source":"MLIT N02 2025"},"geometry":{"type":"LineString","coordinates":[[139.70667,35.78648],[139.71534,35.78409],[139.71835,35.78162]]}},{"type":"Feature","properties":{"lineId":"jr-keihin-tohoku","sourceLineName":"東北線","sourceOperator":"東日本旅客鉄道","source":"MLIT N02 2025"},"geometry":{"type":"LineString","coordinates":[[139.629,35.89148],[139.62797,35.88991]]}},{"type":"Feature","properties":{"lineId":"jr-saikyo","sourceLineName":"東北線","sourceOperator":"東日本旅客鉄道","source":"MLIT N02 2025"},"geometry":{"type":"LineString","coordinates":[[139.629,35.89148],[139.62797,35.88991]]}},{"type":"Feature","properties":{"lineId":"jr-keihin-tohoku","sourceLineName":"東北線","sourceOperator":"東日本旅客鉄道","source":"MLIT N02 2025"},"geometry":{"type":"LineString","coordinates":[[139.62568,35.88177],[139.62633,35.88008]]}},{"type":"Feature","properties":{"lineId":"jr-saikyo","sourceLineName":"東北線","sourceOperator":"東日本旅客鉄道","source":"MLIT N02 2025"},"geometry":{"type":"LineString","coordinates":[[139.62568,35.88177],[139.62633,35.88008]]}},{"type":"Feature","properties":{"lineId":"jr-keihin-tohoku","sourceLineName":"東北線","sourceOperator":"東日本旅客鉄道","source":"MLIT N02 2025"},"geometry":{"type":"LineString","coordinates":[[139.63472,35.89241],[139.63308,35.89478]]}},{"type":"Feature","properties":{"lineId":"jr-saikyo","sourceLineName":"東北線","sourceOperator":"東日本旅客鉄道","source":"MLIT N02 2025"},"geometry":{"type":"LineString","coordinates":[[139.63472,35.89241],[139.63308,35.89478]]}},{"type":"Feature","properties":{"lineId":"jr-keihin-tohoku","sourceLineName":"東北線","sourceOperator":"東日本旅客鉄道","source":"MLIT N02 2025"},"geometry":{"type":"LineString","coordinates":[[139.72748,35.76284],[139.73325,35.75844]]}},{"type":"Feature","properties":{"lineId":"jr-saikyo","sourceLineName":"東北線","sourceOperator":"東日本旅客鉄道","source":"MLIT N02 2025"},"geometry":{"type":"LineString","coordinates":[[139.72748,35.76284],[139.73325,35.75844]]}},{"type":"Feature","properties":{"lineId":"jr-keihin-tohoku","sourceLineName":"東北線","sourceOperator":"東日本旅客鉄道","source":"MLIT N02 2025"},"geometry":{"type":"LineString","coordinates":[[139.67912,35.80712],[139.68436,35.80254],[139.68732,35.79424],[139.69031,35.79165]]}},{"type":"Feature","properties":{"lineId":"jr-saikyo","sourceLineName":"東北線","sourceOperator":"東日本旅客鉄道","source":"MLIT N02 2025"},"geometry":{"type":"LineString","coordinates":[[139.67912,35.80712],[139.68436,35.80254],[139.68732,35.79424],[139.69031,35.79165]]}},{"type":"Feature","properties":{"lineId":"jr-keihin-tohoku","sourceLineName":"東北線","sourceOperator":"東日本旅客鉄道","source":"MLIT N02 2025"},"geometry":{"type":"LineString","coordinates":[[139.64744,35.84466],[139.65299,35.83457],[139.65711,35.82958],[139.66058,35.8273]]}},{"type":"Feature","properties":{"lineId":"jr-saikyo","sourceLineName":"東北線","sourceOperator":"東日本旅客鉄道","source":"MLIT N02 2025"},"geometry":{"type":"LineString","coordinates":[[139.64744,35.84466],[139.65299,35.83457],[139.65711,35.82958],[139.66058,35.8273]]}},{"type":"Feature","properties":{"lineId":"jr-keihin-tohoku","sourceLineName":"東北線","sourceOperator":"東日本旅客鉄道","source":"MLIT N02 2025"},"geometry":{"type":"LineString","coordinates":[[139.75145,35.74781],[139.75265,35.74732]]}},{"type":"Feature","properties":{"lineId":"jr-saikyo","sourceLineName":"東北線","sourceOperator":"東日本旅客鉄道","source":"MLIT N02 2025"},"geometry":{"type":"LineString","coordinates":[[139.75145,35.74781],[139.75265,35.74732]]}},{"type":"Feature","properties":{"lineId":"jr-keihin-tohoku","sourceLineName":"東北線","sourceOperator":"東日本旅客鉄道","source":"MLIT N02 2025"},"geometry":{"type":"LineString","coordinates":[[139.62633,35.88008],[139.63074,35.86819]]}},{"type":"Feature","properties":{"lineId":"jr-saikyo","sourceLineName":"東北線","sourceOperator":"東日本旅客鉄道","source":"MLIT N02 2025"},"geometry":{"type":"LineString","coordinates":[[139.62633,35.88008],[139.63074,35.86819]]}},{"type":"Feature","properties":{"lineId":"jr-keihin-tohoku","sourceLineName":"東北線","sourceOperator":"東日本旅客鉄道","source":"MLIT N02 2025"},"geometry":{"type":"LineString","coordinates":[[139.67758,35.80841],[139.67256,35.81279],[139.67009,35.8168]]}},{"type":"Feature","properties":{"lineId":"jr-saikyo","sourceLineName":"東北線","sourceOperator":"東日本旅客鉄道","source":"MLIT N02 2025"},"geometry":{"type":"LineString","coordinates":[[139.67758,35.80841],[139.67256,35.81279],[139.67009,35.8168]]}},{"type":"Feature","properties":{"lineId":"jr-keihin-tohoku","sourceLineName":"東北線","sourceOperator":"東日本旅客鉄道","source":"MLIT N02 2025"},"geometry":{"type":"LineString","coordinates":[[139.73325,35.75844],[139.73751,35.75302]]}},{"type":"Feature","properties":{"lineId":"jr-saikyo","sourceLineName":"東北線","sourceOperator":"東日本旅客鉄道","source":"MLIT N02 2025"},"geometry":{"type":"LineString","coordinates":[[139.73325,35.75844],[139.73751,35.75302]]}},{"type":"Feature","properties":{"lineId":"jr-keihin-tohoku","sourceLineName":"東北線","sourceOperator":"東日本旅客鉄道","source":"MLIT N02 2025"},"geometry":{"type":"LineString","coordinates":[[139.63864,35.88514],[139.63472,35.89241]]}},{"type":"Feature","properties":{"lineId":"jr-saikyo","sourceLineName":"東北線","sourceOperator":"東日本旅客鉄道","source":"MLIT N02 2025"},"geometry":{"type":"LineString","coordinates":[[139.63864,35.88514],[139.63472,35.89241]]}},{"type":"Feature","properties":{"lineId":"jr-keihin-tohoku","sourceLineName":"東北線","sourceOperator":"東日本旅客鉄道","source":"MLIT N02 2025"},"geometry":{"type":"LineString","coordinates":[[139.63137,35.86652],[139.63479,35.85753],[139.63671,35.85455]]}},{"type":"Feature","properties":{"lineId":"jr-saikyo","sourceLineName":"東北線","sourceOperator":"東日本旅客鉄道","source":"MLIT N02 2025"},"geometry":{"type":"LineString","coordinates":[[139.63137,35.86652],[139.63479,35.85753],[139.63671,35.85455]]}},{"type":"Feature","properties":{"lineId":"jr-keihin-tohoku","sourceLineName":"東北線","sourceOperator":"東日本旅客鉄道","source":"MLIT N02 2025"},"geometry":{"type":"LineString","coordinates":[[139.62491,35.90505],[139.62668,35.90163]]}},{"type":"Feature","properties":{"lineId":"jr-saikyo","sourceLineName":"東北線","sourceOperator":"東日本旅客鉄道","source":"MLIT N02 2025"},"geometry":{"type":"LineString","coordinates":[[139.62491,35.90505],[139.62668,35.90163]]}},{"type":"Feature","properties":{"lineId":"jr-keihin-tohoku","sourceLineName":"東北線","sourceOperator":"東日本旅客鉄道","source":"MLIT N02 2025"},"geometry":{"type":"LineString","coordinates":[[139.63308,35.89478],[139.62668,35.90163]]}},{"type":"Feature","properties":{"lineId":"jr-saikyo","sourceLineName":"東北線","sourceOperator":"東日本旅客鉄道","source":"MLIT N02 2025"},"geometry":{"type":"LineString","coordinates":[[139.63308,35.89478],[139.62668,35.90163]]}},{"type":"Feature","properties":{"lineId":"jr-keihin-tohoku","sourceLineName":"東北線","sourceOperator":"東日本旅客鉄道","source":"MLIT N02 2025"},"geometry":{"type":"LineString","coordinates":[[139.63934,35.88361],[139.63864,35.88514]]}},{"type":"Feature","properties":{"lineId":"jr-saikyo","sourceLineName":"東北線","sourceOperator":"東日本旅客鉄道","source":"MLIT N02 2025"},"geometry":{"type":"LineString","coordinates":[[139.63934,35.88361],[139.63864,35.88514]]}},{"type":"Feature","properties":{"lineId":"jr-keihin-tohoku","sourceLineName":"東北線","sourceOperator":"東日本旅客鉄道","source":"MLIT N02 2025"},"geometry":{"type":"LineString","coordinates":[[139.63808,35.8531],[139.64624,35.84614]]}},{"type":"Feature","properties":{"lineId":"jr-saikyo","sourceLineName":"東北線","sourceOperator":"東日本旅客鉄道","source":"MLIT N02 2025"},"geometry":{"type":"LineString","coordinates":[[139.63808,35.8531],[139.64624,35.84614]]}},{"type":"Feature","properties":{"lineId":"jr-keihin-tohoku","sourceLineName":"東北線","sourceOperator":"東日本旅客鉄道","source":"MLIT N02 2025"},"geometry":{"type":"LineString","coordinates":[[139.66635,35.85033],[139.67923,35.83781],[139.68335,35.8349]]}},{"type":"Feature","properties":{"lineId":"jr-saikyo","sourceLineName":"東北線","sourceOperator":"東日本旅客鉄道","source":"MLIT N02 2025"},"geometry":{"type":"LineString","coordinates":[[139.66635,35.85033],[139.67923,35.83781],[139.68335,35.8349]]}},{"type":"Feature","properties":{"lineId":"jr-keihin-tohoku","sourceLineName":"東北線","sourceOperator":"東日本旅客鉄道","source":"MLIT N02 2025"},"geometry":{"type":"LineString","coordinates":[[139.70375,35.81613],[139.69911,35.82071],[139.69116,35.82721]]}},{"type":"Feature","properties":{"lineId":"jr-saikyo","sourceLineName":"東北線","sourceOperator":"東日本旅客鉄道","source":"MLIT N02 2025"},"geometry":{"type":"LineString","coordinates":[[139.70375,35.81613],[139.69911,35.82071],[139.69116,35.82721]]}},{"type":"Feature","properties":{"lineId":"jr-keihin-tohoku","sourceLineName":"東北線","sourceOperator":"東日本旅客鉄道","source":"MLIT N02 2025"},"geometry":{"type":"LineString","coordinates":[[139.72603,35.76487],[139.72239,35.7715],[139.72187,35.7765]]}},{"type":"Feature","properties":{"lineId":"jr-saikyo","sourceLineName":"東北線","sourceOperator":"東日本旅客鉄道","source":"MLIT N02 2025"},"geometry":{"type":"LineString","coordinates":[[139.72603,35.76487],[139.72239,35.7715],[139.72187,35.7765]]}},{"type":"Feature","properties":{"lineId":"jr-keihin-tohoku","sourceLineName":"東北線","sourceOperator":"東日本旅客鉄道","source":"MLIT N02 2025"},"geometry":{"type":"LineString","coordinates":[[139.75145,35.74781],[139.75599,35.7442],[139.76087,35.74278]]}},{"type":"Feature","properties":{"lineId":"jr-saikyo","sourceLineName":"東北線","sourceOperator":"東日本旅客鉄道","source":"MLIT N02 2025"},"geometry":{"type":"LineString","coordinates":[[139.75145,35.74781],[139.75599,35.7442],[139.76087,35.74278]]}},{"type":"Feature","properties":{"lineId":"jr-keihin-tohoku","sourceLineName":"東北線","sourceOperator":"東日本旅客鉄道","source":"MLIT N02 2025"},"geometry":{"type":"LineString","coordinates":[[139.70497,35.8149],[139.70375,35.81613]]}},{"type":"Feature","properties":{"lineId":"jr-saikyo","sourceLineName":"東北線","sourceOperator":"東日本旅客鉄道","source":"MLIT N02 2025"},"geometry":{"type":"LineString","coordinates":[[139.70497,35.8149],[139.70375,35.81613]]}},{"type":"Feature","properties":{"lineId":"jr-keihin-tohoku","sourceLineName":"東北線","sourceOperator":"東日本旅客鉄道","source":"MLIT N02 2025"},"geometry":{"type":"LineString","coordinates":[[139.64652,35.8715],[139.64498,35.8729]]}},{"type":"Feature","properties":{"lineId":"jr-saikyo","sourceLineName":"東北線","sourceOperator":"東日本旅客鉄道","source":"MLIT N02 2025"},"geometry":{"type":"LineString","coordinates":[[139.64652,35.8715],[139.64498,35.8729]]}},{"type":"Feature","properties":{"lineId":"jr-keihin-tohoku","sourceLineName":"東北線","sourceOperator":"東日本旅客鉄道","source":"MLIT N02 2025"},"geometry":{"type":"LineString","coordinates":[[139.75265,35.74732],[139.75509,35.74627]]}},{"type":"Feature","properties":{"lineId":"jr-saikyo","sourceLineName":"東北線","sourceOperator":"東日本旅客鉄道","source":"MLIT N02 2025"},"geometry":{"type":"LineString","coordinates":[[139.75265,35.74732],[139.75509,35.74627]]}},{"type":"Feature","properties":{"lineId":"jr-keihin-tohoku","sourceLineName":"東北線","sourceOperator":"東日本旅客鉄道","source":"MLIT N02 2025"},"geometry":{"type":"LineString","coordinates":[[139.64624,35.84614],[139.64744,35.84466]]}},{"type":"Feature","properties":{"lineId":"jr-saikyo","sourceLineName":"東北線","sourceOperator":"東日本旅客鉄道","source":"MLIT N02 2025"},"geometry":{"type":"LineString","coordinates":[[139.64624,35.84614],[139.64744,35.84466]]}},{"type":"Feature","properties":{"lineId":"jr-keihin-tohoku","sourceLineName":"東北線","sourceOperator":"東日本旅客鉄道","source":"MLIT N02 2025"},"geometry":{"type":"LineString","coordinates":[[139.72748,35.76284],[139.72603,35.76487]]}},{"type":"Feature","properties":{"lineId":"jr-saikyo","sourceLineName":"東北線","sourceOperator":"東日本旅客鉄道","source":"MLIT N02 2025"},"geometry":{"type":"LineString","coordinates":[[139.72748,35.76284],[139.72603,35.76487]]}},{"type":"Feature","properties":{"lineId":"jr-keihin-tohoku","sourceLineName":"東北線","sourceOperator":"東日本旅客鉄道","source":"MLIT N02 2025"},"geometry":{"type":"LineString","coordinates":[[139.66913,35.81839],[139.6659,35.82363],[139.66231,35.82621]]}},{"type":"Feature","properties":{"lineId":"jr-saikyo","sourceLineName":"東北線","sourceOperator":"東日本旅客鉄道","source":"MLIT N02 2025"},"geometry":{"type":"LineString","coordinates":[[139.66913,35.81839],[139.6659,35.82363],[139.66231,35.82621]]}},{"type":"Feature","properties":{"lineId":"jr-keihin-tohoku","sourceLineName":"東北線","sourceOperator":"東日本旅客鉄道","source":"MLIT N02 2025"},"geometry":{"type":"LineString","coordinates":[[139.71793,35.80093],[139.71698,35.80267]]}},{"type":"Feature","properties":{"lineId":"jr-saikyo","sourceLineName":"東北線","sourceOperator":"東日本旅客鉄道","source":"MLIT N02 2025"},"geometry":{"type":"LineString","coordinates":[[139.71793,35.80093],[139.71698,35.80267]]}},{"type":"Feature","properties":{"lineId":"jr-keihin-tohoku","sourceLineName":"東北線","sourceOperator":"東日本旅客鉄道","source":"MLIT N02 2025"},"geometry":{"type":"LineString","coordinates":[[139.62477,35.90472],[139.62668,35.90163]]}},{"type":"Feature","properties":{"lineId":"jr-saikyo","sourceLineName":"東北線","sourceOperator":"東日本旅客鉄道","source":"MLIT N02 2025"},"geometry":{"type":"LineString","coordinates":[[139.62477,35.90472],[139.62668,35.90163]]}},{"type":"Feature","properties":{"lineId":"jr-keihin-tohoku","sourceLineName":"東北線","sourceOperator":"東日本旅客鉄道","source":"MLIT N02 2025"},"geometry":{"type":"LineString","coordinates":[[139.71698,35.80267],[139.70497,35.8149]]}},{"type":"Feature","properties":{"lineId":"jr-saikyo","sourceLineName":"東北線","sourceOperator":"東日本旅客鉄道","source":"MLIT N02 2025"},"geometry":{"type":"LineString","coordinates":[[139.71698,35.80267],[139.70497,35.8149]]}},{"type":"Feature","properties":{"lineId":"jr-keihin-tohoku","sourceLineName":"東北線","sourceOperator":"東日本旅客鉄道","source":"MLIT N02 2025"},"geometry":{"type":"LineString","coordinates":[[139.67912,35.80712],[139.67758,35.80841]]}},{"type":"Feature","properties":{"lineId":"jr-saikyo","sourceLineName":"東北線","sourceOperator":"東日本旅客鉄道","source":"MLIT N02 2025"},"geometry":{"type":"LineString","coordinates":[[139.67912,35.80712],[139.67758,35.80841]]}},{"type":"Feature","properties":{"lineId":"jr-keihin-tohoku","sourceLineName":"東北線","sourceOperator":"東日本旅客鉄道","source":"MLIT N02 2025"},"geometry":{"type":"LineString","coordinates":[[139.62477,35.90472],[139.6236,35.90764]]}},{"type":"Feature","properties":{"lineId":"jr-saikyo","sourceLineName":"東北線","sourceOperator":"東日本旅客鉄道","source":"MLIT N02 2025"},"geometry":{"type":"LineString","coordinates":[[139.62477,35.90472],[139.6236,35.90764]]}},{"type":"Feature","properties":{"lineId":"jr-keihin-tohoku","sourceLineName":"東北線","sourceOperator":"東日本旅客鉄道","source":"MLIT N02 2025"},"geometry":{"type":"LineString","coordinates":[[139.63074,35.86819],[139.63137,35.86652]]}},{"type":"Feature","properties":{"lineId":"jr-saikyo","sourceLineName":"東北線","sourceOperator":"東日本旅客鉄道","source":"MLIT N02 2025"},"geometry":{"type":"LineString","coordinates":[[139.63074,35.86819],[139.63137,35.86652]]}},{"type":"Feature","properties":{"lineId":"jr-keihin-tohoku","sourceLineName":"東北線","sourceOperator":"東日本旅客鉄道","source":"MLIT N02 2025"},"geometry":{"type":"LineString","coordinates":[[139.75509,35.74627],[139.76087,35.74278]]}},{"type":"Feature","properties":{"lineId":"jr-saikyo","sourceLineName":"東北線","sourceOperator":"東日本旅客鉄道","source":"MLIT N02 2025"},"geometry":{"type":"LineString","coordinates":[[139.75509,35.74627],[139.76087,35.74278]]}},{"type":"Feature","properties":{"lineId":"jr-keihin-tohoku","sourceLineName":"東北線","sourceOperator":"東日本旅客鉄道","source":"MLIT N02 2025"},"geometry":{"type":"LineString","coordinates":[[139.71799,35.79618],[139.71676,35.78617],[139.71835,35.78162]]}},{"type":"Feature","properties":{"lineId":"jr-saikyo","sourceLineName":"東北線","sourceOperator":"東日本旅客鉄道","source":"MLIT N02 2025"},"geometry":{"type":"LineString","coordinates":[[139.71799,35.79618],[139.71676,35.78617],[139.71835,35.78162]]}},{"type":"Feature","properties":{"lineId":"jr-keihin-tohoku","sourceLineName":"東北線","sourceOperator":"東日本旅客鉄道","source":"MLIT N02 2025"},"geometry":{"type":"LineString","coordinates":[[139.69251,35.79103],[139.69031,35.79165]]}},{"type":"Feature","properties":{"lineId":"jr-saikyo","sourceLineName":"東北線","sourceOperator":"東日本旅客鉄道","source":"MLIT N02 2025"},"geometry":{"type":"LineString","coordinates":[[139.69251,35.79103],[139.69031,35.79165]]}},{"type":"Feature","properties":{"lineId":"jr-keihin-tohoku","sourceLineName":"東北線","sourceOperator":"東日本旅客鉄道","source":"MLIT N02 2025"},"geometry":{"type":"LineString","coordinates":[[139.70667,35.78648],[139.70492,35.78758]]}},{"type":"Feature","properties":{"lineId":"jr-saikyo","sourceLineName":"東北線","sourceOperator":"東日本旅客鉄道","source":"MLIT N02 2025"},"geometry":{"type":"LineString","coordinates":[[139.70667,35.78648],[139.70492,35.78758]]}},{"type":"Feature","properties":{"lineId":"jr-keihin-tohoku","sourceLineName":"東北線","sourceOperator":"東日本旅客鉄道","source":"MLIT N02 2025"},"geometry":{"type":"LineString","coordinates":[[139.72187,35.7765],[139.72046,35.77867]]}},{"type":"Feature","properties":{"lineId":"jr-saikyo","sourceLineName":"東北線","sourceOperator":"東日本旅客鉄道","source":"MLIT N02 2025"},"geometry":{"type":"LineString","coordinates":[[139.72187,35.7765],[139.72046,35.77867]]}},{"type":"Feature","properties":{"lineId":"jr-keihin-tohoku","sourceLineName":"東北線","sourceOperator":"東日本旅客鉄道","source":"MLIT N02 2025"},"geometry":{"type":"LineString","coordinates":[[139.66635,35.85033],[139.6676,35.84922]]}},{"type":"Feature","properties":{"lineId":"jr-saikyo","sourceLineName":"東北線","sourceOperator":"東日本旅客鉄道","source":"MLIT N02 2025"},"geometry":{"type":"LineString","coordinates":[[139.66635,35.85033],[139.6676,35.84922]]}},{"type":"Feature","properties":{"lineId":"jr-keihin-tohoku","sourceLineName":"東北線","sourceOperator":"東日本旅客鉄道","source":"MLIT N02 2025"},"geometry":{"type":"LineString","coordinates":[[139.66963,35.84745],[139.68335,35.8349]]}},{"type":"Feature","properties":{"lineId":"jr-saikyo","sourceLineName":"東北線","sourceOperator":"東日本旅客鉄道","source":"MLIT N02 2025"},"geometry":{"type":"LineString","coordinates":[[139.66963,35.84745],[139.68335,35.8349]]}},{"type":"Feature","properties":{"lineId":"jr-keihin-tohoku","sourceLineName":"東北線","sourceOperator":"東日本旅客鉄道","source":"MLIT N02 2025"},"geometry":{"type":"LineString","coordinates":[[139.64498,35.8729],[139.64286,35.8753],[139.63934,35.88361]]}},{"type":"Feature","properties":{"lineId":"jr-saikyo","sourceLineName":"東北線","sourceOperator":"東日本旅客鉄道","source":"MLIT N02 2025"},"geometry":{"type":"LineString","coordinates":[[139.64498,35.8729],[139.64286,35.8753],[139.63934,35.88361]]}},{"type":"Feature","properties":{"lineId":"jr-keihin-tohoku","sourceLineName":"東北線","sourceOperator":"東日本旅客鉄道","source":"MLIT N02 2025"},"geometry":{"type":"LineString","coordinates":[[139.73325,35.75844],[139.7371,35.75323],[139.74,35.75053],[139.74304,35.74943],[139.74796,35.74904],[139.75145,35.74781]]}},{"type":"Feature","properties":{"lineId":"jr-saikyo","sourceLineName":"東北線","sourceOperator":"東日本旅客鉄道","source":"MLIT N02 2025"},"geometry":{"type":"LineString","coordinates":[[139.73325,35.75844],[139.7371,35.75323],[139.74,35.75053],[139.74304,35.74943],[139.74796,35.74904],[139.75145,35.74781]]}},{"type":"Feature","properties":{"lineId":"jr-keihin-tohoku","sourceLineName":"東北線","sourceOperator":"東日本旅客鉄道","source":"MLIT N02 2025"},"geometry":{"type":"LineString","coordinates":[[139.72046,35.77867],[139.71701,35.78585],[139.71799,35.79618]]}},{"type":"Feature","properties":{"lineId":"jr-saikyo","sourceLineName":"東北線","sourceOperator":"東日本旅客鉄道","source":"MLIT N02 2025"},"geometry":{"type":"LineString","coordinates":[[139.72046,35.77867],[139.71701,35.78585],[139.71799,35.79618]]}},{"type":"Feature","properties":{"lineId":"jr-keihin-tohoku","sourceLineName":"東北線","sourceOperator":"東日本旅客鉄道","source":"MLIT N02 2025"},"geometry":{"type":"LineString","coordinates":[[139.62797,35.88991],[139.62527,35.88565],[139.62509,35.88369],[139.62568,35.88177]]}},{"type":"Feature","properties":{"lineId":"jr-saikyo","sourceLineName":"東北線","sourceOperator":"東日本旅客鉄道","source":"MLIT N02 2025"},"geometry":{"type":"LineString","coordinates":[[139.62797,35.88991],[139.62527,35.88565],[139.62509,35.88369],[139.62568,35.88177]]}},{"type":"Feature","properties":{"lineId":"jr-keihin-tohoku","sourceLineName":"東北線","sourceOperator":"東日本旅客鉄道","source":"MLIT N02 2025"},"geometry":{"type":"LineString","coordinates":[[139.67009,35.8168],[139.66913,35.81839]]}},{"type":"Feature","properties":{"lineId":"jr-saikyo","sourceLineName":"東北線","sourceOperator":"東日本旅客鉄道","source":"MLIT N02 2025"},"geometry":{"type":"LineString","coordinates":[[139.67009,35.8168],[139.66913,35.81839]]}},{"type":"Feature","properties":{"lineId":"jr-keihin-tohoku","sourceLineName":"東北線","sourceOperator":"東日本旅客鉄道","source":"MLIT N02 2025"},"geometry":{"type":"LineString","coordinates":[[139.69116,35.82721],[139.68967,35.82865]]}},{"type":"Feature","properties":{"lineId":"jr-saikyo","sourceLineName":"東北線","sourceOperator":"東日本旅客鉄道","source":"MLIT N02 2025"},"geometry":{"type":"LineString","coordinates":[[139.69116,35.82721],[139.68967,35.82865]]}},{"type":"Feature","properties":{"lineId":"jr-keihin-tohoku","sourceLineName":"東北線","sourceOperator":"東日本旅客鉄道","source":"MLIT N02 2025"},"geometry":{"type":"LineString","coordinates":[[139.73751,35.75302],[139.73891,35.75163]]}},{"type":"Feature","properties":{"lineId":"jr-saikyo","sourceLineName":"東北線","sourceOperator":"東日本旅客鉄道","source":"MLIT N02 2025"},"geometry":{"type":"LineString","coordinates":[[139.73751,35.75302],[139.73891,35.75163]]}},{"type":"Feature","properties":{"lineId":"jr-keihin-tohoku","sourceLineName":"東北線","sourceOperator":"東日本旅客鉄道","source":"MLIT N02 2025"},"geometry":{"type":"LineString","coordinates":[[139.63671,35.85455],[139.63808,35.8531]]}},{"type":"Feature","properties":{"lineId":"jr-saikyo","sourceLineName":"東北線","sourceOperator":"東日本旅客鉄道","source":"MLIT N02 2025"},"geometry":{"type":"LineString","coordinates":[[139.63671,35.85455],[139.63808,35.8531]]}},{"type":"Feature","properties":{"lineId":"jr-keihin-tohoku","sourceLineName":"東北線","sourceOperator":"東日本旅客鉄道","source":"MLIT N02 2025"},"geometry":{"type":"LineString","coordinates":[[139.74475,35.74773],[139.74711,35.74645]]}},{"type":"Feature","properties":{"lineId":"jr-saikyo","sourceLineName":"東北線","sourceOperator":"東日本旅客鉄道","source":"MLIT N02 2025"},"geometry":{"type":"LineString","coordinates":[[139.74475,35.74773],[139.74711,35.74645]]}},{"type":"Feature","properties":{"lineId":"jr-keihin-tohoku","sourceLineName":"東北線","sourceOperator":"東日本旅客鉄道","source":"MLIT N02 2025"},"geometry":{"type":"LineString","coordinates":[[139.65763,35.85777],[139.65945,35.85555],[139.66635,35.85033]]}},{"type":"Feature","properties":{"lineId":"jr-saikyo","sourceLineName":"東北線","sourceOperator":"東日本旅客鉄道","source":"MLIT N02 2025"},"geometry":{"type":"LineString","coordinates":[[139.65763,35.85777],[139.65945,35.85555],[139.66635,35.85033]]}},{"type":"Feature","properties":{"lineId":"jr-keihin-tohoku","sourceLineName":"東北線","sourceOperator":"東日本旅客鉄道","source":"MLIT N02 2025"},"geometry":{"type":"LineString","coordinates":[[139.65666,35.85936],[139.65188,35.86664],[139.64652,35.8715]]}},{"type":"Feature","properties":{"lineId":"jr-saikyo","sourceLineName":"東北線","sourceOperator":"東日本旅客鉄道","source":"MLIT N02 2025"},"geometry":{"type":"LineString","coordinates":[[139.65666,35.85936],[139.65188,35.86664],[139.64652,35.8715]]}},{"type":"Feature","properties":{"lineId":"jr-keihin-tohoku","sourceLineName":"東北線","sourceOperator":"東日本旅客鉄道","source":"MLIT N02 2025"},"geometry":{"type":"LineString","coordinates":[[139.71799,35.79618],[139.71833,35.79849],[139.71793,35.80093]]}},{"type":"Feature","properties":{"lineId":"jr-saikyo","sourceLineName":"東北線","sourceOperator":"東日本旅客鉄道","source":"MLIT N02 2025"},"geometry":{"type":"LineString","coordinates":[[139.71799,35.79618],[139.71833,35.79849],[139.71793,35.80093]]}},{"type":"Feature","properties":{"lineId":"jr-keihin-tohoku","sourceLineName":"東北線","sourceOperator":"東日本旅客鉄道","source":"MLIT N02 2025"},"geometry":{"type":"LineString","coordinates":[[139.76067,35.73826],[139.76248,35.73669]]}},{"type":"Feature","properties":{"lineId":"jr-saikyo","sourceLineName":"東北線","sourceOperator":"東日本旅客鉄道","source":"MLIT N02 2025"},"geometry":{"type":"LineString","coordinates":[[139.76067,35.73826],[139.76248,35.73669]]}},{"type":"Feature","properties":{"lineId":"jr-keihin-tohoku","sourceLineName":"東北線","sourceOperator":"東日本旅客鉄道","source":"MLIT N02 2025"},"geometry":{"type":"LineString","coordinates":[[139.7585,35.74006],[139.76067,35.73826]]}},{"type":"Feature","properties":{"lineId":"jr-saikyo","sourceLineName":"東北線","sourceOperator":"東日本旅客鉄道","source":"MLIT N02 2025"},"geometry":{"type":"LineString","coordinates":[[139.7585,35.74006],[139.76067,35.73826]]}},{"type":"Feature","properties":{"lineId":"jr-keihin-tohoku","sourceLineName":"東北線","sourceOperator":"東日本旅客鉄道","source":"MLIT N02 2025"},"geometry":{"type":"LineString","coordinates":[[139.74711,35.74645],[139.7585,35.74006]]}},{"type":"Feature","properties":{"lineId":"jr-saikyo","sourceLineName":"東北線","sourceOperator":"東日本旅客鉄道","source":"MLIT N02 2025"},"geometry":{"type":"LineString","coordinates":[[139.74711,35.74645],[139.7585,35.74006]]}},{"type":"Feature","properties":{"lineId":"jr-keihin-tohoku","sourceLineName":"東北線","sourceOperator":"東日本旅客鉄道","source":"MLIT N02 2025"},"geometry":{"type":"LineString","coordinates":[[139.76248,35.73669],[139.76626,35.73289]]}},{"type":"Feature","properties":{"lineId":"jr-saikyo","sourceLineName":"東北線","sourceOperator":"東日本旅客鉄道","source":"MLIT N02 2025"},"geometry":{"type":"LineString","coordinates":[[139.76248,35.73669],[139.76626,35.73289]]}},{"type":"Feature","properties":{"lineId":"tobu-skytree","sourceLineName":"伊勢崎線","sourceOperator":"東武鉄道","source":"MLIT N02 2025"},"geometry":{"type":"LineString","coordinates":[[139.75758,35.97813],[139.75475,35.97926]]}},{"type":"Feature","properties":{"lineId":"tobu-skytree","sourceLineName":"伊勢崎線","sourceOperator":"東武鉄道","source":"MLIT N02 2025"},"geometry":{"type":"LineString","coordinates":[[139.75038,35.9811],[139.74977,35.9814]]}},{"type":"Feature","properties":{"lineId":"tobu-skytree","sourceLineName":"伊勢崎線","sourceOperator":"東武鉄道","source":"MLIT N02 2025"},"geometry":{"type":"LineString","coordinates":[[139.77816,35.92382],[139.77772,35.92538]]}},{"type":"Feature","properties":{"lineId":"tobu-skytree","sourceLineName":"伊勢崎線","sourceOperator":"東武鉄道","source":"MLIT N02 2025"},"geometry":{"type":"LineString","coordinates":[[139.76626,35.96413],[139.76582,35.96562]]}},{"type":"Feature","properties":{"lineId":"tobu-skytree","sourceLineName":"伊勢崎線","sourceOperator":"東武鉄道","source":"MLIT N02 2025"},"geometry":{"type":"LineString","coordinates":[[139.77772,35.92538],[139.77482,35.93519]]}},{"type":"Feature","properties":{"lineId":"tobu-skytree","sourceLineName":"伊勢崎線","sourceOperator":"東武鉄道","source":"MLIT N02 2025"},"geometry":{"type":"LineString","coordinates":[[139.73846,36.00493],[139.7327,36.02027],[139.73075,36.02251],[139.72777,36.02424]]}},{"type":"Feature","properties":{"lineId":"tobu-skytree","sourceLineName":"伊勢崎線","sourceOperator":"東武鉄道","source":"MLIT N02 2025"},"geometry":{"type":"LineString","coordinates":[[139.70162,36.03927],[139.70058,36.04002]]}},{"type":"Feature","properties":{"lineId":"tobu-skytree","sourceLineName":"伊勢崎線","sourceOperator":"東武鉄道","source":"MLIT N02 2025"},"geometry":{"type":"LineString","coordinates":[[139.73891,36.00391],[139.73846,36.00493]]}},{"type":"Feature","properties":{"lineId":"tobu-skytree","sourceLineName":"伊勢崎線","sourceOperator":"東武鉄道","source":"MLIT N02 2025"},"geometry":{"type":"LineString","coordinates":[[139.77482,35.93519],[139.77437,35.93672]]}},{"type":"Feature","properties":{"lineId":"tobu-skytree","sourceLineName":"伊勢崎線","sourceOperator":"東武鉄道","source":"MLIT N02 2025"},"geometry":{"type":"LineString","coordinates":[[139.77437,35.93672],[139.77095,35.94825]]}},{"type":"Feature","properties":{"lineId":"tobu-skytree","sourceLineName":"伊勢崎線","sourceOperator":"東武鉄道","source":"MLIT N02 2025"},"geometry":{"type":"LineString","coordinates":[[139.74459,35.98919],[139.7465,35.98403],[139.74977,35.9814]]}},{"type":"Feature","properties":{"lineId":"tobu-skytree","sourceLineName":"伊勢崎線","sourceOperator":"東武鉄道","source":"MLIT N02 2025"},"geometry":{"type":"LineString","coordinates":[[139.77047,35.94991],[139.76626,35.96413]]}},{"type":"Feature","properties":{"lineId":"tobu-skytree","sourceLineName":"伊勢崎線","sourceOperator":"東武鉄道","source":"MLIT N02 2025"},"geometry":{"type":"LineString","coordinates":[[139.75367,35.97971],[139.75159,35.98059]]}},{"type":"Feature","properties":{"lineId":"tobu-skytree","sourceLineName":"伊勢崎線","sourceOperator":"東武鉄道","source":"MLIT N02 2025"},"geometry":{"type":"LineString","coordinates":[[139.74405,35.99069],[139.74459,35.98919]]}},{"type":"Feature","properties":{"lineId":"tobu-skytree","sourceLineName":"伊勢崎線","sourceOperator":"東武鉄道","source":"MLIT N02 2025"},"geometry":{"type":"LineString","coordinates":[[139.75475,35.97926],[139.75367,35.97971]]}},{"type":"Feature","properties":{"lineId":"tobu-skytree","sourceLineName":"伊勢崎線","sourceOperator":"東武鉄道","source":"MLIT N02 2025"},"geometry":{"type":"LineString","coordinates":[[139.75159,35.98059],[139.75038,35.9811]]}},{"type":"Feature","properties":{"lineId":"tobu-skytree","sourceLineName":"伊勢崎線","sourceOperator":"東武鉄道","source":"MLIT N02 2025"},"geometry":{"type":"LineString","coordinates":[[139.72777,36.02424],[139.72601,36.02516]]}},{"type":"Feature","properties":{"lineId":"tobu-skytree","sourceLineName":"伊勢崎線","sourceOperator":"東武鉄道","source":"MLIT N02 2025"},"geometry":{"type":"LineString","coordinates":[[139.67735,36.06503],[139.67787,36.06607]]}},{"type":"Feature","properties":{"lineId":"tobu-skytree","sourceLineName":"伊勢崎線","sourceOperator":"東武鉄道","source":"MLIT N02 2025"},"geometry":{"type":"LineString","coordinates":[[139.70058,36.04002],[139.67657,36.05825],[139.67571,36.05958],[139.67571,36.06173],[139.67735,36.06503]]}},{"type":"Feature","properties":{"lineId":"tobu-skytree","sourceLineName":"伊勢崎線","sourceOperator":"東武鉄道","source":"MLIT N02 2025"},"geometry":{"type":"LineString","coordinates":[[139.72601,36.02516],[139.72226,36.0272]]}},{"type":"Feature","properties":{"lineId":"tobu-skytree","sourceLineName":"伊勢崎線","sourceOperator":"東武鉄道","source":"MLIT N02 2025"},"geometry":{"type":"LineString","coordinates":[[139.72226,36.0272],[139.7065,36.03562],[139.70162,36.03927]]}},{"type":"Feature","properties":{"lineId":"tobu-skytree","sourceLineName":"伊勢崎線","sourceOperator":"東武鉄道","source":"MLIT N02 2025"},"geometry":{"type":"LineString","coordinates":[[139.67787,36.06607],[139.68074,36.0714],[139.68137,36.07516],[139.68052,36.07805],[139.65739,36.09585]]}},{"type":"Feature","properties":{"lineId":"tobu-skytree","sourceLineName":"伊勢崎線","sourceOperator":"東武鉄道","source":"MLIT N02 2025"},"geometry":{"type":"LineString","coordinates":[[139.73891,36.00391],[139.74405,35.99069]]}},{"type":"Feature","properties":{"lineId":"tobu-skytree","sourceLineName":"伊勢崎線","sourceOperator":"東武鉄道","source":"MLIT N02 2025"},"geometry":{"type":"LineString","coordinates":[[139.65739,36.09585],[139.65653,36.0968]]}},{"type":"Feature","properties":{"lineId":"tobu-skytree","sourceLineName":"伊勢崎線","sourceOperator":"東武鉄道","source":"MLIT N02 2025"},"geometry":{"type":"LineString","coordinates":[[139.76582,35.96562],[139.763,35.97469],[139.76078,35.97678],[139.75758,35.97813]]}},{"type":"Feature","properties":{"lineId":"tobu-skytree","sourceLineName":"伊勢崎線","sourceOperator":"東武鉄道","source":"MLIT N02 2025"},"geometry":{"type":"LineString","coordinates":[[139.77095,35.94825],[139.77047,35.94991]]}},{"type":"Feature","properties":{"lineId":"tobu-skytree","sourceLineName":"伊勢崎線","sourceOperator":"東武鉄道","source":"MLIT N02 2025"},"geometry":{"type":"LineString","coordinates":[[139.52802,36.24573],[139.5276,36.24746]]}},{"type":"Feature","properties":{"lineId":"tobu-skytree","sourceLineName":"伊勢崎線","sourceOperator":"東武鉄道","source":"MLIT N02 2025"},"geometry":{"type":"LineString","coordinates":[[139.5257,36.24996],[139.52341,36.2526]]}},{"type":"Feature","properties":{"lineId":"tobu-skytree","sourceLineName":"伊勢崎線","sourceOperator":"東武鉄道","source":"MLIT N02 2025"},"geometry":{"type":"LineString","coordinates":[[139.5276,36.24746],[139.5257,36.24996]]}},{"type":"Feature","properties":{"lineId":"tobu-skytree","sourceLineName":"伊勢崎線","sourceOperator":"東武鉄道","source":"MLIT N02 2025"},"geometry":{"type":"LineString","coordinates":[[139.52702,36.22572],[139.52707,36.22698]]}},{"type":"Feature","properties":{"lineId":"tobu-skytree","sourceLineName":"伊勢崎線","sourceOperator":"東武鉄道","source":"MLIT N02 2025"},"geometry":{"type":"LineString","coordinates":[[139.52653,36.20954],[139.52702,36.22572]]}},{"type":"Feature","properties":{"lineId":"tobu-skytree","sourceLineName":"伊勢崎線","sourceOperator":"東武鉄道","source":"MLIT N02 2025"},"geometry":{"type":"LineString","coordinates":[[139.59621,36.12266],[139.59493,36.12325]]}},{"type":"Feature","properties":{"lineId":"tobu-skytree","sourceLineName":"伊勢崎線","sourceOperator":"東武鉄道","source":"MLIT N02 2025"},"geometry":{"type":"LineString","coordinates":[[139.52707,36.22698],[139.52745,36.23792],[139.5286,36.24234],[139.52802,36.24573]]}},{"type":"Feature","properties":{"lineId":"tobu-skytree","sourceLineName":"伊勢崎線","sourceOperator":"東武鉄道","source":"MLIT N02 2025"},"geometry":{"type":"LineString","coordinates":[[139.53377,36.17113],[139.52653,36.19621],[139.52648,36.20823]]}},{"type":"Feature","properties":{"lineId":"tobu-skytree","sourceLineName":"伊勢崎線","sourceOperator":"東武鉄道","source":"MLIT N02 2025"},"geometry":{"type":"LineString","coordinates":[[139.52648,36.20823],[139.52653,36.20954]]}},{"type":"Feature","properties":{"lineId":"tobu-skytree","sourceLineName":"伊勢崎線","sourceOperator":"東武鉄道","source":"MLIT N02 2025"},"geometry":{"type":"LineString","coordinates":[[139.6327,36.11025],[139.59621,36.12266]]}},{"type":"Feature","properties":{"lineId":"tobu-skytree","sourceLineName":"伊勢崎線","sourceOperator":"東武鉄道","source":"MLIT N02 2025"},"geometry":{"type":"LineString","coordinates":[[139.55748,36.14926],[139.59493,36.12325]]}},{"type":"Feature","properties":{"lineId":"tobu-skytree","sourceLineName":"伊勢崎線","sourceOperator":"東武鉄道","source":"MLIT N02 2025"},"geometry":{"type":"LineString","coordinates":[[139.53377,36.17113],[139.53426,36.16925]]}},{"type":"Feature","properties":{"lineId":"tobu-skytree","sourceLineName":"伊勢崎線","sourceOperator":"東武鉄道","source":"MLIT N02 2025"},"geometry":{"type":"LineString","coordinates":[[139.55643,36.14999],[139.55748,36.14926]]}},{"type":"Feature","properties":{"lineId":"tobu-skytree","sourceLineName":"伊勢崎線","sourceOperator":"東武鉄道","source":"MLIT N02 2025"},"geometry":{"type":"LineString","coordinates":[[139.65653,36.0968],[139.64886,36.10462],[139.63449,36.10964]]}},{"type":"Feature","properties":{"lineId":"tobu-skytree","sourceLineName":"伊勢崎線","sourceOperator":"東武鉄道","source":"MLIT N02 2025"},"geometry":{"type":"LineString","coordinates":[[139.53426,36.16925],[139.5356,36.16586],[139.53842,36.16255],[139.55643,36.14999]]}},{"type":"Feature","properties":{"lineId":"tobu-skytree","sourceLineName":"伊勢崎線","sourceOperator":"東武鉄道","source":"MLIT N02 2025"},"geometry":{"type":"LineString","coordinates":[[139.63449,36.10964],[139.6327,36.11025]]}},{"type":"Feature","properties":{"lineId":"tobu-skytree","sourceLineName":"伊勢崎線","sourceOperator":"東武鉄道","source":"MLIT N02 2025"},"geometry":{"type":"LineString","coordinates":[[139.80186,35.81562],[139.80248,35.81769],[139.80339,35.82762]]}},{"type":"Feature","properties":{"lineId":"tobu-skytree","sourceLineName":"伊勢崎線","sourceOperator":"東武鉄道","source":"MLIT N02 2025"},"geometry":{"type":"LineString","coordinates":[[139.81217,35.74461],[139.81137,35.74448]]}},{"type":"Feature","properties":{"lineId":"tobu-skytree","sourceLineName":"伊勢崎線","sourceOperator":"東武鉄道","source":"MLIT N02 2025"},"geometry":{"type":"LineString","coordinates":[[139.79975,35.77143],[139.7964,35.77326]]}},{"type":"Feature","properties":{"lineId":"tobu-skytree","sourceLineName":"伊勢崎線","sourceOperator":"東武鉄道","source":"MLIT N02 2025"},"geometry":{"type":"LineString","coordinates":[[139.80035,35.84398],[139.801,35.84262]]}},{"type":"Feature","properties":{"lineId":"tobu-skytree","sourceLineName":"伊勢崎線","sourceOperator":"東武鉄道","source":"MLIT N02 2025"},"geometry":{"type":"LineString","coordinates":[[139.7919,35.86627],[139.79375,35.85797],[139.79518,35.85462]]}},{"type":"Feature","properties":{"lineId":"tobu-skytree","sourceLineName":"伊勢崎線","sourceOperator":"東武鉄道","source":"MLIT N02 2025"},"geometry":{"type":"LineString","coordinates":[[139.7964,35.77326],[139.79096,35.7767]]}},{"type":"Feature","properties":{"lineId":"tobu-skytree","sourceLineName":"伊勢崎線","sourceOperator":"東武鉄道","source":"MLIT N02 2025"},"geometry":{"type":"LineString","coordinates":[[139.7866,35.88676],[139.78772,35.88439],[139.78967,35.87622]]}},{"type":"Feature","properties":{"lineId":"tobu-skytree","sourceLineName":"伊勢崎線","sourceOperator":"東武鉄道","source":"MLIT N02 2025"},"geometry":{"type":"LineString","coordinates":[[139.78587,35.8883],[139.7866,35.88676]]}},{"type":"Feature","properties":{"lineId":"tobu-skytree","sourceLineName":"伊勢崎線","sourceOperator":"東武鉄道","source":"MLIT N02 2025"},"geometry":{"type":"LineString","coordinates":[[139.81941,35.72483],[139.81974,35.72767],[139.81882,35.73105],[139.82002,35.73337]]}},{"type":"Feature","properties":{"lineId":"tobu-skytree","sourceLineName":"伊勢崎線","sourceOperator":"東武鉄道","source":"MLIT N02 2025"},"geometry":{"type":"LineString","coordinates":[[139.82072,35.73415],[139.82129,35.73512],[139.82117,35.73659],[139.81761,35.74308]]}},{"type":"Feature","properties":{"lineId":"tobu-skytree","sourceLineName":"伊勢崎線","sourceOperator":"東武鉄道","source":"MLIT N02 2025"},"geometry":{"type":"LineString","coordinates":[[139.77816,35.92382],[139.78032,35.91574],[139.77972,35.90244]]}},{"type":"Feature","properties":{"lineId":"tobu-skytree","sourceLineName":"伊勢崎線","sourceOperator":"東武鉄道","source":"MLIT N02 2025"},"geometry":{"type":"LineString","coordinates":[[139.78996,35.87491],[139.79163,35.86751]]}},{"type":"Feature","properties":{"lineId":"tobu-skytree","sourceLineName":"伊勢崎線","sourceOperator":"東武鉄道","source":"MLIT N02 2025"},"geometry":{"type":"LineString","coordinates":[[139.80518,35.74855],[139.806,35.75126]]}},{"type":"Feature","properties":{"lineId":"tobu-skytree","sourceLineName":"伊勢崎線","sourceOperator":"東武鉄道","source":"MLIT N02 2025"},"geometry":{"type":"LineString","coordinates":[[139.80864,35.76647],[139.79975,35.77143]]}},{"type":"Feature","properties":{"lineId":"tobu-skytree","sourceLineName":"伊勢崎線","sourceOperator":"東武鉄道","source":"MLIT N02 2025"},"geometry":{"type":"LineString","coordinates":[[139.78002,35.90099],[139.78587,35.8883]]}},{"type":"Feature","properties":{"lineId":"tobu-skytree","sourceLineName":"伊勢崎線","sourceOperator":"東武鉄道","source":"MLIT N02 2025"},"geometry":{"type":"LineString","coordinates":[[139.81336,35.71012],[139.81437,35.71184]]}},{"type":"Feature","properties":{"lineId":"tobu-skytree","sourceLineName":"伊勢崎線","sourceOperator":"東武鉄道","source":"MLIT N02 2025"},"geometry":{"type":"LineString","coordinates":[[139.81715,35.74361],[139.8149,35.7447],[139.81217,35.74461]]}},{"type":"Feature","properties":{"lineId":"tobu-skytree","sourceLineName":"伊勢崎線","sourceOperator":"東武鉄道","source":"MLIT N02 2025"},"geometry":{"type":"LineString","coordinates":[[139.81677,35.71936],[139.81887,35.7224],[139.81926,35.72388]]}},{"type":"Feature","properties":{"lineId":"tobu-skytree","sourceLineName":"伊勢崎線","sourceOperator":"東武鉄道","source":"MLIT N02 2025"},"geometry":{"type":"LineString","coordinates":[[139.81062,35.76534],[139.80864,35.76647]]}},{"type":"Feature","properties":{"lineId":"tobu-skytree","sourceLineName":"伊勢崎線","sourceOperator":"東武鉄道","source":"MLIT N02 2025"},"geometry":{"type":"LineString","coordinates":[[139.8131,35.75923],[139.81361,35.76084],[139.81331,35.76272],[139.81241,35.76415],[139.81062,35.76534]]}},{"type":"Feature","properties":{"lineId":"tobu-skytree","sourceLineName":"伊勢崎線","sourceOperator":"東武鉄道","source":"MLIT N02 2025"},"geometry":{"type":"LineString","coordinates":[[139.79098,35.79511],[139.7954,35.80681],[139.80107,35.8141]]}},{"type":"Feature","properties":{"lineId":"tobu-skytree","sourceLineName":"伊勢崎線","sourceOperator":"東武鉄道","source":"MLIT N02 2025"},"geometry":{"type":"LineString","coordinates":[[139.80863,35.71027],[139.81016,35.71066]]}},{"type":"Feature","properties":{"lineId":"tobu-skytree","sourceLineName":"伊勢崎線","sourceOperator":"東武鉄道","source":"MLIT N02 2025"},"geometry":{"type":"LineString","coordinates":[[139.81926,35.72388],[139.81941,35.72483]]}},{"type":"Feature","properties":{"lineId":"tobu-skytree","sourceLineName":"伊勢崎線","sourceOperator":"東武鉄道","source":"MLIT N02 2025"},"geometry":{"type":"LineString","coordinates":[[139.81137,35.74448],[139.80818,35.74409],[139.80657,35.74446],[139.80502,35.74618],[139.80499,35.74797]]}},{"type":"Feature","properties":{"lineId":"tobu-skytree","sourceLineName":"伊勢崎線","sourceOperator":"東武鉄道","source":"MLIT N02 2025"},"geometry":{"type":"LineString","coordinates":[[139.80499,35.74797],[139.80518,35.74855]]}},{"type":"Feature","properties":{"lineId":"tobu-skytree","sourceLineName":"伊勢崎線","sourceOperator":"東武鉄道","source":"MLIT N02 2025"},"geometry":{"type":"LineString","coordinates":[[139.79163,35.86751],[139.7919,35.86627]]}},{"type":"Feature","properties":{"lineId":"tobu-skytree","sourceLineName":"伊勢崎線","sourceOperator":"東武鉄道","source":"MLIT N02 2025"},"geometry":{"type":"LineString","coordinates":[[139.80339,35.82762],[139.80352,35.82914]]}},{"type":"Feature","properties":{"lineId":"tobu-skytree","sourceLineName":"伊勢崎線","sourceOperator":"東武鉄道","source":"MLIT N02 2025"},"geometry":{"type":"LineString","coordinates":[[139.78996,35.87491],[139.78967,35.87622]]}},{"type":"Feature","properties":{"lineId":"tobu-skytree","sourceLineName":"伊勢崎線","sourceOperator":"東武鉄道","source":"MLIT N02 2025"},"geometry":{"type":"LineString","coordinates":[[139.81658,35.71726],[139.81677,35.71936]]}},{"type":"Feature","properties":{"lineId":"tobu-skytree","sourceLineName":"伊勢崎線","sourceOperator":"東武鉄道","source":"MLIT N02 2025"},"geometry":{"type":"LineString","coordinates":[[139.77972,35.90244],[139.78002,35.90099]]}},{"type":"Feature","properties":{"lineId":"tobu-skytree","sourceLineName":"伊勢崎線","sourceOperator":"東武鉄道","source":"MLIT N02 2025"},"geometry":{"type":"LineString","coordinates":[[139.8122,35.75814],[139.8131,35.75923]]}},{"type":"Feature","properties":{"lineId":"tobu-skytree","sourceLineName":"伊勢崎線","sourceOperator":"東武鉄道","source":"MLIT N02 2025"},"geometry":{"type":"LineString","coordinates":[[139.79046,35.79363],[139.79098,35.79511]]}},{"type":"Feature","properties":{"lineId":"tobu-skytree","sourceLineName":"伊勢崎線","sourceOperator":"東武鉄道","source":"MLIT N02 2025"},"geometry":{"type":"LineString","coordinates":[[139.81658,35.71726],[139.81622,35.71404],[139.81437,35.71184]]}},{"type":"Feature","properties":{"lineId":"tobu-skytree","sourceLineName":"伊勢崎線","sourceOperator":"東武鉄道","source":"MLIT N02 2025"},"geometry":{"type":"LineString","coordinates":[[139.80107,35.8141],[139.80186,35.81562]]}},{"type":"Feature","properties":{"lineId":"tobu-skytree","sourceLineName":"伊勢崎線","sourceOperator":"東武鉄道","source":"MLIT N02 2025"},"geometry":{"type":"LineString","coordinates":[[139.79096,35.7767],[139.78977,35.77786]]}},{"type":"Feature","properties":{"lineId":"tobu-skytree","sourceLineName":"伊勢崎線","sourceOperator":"東武鉄道","source":"MLIT N02 2025"},"geometry":{"type":"LineString","coordinates":[[139.801,35.84262],[139.80366,35.83655],[139.80397,35.83429],[139.80352,35.82914]]}},{"type":"Feature","properties":{"lineId":"tobu-skytree","sourceLineName":"伊勢崎線","sourceOperator":"東武鉄道","source":"MLIT N02 2025"},"geometry":{"type":"LineString","coordinates":[[139.79567,35.8536],[139.80035,35.84398]]}},{"type":"Feature","properties":{"lineId":"tobu-skytree","sourceLineName":"伊勢崎線","sourceOperator":"東武鉄道","source":"MLIT N02 2025"},"geometry":{"type":"LineString","coordinates":[[139.7987,35.71239],[139.79972,35.71266],[139.80634,35.7103],[139.80863,35.71027]]}},{"type":"Feature","properties":{"lineId":"tobu-skytree","sourceLineName":"伊勢崎線","sourceOperator":"東武鉄道","source":"MLIT N02 2025"},"geometry":{"type":"LineString","coordinates":[[139.78977,35.77786],[139.78859,35.77905]]}},{"type":"Feature","properties":{"lineId":"tobu-skytree","sourceLineName":"伊勢崎線","sourceOperator":"東武鉄道","source":"MLIT N02 2025"},"geometry":{"type":"LineString","coordinates":[[139.78859,35.77905],[139.78682,35.78103],[139.78658,35.78307],[139.79046,35.79363]]}},{"type":"Feature","properties":{"lineId":"tobu-skytree","sourceLineName":"伊勢崎線","sourceOperator":"東武鉄道","source":"MLIT N02 2025"},"geometry":{"type":"LineString","coordinates":[[139.82002,35.73337],[139.82072,35.73415]]}},{"type":"Feature","properties":{"lineId":"tobu-skytree","sourceLineName":"伊勢崎線","sourceOperator":"東武鉄道","source":"MLIT N02 2025"},"geometry":{"type":"LineString","coordinates":[[139.79518,35.85462],[139.79567,35.8536]]}},{"type":"Feature","properties":{"lineId":"tobu-skytree","sourceLineName":"伊勢崎線","sourceOperator":"東武鉄道","source":"MLIT N02 2025"},"geometry":{"type":"LineString","coordinates":[[139.806,35.75126],[139.8122,35.75814]]}},{"type":"Feature","properties":{"lineId":"tobu-skytree","sourceLineName":"伊勢崎線","sourceOperator":"東武鉄道","source":"MLIT N02 2025"},"geometry":{"type":"LineString","coordinates":[[139.81761,35.74308],[139.81715,35.74361]]}},{"type":"Feature","properties":{"lineId":"tobu-skytree","sourceLineName":"伊勢崎線","sourceOperator":"東武鉄道","source":"MLIT N02 2025"},"geometry":{"type":"LineString","coordinates":[[139.81016,35.71066],[139.81279,35.71096],[139.81437,35.71184]]}},{"type":"Feature","properties":{"lineId":"tobu-kameido","sourceLineName":"亀戸線","sourceOperator":"東武鉄道","source":"MLIT N02 2025"},"geometry":{"type":"LineString","coordinates":[[139.83353,35.70029],[139.83177,35.70706]]}},{"type":"Feature","properties":{"lineId":"tobu-kameido","sourceLineName":"亀戸線","sourceOperator":"東武鉄道","source":"MLIT N02 2025"},"geometry":{"type":"LineString","coordinates":[[139.82727,35.71044],[139.81802,35.71388],[139.81669,35.71554],[139.81658,35.71726]]}},{"type":"Feature","properties":{"lineId":"tobu-kameido","sourceLineName":"亀戸線","sourceOperator":"東武鉄道","source":"MLIT N02 2025"},"geometry":{"type":"LineString","coordinates":[[139.83325,35.6996],[139.83353,35.70029]]}},{"type":"Feature","properties":{"lineId":"tobu-kameido","sourceLineName":"亀戸線","sourceOperator":"東武鉄道","source":"MLIT N02 2025"},"geometry":{"type":"LineString","coordinates":[[139.82672,35.69773],[139.82768,35.69774]]}},{"type":"Feature","properties":{"lineId":"tobu-kameido","sourceLineName":"亀戸線","sourceOperator":"東武鉄道","source":"MLIT N02 2025"},"geometry":{"type":"LineString","coordinates":[[139.82768,35.69774],[139.83167,35.6981],[139.83325,35.6996]]}},{"type":"Feature","properties":{"lineId":"tobu-kameido","sourceLineName":"亀戸線","sourceOperator":"東武鉄道","source":"MLIT N02 2025"},"geometry":{"type":"LineString","coordinates":[[139.82795,35.7102],[139.82727,35.71044]]}},{"type":"Feature","properties":{"lineId":"tobu-kameido","sourceLineName":"亀戸線","sourceOperator":"東武鉄道","source":"MLIT N02 2025"},"geometry":{"type":"LineString","coordinates":[[139.83177,35.70706],[139.83142,35.70769]]}},{"type":"Feature","properties":{"lineId":"tobu-kameido","sourceLineName":"亀戸線","sourceOperator":"東武鉄道","source":"MLIT N02 2025"},"geometry":{"type":"LineString","coordinates":[[139.83142,35.70769],[139.82973,35.70942],[139.82795,35.7102]]}},{"type":"Feature","properties":{"lineId":"tobu-kameido","sourceLineName":"亀戸線","sourceOperator":"東武鉄道","source":"MLIT N02 2025"},"geometry":{"type":"LineString","coordinates":[[139.81658,35.71726],[139.81677,35.71936]]}},{"type":"Feature","properties":{"lineId":"tobu-tojo","sourceLineName":"東上本線","sourceOperator":"東武鉄道","source":"MLIT N02 2025"},"geometry":{"type":"LineString","coordinates":[[139.37636,36.04496],[139.3743,36.04537]]}},{"type":"Feature","properties":{"lineId":"tobu-tojo","sourceLineName":"東上本線","sourceOperator":"東武鉄道","source":"MLIT N02 2025"},"geometry":{"type":"LineString","coordinates":[[139.40117,36.03572],[139.39921,36.03831],[139.39306,36.04111],[139.37636,36.04496]]}},{"type":"Feature","properties":{"lineId":"tobu-tojo","sourceLineName":"東上本線","sourceOperator":"東武鉄道","source":"MLIT N02 2025"},"geometry":{"type":"LineString","coordinates":[[139.47642,35.91488],[139.47777,35.91339]]}},{"type":"Feature","properties":{"lineId":"tobu-tojo","sourceLineName":"東上本線","sourceOperator":"東武鉄道","source":"MLIT N02 2025"},"geometry":{"type":"LineString","coordinates":[[139.3963,35.97132],[139.38897,35.96146],[139.38893,35.95972],[139.38957,35.95826],[139.3909,35.9574],[139.39309,35.95721]]}},{"type":"Feature","properties":{"lineId":"tobu-tojo","sourceLineName":"東上本線","sourceOperator":"東武鉄道","source":"MLIT N02 2025"},"geometry":{"type":"LineString","coordinates":[[139.40803,35.94945],[139.40929,35.94841]]}},{"type":"Feature","properties":{"lineId":"tobu-tojo","sourceLineName":"東上本線","sourceOperator":"東武鉄道","source":"MLIT N02 2025"},"geometry":{"type":"LineString","coordinates":[[139.40929,35.94841],[139.42302,35.93735]]}},{"type":"Feature","properties":{"lineId":"tobu-tojo","sourceLineName":"東上本線","sourceOperator":"東武鉄道","source":"MLIT N02 2025"},"geometry":{"type":"LineString","coordinates":[[139.39739,35.97264],[139.3963,35.97132]]}},{"type":"Feature","properties":{"lineId":"tobu-tojo","sourceLineName":"東上本線","sourceOperator":"東武鉄道","source":"MLIT N02 2025"},"geometry":{"type":"LineString","coordinates":[[139.39663,35.957],[139.39523,35.95729]]}},{"type":"Feature","properties":{"lineId":"tobu-tojo","sourceLineName":"東上本線","sourceOperator":"東武鉄道","source":"MLIT N02 2025"},"geometry":{"type":"LineString","coordinates":[[139.40803,35.94945],[139.4004,35.9556],[139.39663,35.957]]}},{"type":"Feature","properties":{"lineId":"tobu-tojo","sourceLineName":"東上本線","sourceOperator":"東武鉄道","source":"MLIT N02 2025"},"geometry":{"type":"LineString","coordinates":[[139.47777,35.91339],[139.48228,35.90813]]}},{"type":"Feature","properties":{"lineId":"tobu-tojo","sourceLineName":"東上本線","sourceOperator":"東武鉄道","source":"MLIT N02 2025"},"geometry":{"type":"LineString","coordinates":[[139.40187,36.03392],[139.40117,36.03572]]}},{"type":"Feature","properties":{"lineId":"tobu-tojo","sourceLineName":"東上本線","sourceOperator":"東武鉄道","source":"MLIT N02 2025"},"geometry":{"type":"LineString","coordinates":[[139.42502,35.93609],[139.42302,35.93735]]}},{"type":"Feature","properties":{"lineId":"tobu-tojo","sourceLineName":"東上本線","sourceOperator":"東武鉄道","source":"MLIT N02 2025"},"geometry":{"type":"LineString","coordinates":[[139.398,36.00191],[139.39736,36.004]]}},{"type":"Feature","properties":{"lineId":"tobu-tojo","sourceLineName":"東上本線","sourceOperator":"東武鉄道","source":"MLIT N02 2025"},"geometry":{"type":"LineString","coordinates":[[139.39739,35.97264],[139.40067,35.98337],[139.40062,35.99276],[139.398,36.00191]]}},{"type":"Feature","properties":{"lineId":"tobu-tojo","sourceLineName":"東上本線","sourceOperator":"東武鉄道","source":"MLIT N02 2025"},"geometry":{"type":"LineString","coordinates":[[139.44521,35.92511],[139.47029,35.91972],[139.47642,35.91488]]}},{"type":"Feature","properties":{"lineId":"tobu-tojo","sourceLineName":"東上本線","sourceOperator":"東武鉄道","source":"MLIT N02 2025"},"geometry":{"type":"LineString","coordinates":[[139.42502,35.93609],[139.44288,35.92574]]}},{"type":"Feature","properties":{"lineId":"tobu-tojo","sourceLineName":"東上本線","sourceOperator":"東武鉄道","source":"MLIT N02 2025"},"geometry":{"type":"LineString","coordinates":[[139.39523,35.95729],[139.39309,35.95721]]}},{"type":"Feature","properties":{"lineId":"tobu-tojo","sourceLineName":"東上本線","sourceOperator":"東武鉄道","source":"MLIT N02 2025"},"geometry":{"type":"LineString","coordinates":[[139.39736,36.004],[139.39723,36.00754],[139.40125,36.01351],[139.40201,36.01575],[139.4025,36.02852],[139.40187,36.03392]]}},{"type":"Feature","properties":{"lineId":"tobu-tojo","sourceLineName":"東上本線","sourceOperator":"東武鉄道","source":"MLIT N02 2025"},"geometry":{"type":"LineString","coordinates":[[139.44521,35.92511],[139.44288,35.92574]]}},{"type":"Feature","properties":{"lineId":"tobu-tojo","sourceLineName":"東上本線","sourceOperator":"東武鉄道","source":"MLIT N02 2025"},"geometry":{"type":"LineString","coordinates":[[139.70225,35.7487],[139.70308,35.74809]]}},{"type":"Feature","properties":{"lineId":"tobu-tojo","sourceLineName":"東上本線","sourceOperator":"東武鉄道","source":"MLIT N02 2025"},"geometry":{"type":"LineString","coordinates":[[139.69521,35.75587],[139.6993,35.75345],[139.70225,35.7487]]}},{"type":"Feature","properties":{"lineId":"tobu-tojo","sourceLineName":"東上本線","sourceOperator":"東武鉄道","source":"MLIT N02 2025"},"geometry":{"type":"LineString","coordinates":[[139.71632,35.74449],[139.71722,35.74294],[139.71676,35.74104]]}},{"type":"Feature","properties":{"lineId":"tobu-tojo","sourceLineName":"東上本線","sourceOperator":"東武鉄道","source":"MLIT N02 2025"},"geometry":{"type":"LineString","coordinates":[[139.63376,35.77702],[139.63212,35.7781]]}},{"type":"Feature","properties":{"lineId":"tobu-tojo","sourceLineName":"東上本線","sourceOperator":"東武鉄道","source":"MLIT N02 2025"},"geometry":{"type":"LineString","coordinates":[[139.68788,35.75916],[139.67692,35.7633]]}},{"type":"Feature","properties":{"lineId":"tobu-tojo","sourceLineName":"東上本線","sourceOperator":"東武鉄道","source":"MLIT N02 2025"},"geometry":{"type":"LineString","coordinates":[[139.67692,35.7633],[139.67549,35.76393]]}},{"type":"Feature","properties":{"lineId":"tobu-tojo","sourceLineName":"東上本線","sourceOperator":"東武鉄道","source":"MLIT N02 2025"},"geometry":{"type":"LineString","coordinates":[[139.64433,35.77067],[139.6403,35.77263],[139.63376,35.77702]]}},{"type":"Feature","properties":{"lineId":"tobu-tojo","sourceLineName":"東上本線","sourceOperator":"東武鉄道","source":"MLIT N02 2025"},"geometry":{"type":"LineString","coordinates":[[139.64537,35.7703],[139.64433,35.77067]]}},{"type":"Feature","properties":{"lineId":"tobu-tojo","sourceLineName":"東上本線","sourceOperator":"東武鉄道","source":"MLIT N02 2025"},"geometry":{"type":"LineString","coordinates":[[139.69521,35.75587],[139.69356,35.75669]]}},{"type":"Feature","properties":{"lineId":"tobu-tojo","sourceLineName":"東上本線","sourceOperator":"東武鉄道","source":"MLIT N02 2025"},"geometry":{"type":"LineString","coordinates":[[139.68964,35.75865],[139.68788,35.75916]]}},{"type":"Feature","properties":{"lineId":"tobu-tojo","sourceLineName":"東上本線","sourceOperator":"東武鉄道","source":"MLIT N02 2025"},"geometry":{"type":"LineString","coordinates":[[139.66165,35.76875],[139.64922,35.76954],[139.64537,35.7703]]}},{"type":"Feature","properties":{"lineId":"tobu-tojo","sourceLineName":"東上本線","sourceOperator":"東武鉄道","source":"MLIT N02 2025"},"geometry":{"type":"LineString","coordinates":[[139.62724,35.78144],[139.63212,35.7781]]}},{"type":"Feature","properties":{"lineId":"tobu-tojo","sourceLineName":"東上本線","sourceOperator":"東武鉄道","source":"MLIT N02 2025"},"geometry":{"type":"LineString","coordinates":[[139.61391,35.78793],[139.62283,35.78429],[139.62724,35.78144]]}},{"type":"Feature","properties":{"lineId":"tobu-tojo","sourceLineName":"東上本線","sourceOperator":"東武鉄道","source":"MLIT N02 2025"},"geometry":{"type":"LineString","coordinates":[[139.69356,35.75669],[139.68964,35.75865]]}},{"type":"Feature","properties":{"lineId":"tobu-tojo","sourceLineName":"東上本線","sourceOperator":"東武鉄道","source":"MLIT N02 2025"},"geometry":{"type":"LineString","coordinates":[[139.67549,35.76393],[139.66746,35.76742],[139.66343,35.76855]]}},{"type":"Feature","properties":{"lineId":"tobu-tojo","sourceLineName":"東上本線","sourceOperator":"東武鉄道","source":"MLIT N02 2025"},"geometry":{"type":"LineString","coordinates":[[139.71495,35.74551],[139.71632,35.74449]]}},{"type":"Feature","properties":{"lineId":"tobu-tojo","sourceLineName":"東上本線","sourceOperator":"東武鉄道","source":"MLIT N02 2025"},"geometry":{"type":"LineString","coordinates":[[139.66343,35.76855],[139.66165,35.76875]]}},{"type":"Feature","properties":{"lineId":"tobu-tojo","sourceLineName":"東上本線","sourceOperator":"東武鉄道","source":"MLIT N02 2025"},"geometry":{"type":"LineString","coordinates":[[139.70308,35.74809],[139.71495,35.74551]]}},{"type":"Feature","properties":{"lineId":"tobu-tojo","sourceLineName":"東上本線","sourceOperator":"東武鉄道","source":"MLIT N02 2025"},"geometry":{"type":"LineString","coordinates":[[139.71128,35.73137],[139.71106,35.73099]]}},{"type":"Feature","properties":{"lineId":"tobu-tojo","sourceLineName":"東上本線","sourceOperator":"東武鉄道","source":"MLIT N02 2025"},"geometry":{"type":"LineString","coordinates":[[139.71676,35.74104],[139.71603,35.73963]]}},{"type":"Feature","properties":{"lineId":"tobu-tojo","sourceLineName":"東上本線","sourceOperator":"東武鉄道","source":"MLIT N02 2025"},"geometry":{"type":"LineString","coordinates":[[139.71603,35.73963],[139.71128,35.73137]]}},{"type":"Feature","properties":{"lineId":"tobu-tojo","sourceLineName":"東上本線","sourceOperator":"東武鉄道","source":"MLIT N02 2025"},"geometry":{"type":"LineString","coordinates":[[139.57381,35.82312],[139.57459,35.82263]]}},{"type":"Feature","properties":{"lineId":"tobu-tojo","sourceLineName":"東上本線","sourceOperator":"東武鉄道","source":"MLIT N02 2025"},"geometry":{"type":"LineString","coordinates":[[139.56176,35.83102],[139.56316,35.8301]]}},{"type":"Feature","properties":{"lineId":"tobu-tojo","sourceLineName":"東上本線","sourceOperator":"東武鉄道","source":"MLIT N02 2025"},"geometry":{"type":"LineString","coordinates":[[139.5518,35.83754],[139.56176,35.83102]]}},{"type":"Feature","properties":{"lineId":"tobu-tojo","sourceLineName":"東上本線","sourceOperator":"東武鉄道","source":"MLIT N02 2025"},"geometry":{"type":"LineString","coordinates":[[139.54057,35.84489],[139.53834,35.84631]]}},{"type":"Feature","properties":{"lineId":"tobu-tojo","sourceLineName":"東上本線","sourceOperator":"東武鉄道","source":"MLIT N02 2025"},"geometry":{"type":"LineString","coordinates":[[139.54977,35.83886],[139.54057,35.84489]]}},{"type":"Feature","properties":{"lineId":"tobu-tojo","sourceLineName":"東上本線","sourceOperator":"東武鉄道","source":"MLIT N02 2025"},"geometry":{"type":"LineString","coordinates":[[139.57601,35.82171],[139.57658,35.82133]]}},{"type":"Feature","properties":{"lineId":"tobu-tojo","sourceLineName":"東上本線","sourceOperator":"東武鉄道","source":"MLIT N02 2025"},"geometry":{"type":"LineString","coordinates":[[139.53834,35.84631],[139.53192,35.85103],[139.52382,35.85991]]}},{"type":"Feature","properties":{"lineId":"tobu-tojo","sourceLineName":"東上本線","sourceOperator":"東武鉄道","source":"MLIT N02 2025"},"geometry":{"type":"LineString","coordinates":[[139.56316,35.8301],[139.57381,35.82312]]}},{"type":"Feature","properties":{"lineId":"tobu-tojo","sourceLineName":"東上本線","sourceOperator":"東武鉄道","source":"MLIT N02 2025"},"geometry":{"type":"LineString","coordinates":[[139.48228,35.90813],[139.48401,35.90627]]}},{"type":"Feature","properties":{"lineId":"tobu-tojo","sourceLineName":"東上本線","sourceOperator":"東武鉄道","source":"MLIT N02 2025"},"geometry":{"type":"LineString","coordinates":[[139.48401,35.90627],[139.49692,35.89148]]}},{"type":"Feature","properties":{"lineId":"tobu-tojo","sourceLineName":"東上本線","sourceOperator":"東武鉄道","source":"MLIT N02 2025"},"geometry":{"type":"LineString","coordinates":[[139.5518,35.83754],[139.54977,35.83886]]}},{"type":"Feature","properties":{"lineId":"tobu-tojo","sourceLineName":"東上本線","sourceOperator":"東武鉄道","source":"MLIT N02 2025"},"geometry":{"type":"LineString","coordinates":[[139.57459,35.82263],[139.57601,35.82171]]}},{"type":"Feature","properties":{"lineId":"tobu-tojo","sourceLineName":"東上本線","sourceOperator":"東武鉄道","source":"MLIT N02 2025"},"geometry":{"type":"LineString","coordinates":[[139.60054,35.79596],[139.60145,35.79387],[139.60289,35.79257],[139.61182,35.78877]]}},{"type":"Feature","properties":{"lineId":"tobu-tojo","sourceLineName":"東上本線","sourceOperator":"東武鉄道","source":"MLIT N02 2025"},"geometry":{"type":"LineString","coordinates":[[139.57381,35.82312],[139.57658,35.82133]]}},{"type":"Feature","properties":{"lineId":"tobu-tojo","sourceLineName":"東上本線","sourceOperator":"東武鉄道","source":"MLIT N02 2025"},"geometry":{"type":"LineString","coordinates":[[139.58796,35.8139],[139.59328,35.81028],[139.59655,35.80688],[139.59816,35.8037],[139.60006,35.79757]]}},{"type":"Feature","properties":{"lineId":"tobu-tojo","sourceLineName":"東上本線","sourceOperator":"東武鉄道","source":"MLIT N02 2025"},"geometry":{"type":"LineString","coordinates":[[139.52236,35.86158],[139.51245,35.87321]]}},{"type":"Feature","properties":{"lineId":"tobu-tojo","sourceLineName":"東上本線","sourceOperator":"東武鉄道","source":"MLIT N02 2025"},"geometry":{"type":"LineString","coordinates":[[139.52382,35.85991],[139.52236,35.86158]]}},{"type":"Feature","properties":{"lineId":"tobu-tojo","sourceLineName":"東上本線","sourceOperator":"東武鉄道","source":"MLIT N02 2025"},"geometry":{"type":"LineString","coordinates":[[139.58664,35.81479],[139.58796,35.8139]]}},{"type":"Feature","properties":{"lineId":"tobu-tojo","sourceLineName":"東上本線","sourceOperator":"東武鉄道","source":"MLIT N02 2025"},"geometry":{"type":"LineString","coordinates":[[139.60006,35.79757],[139.60054,35.79596]]}},{"type":"Feature","properties":{"lineId":"tobu-tojo","sourceLineName":"東上本線","sourceOperator":"東武鉄道","source":"MLIT N02 2025"},"geometry":{"type":"LineString","coordinates":[[139.49768,35.89056],[139.50395,35.88313]]}},{"type":"Feature","properties":{"lineId":"tobu-tojo","sourceLineName":"東上本線","sourceOperator":"東武鉄道","source":"MLIT N02 2025"},"geometry":{"type":"LineString","coordinates":[[139.49768,35.89056],[139.50395,35.88313]]}},{"type":"Feature","properties":{"lineId":"tobu-tojo","sourceLineName":"東上本線","sourceOperator":"東武鉄道","source":"MLIT N02 2025"},"geometry":{"type":"LineString","coordinates":[[139.51245,35.87321],[139.51129,35.87453]]}},{"type":"Feature","properties":{"lineId":"tobu-tojo","sourceLineName":"東上本線","sourceOperator":"東武鉄道","source":"MLIT N02 2025"},"geometry":{"type":"LineString","coordinates":[[139.57658,35.82133],[139.58664,35.81479]]}},{"type":"Feature","properties":{"lineId":"tobu-tojo","sourceLineName":"東上本線","sourceOperator":"東武鉄道","source":"MLIT N02 2025"},"geometry":{"type":"LineString","coordinates":[[139.49768,35.89056],[139.49692,35.89148]]}},{"type":"Feature","properties":{"lineId":"tobu-tojo","sourceLineName":"東上本線","sourceOperator":"東武鉄道","source":"MLIT N02 2025"},"geometry":{"type":"LineString","coordinates":[[139.61182,35.78877],[139.61391,35.78793]]}},{"type":"Feature","properties":{"lineId":"tobu-tojo","sourceLineName":"東上本線","sourceOperator":"東武鉄道","source":"MLIT N02 2025"},"geometry":{"type":"LineString","coordinates":[[139.51129,35.87453],[139.50395,35.88313]]}},{"type":"Feature","properties":{"lineId":"tobu-tojo","sourceLineName":"東上本線","sourceOperator":"東武鉄道","source":"MLIT N02 2025"},"geometry":{"type":"LineString","coordinates":[[139.23379,36.10845],[139.23255,36.11089],[139.22962,36.11266],[139.22396,36.11289],[139.21769,36.11448],[139.20929,36.11381]]}},{"type":"Feature","properties":{"lineId":"tobu-tojo","sourceLineName":"東上本線","sourceOperator":"東武鉄道","source":"MLIT N02 2025"},"geometry":{"type":"LineString","coordinates":[[139.32695,36.04474],[139.31853,36.04869],[139.31369,36.05163],[139.30758,36.05132],[139.30555,36.05187],[139.2978,36.0572],[139.29423,36.05654],[139.29138,36.05256],[139.2887,36.05129],[139.28281,36.05277],[139.27703,36.05635],[139.2649,36.05722],[139.26121,36.05854]]}},{"type":"Feature","properties":{"lineId":"tobu-tojo","sourceLineName":"東上本線","sourceOperator":"東武鉄道","source":"MLIT N02 2025"},"geometry":{"type":"LineString","coordinates":[[139.19985,36.11719],[139.19737,36.11784],[139.19426,36.11742]]}},{"type":"Feature","properties":{"lineId":"tobu-tojo","sourceLineName":"東上本線","sourceOperator":"東武鉄道","source":"MLIT N02 2025"},"geometry":{"type":"LineString","coordinates":[[139.23764,36.07594],[139.2376,36.0748]]}},{"type":"Feature","properties":{"lineId":"tobu-tojo","sourceLineName":"東上本線","sourceOperator":"東武鉄道","source":"MLIT N02 2025"},"geometry":{"type":"LineString","coordinates":[[139.19426,36.11742],[139.1931,36.1172]]}},{"type":"Feature","properties":{"lineId":"tobu-tojo","sourceLineName":"東上本線","sourceOperator":"東武鉄道","source":"MLIT N02 2025"},"geometry":{"type":"LineString","coordinates":[[139.2376,36.0748],[139.23772,36.07271],[139.23883,36.07114],[139.25075,36.06261],[139.26009,36.05892]]}},{"type":"Feature","properties":{"lineId":"tobu-tojo","sourceLineName":"東上本線","sourceOperator":"東武鉄道","source":"MLIT N02 2025"},"geometry":{"type":"LineString","coordinates":[[139.26121,36.05854],[139.26009,36.05892]]}},{"type":"Feature","properties":{"lineId":"tobu-tojo","sourceLineName":"東上本線","sourceOperator":"東武鉄道","source":"MLIT N02 2025"},"geometry":{"type":"LineString","coordinates":[[139.34516,36.04338],[139.34597,36.04365]]}},{"type":"Feature","properties":{"lineId":"tobu-tojo","sourceLineName":"東上本線","sourceOperator":"東武鉄道","source":"MLIT N02 2025"},"geometry":{"type":"LineString","coordinates":[[139.34516,36.04338],[139.33934,36.0415],[139.33611,36.04124],[139.32853,36.04403]]}},{"type":"Feature","properties":{"lineId":"tobu-tojo","sourceLineName":"東上本線","sourceOperator":"東武鉄道","source":"MLIT N02 2025"},"geometry":{"type":"LineString","coordinates":[[139.20798,36.11364],[139.20495,36.11385],[139.20057,36.1167]]}},{"type":"Feature","properties":{"lineId":"tobu-tojo","sourceLineName":"東上本線","sourceOperator":"東武鉄道","source":"MLIT N02 2025"},"geometry":{"type":"LineString","coordinates":[[139.23421,36.10728],[139.23379,36.10845]]}},{"type":"Feature","properties":{"lineId":"tobu-tojo","sourceLineName":"東上本線","sourceOperator":"東武鉄道","source":"MLIT N02 2025"},"geometry":{"type":"LineString","coordinates":[[139.20057,36.1167],[139.19985,36.11719]]}},{"type":"Feature","properties":{"lineId":"tobu-tojo","sourceLineName":"東上本線","sourceOperator":"東武鉄道","source":"MLIT N02 2025"},"geometry":{"type":"LineString","coordinates":[[139.20929,36.11381],[139.20798,36.11364]]}},{"type":"Feature","properties":{"lineId":"tobu-tojo","sourceLineName":"東上本線","sourceOperator":"東武鉄道","source":"MLIT N02 2025"},"geometry":{"type":"LineString","coordinates":[[139.32853,36.04403],[139.32695,36.04474]]}},{"type":"Feature","properties":{"lineId":"tobu-tojo","sourceLineName":"東上本線","sourceOperator":"東武鉄道","source":"MLIT N02 2025"},"geometry":{"type":"LineString","coordinates":[[139.3743,36.04537],[139.36662,36.0469],[139.35853,36.04753],[139.34597,36.04365]]}},{"type":"Feature","properties":{"lineId":"tobu-tojo","sourceLineName":"東上本線","sourceOperator":"東武鉄道","source":"MLIT N02 2025"},"geometry":{"type":"LineString","coordinates":[[139.23421,36.10728],[139.23596,36.10186],[139.23431,36.09726],[139.23638017,36.09372766],[139.23649682,36.09179002]]}},{"type":"Feature","properties":{"lineId":"yurikamome","sourceLineName":"東京臨海新交通臨海線","sourceOperator":"ゆりかもめ","source":"MLIT N02 2025"},"geometry":{"type":"LineString","coordinates":[[139.77932,35.61754],[139.77801,35.61696],[139.77672,35.61721],[139.77332515,35.62108846]]}},{"type":"Feature","properties":{"lineId":"yurikamome","sourceLineName":"東京臨海新交通臨海線","sourceOperator":"ゆりかもめ","source":"MLIT N02 2025"},"geometry":{"type":"LineString","coordinates":[[139.78072,35.62447],[139.77886,35.62291],[139.78072,35.61892],[139.78001,35.61791]]}},{"type":"Feature","properties":{"lineId":"yurikamome","sourceLineName":"東京臨海新交通臨海線","sourceOperator":"ゆりかもめ","source":"MLIT N02 2025"},"geometry":{"type":"LineString","coordinates":[[139.77172,35.62606],[139.77818,35.62961]]}},{"type":"Feature","properties":{"lineId":"yurikamome","sourceLineName":"東京臨海新交通臨海線","sourceOperator":"ゆりかもめ","source":"MLIT N02 2025"},"geometry":{"type":"LineString","coordinates":[[139.792,35.63059],[139.7906,35.62983]]}},{"type":"Feature","properties":{"lineId":"yurikamome","sourceLineName":"東京臨海新交通臨海線","sourceOperator":"ゆりかもめ","source":"MLIT N02 2025"},"geometry":{"type":"LineString","coordinates":[[139.79313,35.63482],[139.79355,35.63428]]}},{"type":"Feature","properties":{"lineId":"yurikamome","sourceLineName":"東京臨海新交通臨海線","sourceOperator":"ゆりかもめ","source":"MLIT N02 2025"},"geometry":{"type":"LineString","coordinates":[[139.77103,35.62568],[139.77172,35.62606]]}},{"type":"Feature","properties":{"lineId":"yurikamome","sourceLineName":"東京臨海新交通臨海線","sourceOperator":"ゆりかもめ","source":"MLIT N02 2025"},"geometry":{"type":"LineString","coordinates":[[139.79355,35.63428],[139.79462,35.63218],[139.792,35.63059]]}},{"type":"Feature","properties":{"lineId":"yurikamome","sourceLineName":"東京臨海新交通臨海線","sourceOperator":"ゆりかもめ","source":"MLIT N02 2025"},"geometry":{"type":"LineString","coordinates":[[139.7906,35.62983],[139.78191,35.62513]]}},{"type":"Feature","properties":{"lineId":"yurikamome","sourceLineName":"東京臨海新交通臨海線","sourceOperator":"ゆりかもめ","source":"MLIT N02 2025"},"geometry":{"type":"LineString","coordinates":[[139.78001,35.61791],[139.77932,35.61754]]}},{"type":"Feature","properties":{"lineId":"yurikamome","sourceLineName":"東京臨海新交通臨海線","sourceOperator":"ゆりかもめ","source":"MLIT N02 2025"},"geometry":{"type":"LineString","coordinates":[[139.77288121,35.62162643],[139.77044,35.62437],[139.77103,35.62568]]}},{"type":"Feature","properties":{"lineId":"yurikamome","sourceLineName":"東京臨海新交通臨海線","sourceOperator":"ゆりかもめ","source":"MLIT N02 2025"},"geometry":{"type":"LineString","coordinates":[[139.77332515,35.62108846],[139.77288121,35.62162643]]}},{"type":"Feature","properties":{"lineId":"yurikamome","sourceLineName":"東京臨海新交通臨海線","sourceOperator":"ゆりかもめ","source":"MLIT N02 2025"},"geometry":{"type":"LineString","coordinates":[[139.77818,35.62961],[139.77888,35.63]]}},{"type":"Feature","properties":{"lineId":"yurikamome","sourceLineName":"東京臨海新交通臨海線","sourceOperator":"ゆりかもめ","source":"MLIT N02 2025"},"geometry":{"type":"LineString","coordinates":[[139.78072,35.62447],[139.78191,35.62513]]}},{"type":"Feature","properties":{"lineId":"yurikamome","sourceLineName":"東京臨海新交通臨海線","sourceOperator":"ゆりかもめ","source":"MLIT N02 2025"},"geometry":{"type":"LineString","coordinates":[[139.76036,35.66328],[139.75979,35.66269]]}},{"type":"Feature","properties":{"lineId":"yurikamome","sourceLineName":"東京臨海新交通臨海線","sourceOperator":"ゆりかもめ","source":"MLIT N02 2025"},"geometry":{"type":"LineString","coordinates":[[139.76082,35.6648],[139.75896,35.66612]]}},{"type":"Feature","properties":{"lineId":"yurikamome","sourceLineName":"東京臨海新交通臨海線","sourceOperator":"ゆりかもめ","source":"MLIT N02 2025"},"geometry":{"type":"LineString","coordinates":[[139.76036,35.66328],[139.76125,35.66429],[139.76082,35.6648]]}},{"type":"Feature","properties":{"lineId":"yurikamome","sourceLineName":"東京臨海新交通臨海線","sourceOperator":"ゆりかもめ","source":"MLIT N02 2025"},"geometry":{"type":"LineString","coordinates":[[139.75932,35.64961],[139.759,35.64891]]}},{"type":"Feature","properties":{"lineId":"yurikamome","sourceLineName":"東京臨海新交通臨海線","sourceOperator":"ゆりかもめ","source":"MLIT N02 2025"},"geometry":{"type":"LineString","coordinates":[[139.75788,35.64195],[139.75775,35.63691],[139.75647,35.63617],[139.75504,35.63689],[139.75556,35.63836],[139.75787,35.63833]]}},{"type":"Feature","properties":{"lineId":"yurikamome","sourceLineName":"東京臨海新交通臨海線","sourceOperator":"ゆりかもめ","source":"MLIT N02 2025"},"geometry":{"type":"LineString","coordinates":[[139.75786,35.64249],[139.75788,35.64195]]}},{"type":"Feature","properties":{"lineId":"yurikamome","sourceLineName":"東京臨海新交通臨海線","sourceOperator":"ゆりかもめ","source":"MLIT N02 2025"},"geometry":{"type":"LineString","coordinates":[[139.76179,35.65378],[139.76224,35.65435]]}},{"type":"Feature","properties":{"lineId":"yurikamome","sourceLineName":"東京臨海新交通臨海線","sourceOperator":"ゆりかもめ","source":"MLIT N02 2025"},"geometry":{"type":"LineString","coordinates":[[139.75932,35.64961],[139.76179,35.65378]]}},{"type":"Feature","properties":{"lineId":"yurikamome","sourceLineName":"東京臨海新交通臨海線","sourceOperator":"ゆりかもめ","source":"MLIT N02 2025"},"geometry":{"type":"LineString","coordinates":[[139.77888,35.63],[139.77989,35.63079],[139.77994,35.63187],[139.77613,35.63601],[139.77451,35.63626],[139.76913,35.63486],[139.75787,35.63833]]}},{"type":"Feature","properties":{"lineId":"yurikamome","sourceLineName":"東京臨海新交通臨海線","sourceOperator":"ゆりかもめ","source":"MLIT N02 2025"},"geometry":{"type":"LineString","coordinates":[[139.76224,35.65435],[139.76218,35.65605],[139.75842,35.65783],[139.75916,35.66178],[139.75979,35.66269]]}},{"type":"Feature","properties":{"lineId":"yurikamome","sourceLineName":"東京臨海新交通臨海線","sourceOperator":"ゆりかもめ","source":"MLIT N02 2025"},"geometry":{"type":"LineString","coordinates":[[139.75786,35.64249],[139.75775,35.64567],[139.759,35.64891]]}},{"type":"Feature","properties":{"lineId":"yurikamome","sourceLineName":"東京臨海新交通臨海線","sourceOperator":"ゆりかもめ","source":"MLIT N02 2025"},"geometry":{"type":"LineString","coordinates":[[139.79313,35.63482],[139.78913,35.63971]]}},{"type":"Feature","properties":{"lineId":"yurikamome","sourceLineName":"東京臨海新交通臨海線","sourceOperator":"ゆりかもめ","source":"MLIT N02 2025"},"geometry":{"type":"LineString","coordinates":[[139.78913,35.63971],[139.78866,35.64025]]}},{"type":"Feature","properties":{"lineId":"yurikamome","sourceLineName":"東京臨海新交通臨海線","sourceOperator":"ゆりかもめ","source":"MLIT N02 2025"},"geometry":{"type":"LineString","coordinates":[[139.78866,35.64025],[139.78507,35.64466],[139.7853,35.64548]]}},{"type":"Feature","properties":{"lineId":"yurikamome","sourceLineName":"東京臨海新交通臨海線","sourceOperator":"ゆりかもめ","source":"MLIT N02 2025"},"geometry":{"type":"LineString","coordinates":[[139.7853,35.64548],[139.786,35.6459]]}},{"type":"Feature","properties":{"lineId":"yurikamome","sourceLineName":"東京臨海新交通臨海線","sourceOperator":"ゆりかもめ","source":"MLIT N02 2025"},"geometry":{"type":"LineString","coordinates":[[139.786,35.6459],[139.78985,35.64853]]}},{"type":"Feature","properties":{"lineId":"yurikamome","sourceLineName":"東京臨海新交通臨海線","sourceOperator":"ゆりかもめ","source":"MLIT N02 2025"},"geometry":{"type":"LineString","coordinates":[[139.78985,35.64853],[139.79038,35.64889]]}},{"type":"Feature","properties":{"lineId":"yurikamome","sourceLineName":"東京臨海新交通臨海線","sourceOperator":"ゆりかもめ","source":"MLIT N02 2025"},"geometry":{"type":"LineString","coordinates":[[139.79038,35.64889],[139.79504,35.65341]]}},{"type":"Feature","properties":{"lineId":"yurikamome","sourceLineName":"東京臨海新交通臨海線","sourceOperator":"ゆりかもめ","source":"MLIT N02 2025"},"geometry":{"type":"LineString","coordinates":[[139.79504,35.65341],[139.79583,35.654]]}},{"type":"Feature","properties":{"lineId":"tobu-skytree","sourceLineName":"伊勢崎線","sourceOperator":"東武鉄道","source":"MLIT N02 2025"},"geometry":{"type":"LineString","coordinates":[[139.81415,35.70668],[139.81335,35.71026]]}},{"type":"Feature","properties":{"lineId":"tokyo-metro-fukutoshin","sourceLineName":"13号線副都心線","sourceOperator":"東京地下鉄","source":"MLIT N02 2025"},"geometry":{"type":"LineString","coordinates":[[139.71385,35.71901],[139.71041,35.71266],[139.70933,35.70892]]}},{"type":"Feature","properties":{"lineId":"nippori-toneri","sourceLineName":"日暮里・舎人ライナー","sourceOperator":"東京都","source":"MLIT N02 2025"},"geometry":{"type":"LineString","coordinates":[[139.76997,35.74864],[139.77017,35.75438]]}},{"type":"Feature","properties":{"lineId":"tokyo-metro-fukutoshin","sourceLineName":"13号線副都心線","sourceOperator":"東京地下鉄","source":"MLIT N02 2025"},"geometry":{"type":"LineString","coordinates":[[139.702303,35.659955],[139.702926,35.658263]]}},{"type":"Feature","properties":{"lineId":"tokyo-metro-fukutoshin","sourceLineName":"13号線副都心線","sourceOperator":"東京地下鉄","source":"MLIT N02 2025"},"geometry":{"type":"LineString","coordinates":[[139.70588,35.66907],[139.7046,35.66734]]}},{"type":"Feature","properties":{"lineId":"tokyo-metro-fukutoshin","sourceLineName":"13号線副都心線","sourceOperator":"東京地下鉄","source":"MLIT N02 2025"},"geometry":{"type":"LineString","coordinates":[[139.7046,35.66734],[139.702051,35.663576],[139.702303,35.659955]]}},{"type":"Feature","properties":{"lineId":"tokyo-metro-fukutoshin","sourceLineName":"13号線副都心線","sourceOperator":"東京地下鉄","source":"MLIT N02 2025"},"geometry":{"type":"LineString","coordinates":[[139.70673,35.6939],[139.70292,35.68791],[139.70308,35.68731]]}},{"type":"Feature","properties":{"lineId":"tokyo-metro-fukutoshin","sourceLineName":"13号線副都心線","sourceOperator":"東京地下鉄","source":"MLIT N02 2025"},"geometry":{"type":"LineString","coordinates":[[139.70745,35.69779],[139.70673,35.6939]]}},{"type":"Feature","properties":{"lineId":"tokyo-metro-fukutoshin","sourceLineName":"13号線副都心線","sourceOperator":"東京地下鉄","source":"MLIT N02 2025"},"geometry":{"type":"LineString","coordinates":[[139.70823,35.70187],[139.70745,35.69779]]}},{"type":"Feature","properties":{"lineId":"tokyo-metro-fukutoshin","sourceLineName":"13号線副都心線","sourceOperator":"東京地下鉄","source":"MLIT N02 2025"},"geometry":{"type":"LineString","coordinates":[[139.70308,35.68731],[139.7046,35.6836],[139.70473,35.67947]]}},{"type":"Feature","properties":{"lineId":"tokyo-metro-fukutoshin","sourceLineName":"13号線副都心線","sourceOperator":"東京地下鉄","source":"MLIT N02 2025"},"geometry":{"type":"LineString","coordinates":[[139.70473,35.67947],[139.70614,35.6775]]}},{"type":"Feature","properties":{"lineId":"tokyo-metro-fukutoshin","sourceLineName":"13号線副都心線","sourceOperator":"東京地下鉄","source":"MLIT N02 2025"},"geometry":{"type":"LineString","coordinates":[[139.70614,35.6775],[139.70821,35.67231],[139.70588,35.66907]]}},{"type":"Feature","properties":{"lineId":"tokyo-metro-fukutoshin","sourceLineName":"13号線副都心線","sourceOperator":"東京地下鉄","source":"MLIT N02 2025"},"geometry":{"type":"LineString","coordinates":[[139.70933,35.70892],[139.70897,35.70668]]}},{"type":"Feature","properties":{"lineId":"tokyo-metro-fukutoshin","sourceLineName":"13号線副都心線","sourceOperator":"東京地下鉄","source":"MLIT N02 2025"},"geometry":{"type":"LineString","coordinates":[[139.70897,35.70668],[139.70823,35.70187]]}},{"type":"Feature","properties":{"lineId":"tokyo-metro-fukutoshin","sourceLineName":"13号線副都心線","sourceOperator":"東京地下鉄","source":"MLIT N02 2025"},"geometry":{"type":"LineString","coordinates":[[139.70889,35.73118],[139.71387,35.72911],[139.71705,35.72703],[139.71735,35.72395],[139.71558,35.72139]]}},{"type":"Feature","properties":{"lineId":"tokyo-metro-fukutoshin","sourceLineName":"13号線副都心線","sourceOperator":"東京地下鉄","source":"MLIT N02 2025"},"geometry":{"type":"LineString","coordinates":[[139.71558,35.72139],[139.71385,35.71901]]}},{"type":"Feature","properties":{"lineId":"nippori-toneri","sourceLineName":"日暮里・舎人ライナー","sourceOperator":"東京都","source":"MLIT N02 2025"},"geometry":{"type":"LineString","coordinates":[[139.77068,35.81442],[139.77072,35.81479]]}},{"type":"Feature","properties":{"lineId":"nippori-toneri","sourceLineName":"日暮里・舎人ライナー","sourceOperator":"東京都","source":"MLIT N02 2025"},"geometry":{"type":"LineString","coordinates":[[139.77013,35.80594],[139.77007,35.81128],[139.77068,35.81442]]}},{"type":"Feature","properties":{"lineId":"nippori-toneri","sourceLineName":"日暮里・舎人ライナー","sourceOperator":"東京都","source":"MLIT N02 2025"},"geometry":{"type":"LineString","coordinates":[[139.77014,35.8055],[139.77013,35.80594]]}},{"type":"Feature","properties":{"lineId":"nippori-toneri","sourceLineName":"日暮里・舎人ライナー","sourceOperator":"東京都","source":"MLIT N02 2025"},"geometry":{"type":"LineString","coordinates":[[139.77012,35.79712],[139.77014,35.8055]]}},{"type":"Feature","properties":{"lineId":"nippori-toneri","sourceLineName":"日暮里・舎人ライナー","sourceOperator":"東京都","source":"MLIT N02 2025"},"geometry":{"type":"LineString","coordinates":[[139.77014,35.78083],[139.77014,35.78149]]}},{"type":"Feature","properties":{"lineId":"nippori-toneri","sourceLineName":"日暮里・舎人ライナー","sourceOperator":"東京都","source":"MLIT N02 2025"},"geometry":{"type":"LineString","coordinates":[[139.77032,35.77419],[139.77014,35.78083]]}},{"type":"Feature","properties":{"lineId":"nippori-toneri","sourceLineName":"日暮里・舎人ライナー","sourceOperator":"東京都","source":"MLIT N02 2025"},"geometry":{"type":"LineString","coordinates":[[139.77037,35.77338],[139.77032,35.77419]]}},{"type":"Feature","properties":{"lineId":"nippori-toneri","sourceLineName":"日暮里・舎人ライナー","sourceOperator":"東京都","source":"MLIT N02 2025"},"geometry":{"type":"LineString","coordinates":[[139.77069,35.76867],[139.77037,35.77338]]}},{"type":"Feature","properties":{"lineId":"nippori-toneri","sourceLineName":"日暮里・舎人ライナー","sourceOperator":"東京都","source":"MLIT N02 2025"},"geometry":{"type":"LineString","coordinates":[[139.77075,35.76784],[139.77069,35.76867]]}},{"type":"Feature","properties":{"lineId":"nippori-toneri","sourceLineName":"日暮里・舎人ライナー","sourceOperator":"東京都","source":"MLIT N02 2025"},"geometry":{"type":"LineString","coordinates":[[139.77017,35.75438],[139.77024,35.75489]]}},{"type":"Feature","properties":{"lineId":"nippori-toneri","sourceLineName":"日暮里・舎人ライナー","sourceOperator":"東京都","source":"MLIT N02 2025"},"geometry":{"type":"LineString","coordinates":[[139.7701,35.78893],[139.77012,35.79621]]}},{"type":"Feature","properties":{"lineId":"nippori-toneri","sourceLineName":"日暮里・舎人ライナー","sourceOperator":"東京都","source":"MLIT N02 2025"},"geometry":{"type":"LineString","coordinates":[[139.7701,35.78843],[139.7701,35.78893]]}},{"type":"Feature","properties":{"lineId":"nippori-toneri","sourceLineName":"日暮里・舎人ライナー","sourceOperator":"東京都","source":"MLIT N02 2025"},"geometry":{"type":"LineString","coordinates":[[139.77014,35.78149],[139.7701,35.78843]]}},{"type":"Feature","properties":{"lineId":"nippori-toneri","sourceLineName":"日暮里・舎人ライナー","sourceOperator":"東京都","source":"MLIT N02 2025"},"geometry":{"type":"LineString","coordinates":[[139.77084,35.76452],[139.77075,35.76784]]}},{"type":"Feature","properties":{"lineId":"nippori-toneri","sourceLineName":"日暮里・舎人ライナー","sourceOperator":"東京都","source":"MLIT N02 2025"},"geometry":{"type":"LineString","coordinates":[[139.77086,35.76375],[139.77084,35.76452]]}},{"type":"Feature","properties":{"lineId":"nippori-toneri","sourceLineName":"日暮里・舎人ライナー","sourceOperator":"東京都","source":"MLIT N02 2025"},"geometry":{"type":"LineString","coordinates":[[139.77024,35.75489],[139.77099,35.76022],[139.77086,35.76375]]}},{"type":"Feature","properties":{"lineId":"nippori-toneri","sourceLineName":"日暮里・舎人ライナー","sourceOperator":"東京都","source":"MLIT N02 2025"},"geometry":{"type":"LineString","coordinates":[[139.76809,35.73327],[139.76817,35.7341]]}},{"type":"Feature","properties":{"lineId":"nippori-toneri","sourceLineName":"日暮里・舎人ライナー","sourceOperator":"東京都","source":"MLIT N02 2025"},"geometry":{"type":"LineString","coordinates":[[139.7691,35.74275],[139.76916,35.74337]]}},{"type":"Feature","properties":{"lineId":"nippori-toneri","sourceLineName":"日暮里・舎人ライナー","sourceOperator":"東京都","source":"MLIT N02 2025"},"geometry":{"type":"LineString","coordinates":[[139.76817,35.7341],[139.7691,35.74275]]}},{"type":"Feature","properties":{"lineId":"nippori-toneri","sourceLineName":"日暮里・舎人ライナー","sourceOperator":"東京都","source":"MLIT N02 2025"},"geometry":{"type":"LineString","coordinates":[[139.76988,35.74785],[139.76997,35.74864]]}},{"type":"Feature","properties":{"lineId":"nippori-toneri","sourceLineName":"日暮里・舎人ライナー","sourceOperator":"東京都","source":"MLIT N02 2025"},"geometry":{"type":"LineString","coordinates":[[139.76916,35.74337],[139.76988,35.74785]]}},{"type":"Feature","properties":{"lineId":"nippori-toneri","sourceLineName":"日暮里・舎人ライナー","sourceOperator":"東京都","source":"MLIT N02 2025"},"geometry":{"type":"LineString","coordinates":[[139.77086,35.72854],[139.77146,35.72905]]}},{"type":"Feature","properties":{"lineId":"nippori-toneri","sourceLineName":"日暮里・舎人ライナー","sourceOperator":"東京都","source":"MLIT N02 2025"},"geometry":{"type":"LineString","coordinates":[[139.77146,35.72905],[139.77193,35.72969],[139.76809,35.73327]]}},{"type":"Feature","properties":{"lineId":"nippori-toneri","sourceLineName":"日暮里・舎人ライナー","sourceOperator":"東京都","source":"MLIT N02 2025"},"geometry":{"type":"LineString","coordinates":[[139.77012,35.79621],[139.77012,35.79712]]}},{"type":"Feature","properties":{"lineId":"keikyu-main","sourceLineName":"本線","sourceOperator":"京浜急行電鉄","source":"MLIT N02 2025"},"geometry":{"type":"LineString","coordinates":[[139.72515659,35.56286733],[139.72346,35.56054]]}},{"type":"Feature","properties":{"lineId":"tobu-skytree","sourceLineName":"伊勢崎線","sourceOperator":"東武鉄道","source":"MLIT N02 2025"},"geometry":{"type":"LineString","coordinates":[[139.7987,35.71239],[139.79793,35.71157]]}},{"type":"Feature","properties":{"lineId":"tokyo-metro-hibiya","sourceLineName":"2号線日比谷線","sourceOperator":"東京地下鉄","source":"MLIT N02 2025"},"geometry":{"type":"LineString","coordinates":[[139.748,35.66785],[139.75068,35.67323]]}},{"type":"Feature","properties":{"lineId":"tokyo-metro-hibiya","sourceLineName":"2号線日比谷線","sourceOperator":"東京地下鉄","source":"MLIT N02 2025"},"geometry":{"type":"LineString","coordinates":[[139.74755,35.66681],[139.748,35.66785]]}},{"type":"Feature","properties":{"lineId":"tobu-tojo","sourceLineName":"東上本線","sourceOperator":"東武鉄道","source":"MLIT N02 2025"},"geometry":{"type":"LineString","coordinates":[[139.23643694,36.09097625],[139.23579,36.08651],[139.23607,36.08484],[139.23787,36.08142],[139.23764,36.07594]]}},{"type":"Feature","properties":{"lineId":"tobu-tojo","sourceLineName":"東上本線","sourceOperator":"東武鉄道","source":"MLIT N02 2025"},"geometry":{"type":"LineString","coordinates":[[139.23649682,36.09179002],[139.23643694,36.09097625]]}},{"type":"Feature","properties":{"lineId":"jr-chuo","sourceLineName":"中央線","sourceOperator":"東日本旅客鉄道","source":"MLIT N02 2025"},"geometry":{"type":"LineString","coordinates":[[139.74421,35.70091],[139.74303,35.6994]]}},{"type":"Feature","properties":{"lineId":"tokyo-metro-fukutoshin","sourceLineName":"13号線副都心線","sourceOperator":"東京地下鉄","source":"MLIT N02 2025"},"geometry":{"type":"LineString","coordinates":[[139.6785,35.74388],[139.68054,35.74291]]}},{"type":"Feature","properties":{"lineId":"tokyo-metro-fukutoshin","sourceLineName":"13号線副都心線","sourceOperator":"東京地下鉄","source":"MLIT N02 2025"},"geometry":{"type":"LineString","coordinates":[[139.70509,35.73228],[139.70655,35.73178]]}},{"type":"Feature","properties":{"lineId":"tokyo-metro-fukutoshin","sourceLineName":"13号線副都心線","sourceOperator":"東京地下鉄","source":"MLIT N02 2025"},"geometry":{"type":"LineString","coordinates":[[139.69029,35.73751],[139.69465,35.73429],[139.69736,35.73342]]}},{"type":"Feature","properties":{"lineId":"tokyo-metro-fukutoshin","sourceLineName":"13号線副都心線","sourceOperator":"東京地下鉄","source":"MLIT N02 2025"},"geometry":{"type":"LineString","coordinates":[[139.68851,35.73884],[139.69029,35.73751]]}},{"type":"Feature","properties":{"lineId":"tokyo-metro-fukutoshin","sourceLineName":"13号線副都心線","sourceOperator":"東京地下鉄","source":"MLIT N02 2025"},"geometry":{"type":"LineString","coordinates":[[139.6996,35.73301],[139.70509,35.73228]]}},{"type":"Feature","properties":{"lineId":"tokyo-metro-fukutoshin","sourceLineName":"13号線副都心線","sourceOperator":"東京地下鉄","source":"MLIT N02 2025"},"geometry":{"type":"LineString","coordinates":[[139.68054,35.74291],[139.68851,35.73884]]}},{"type":"Feature","properties":{"lineId":"tokyo-metro-fukutoshin","sourceLineName":"13号線副都心線","sourceOperator":"東京地下鉄","source":"MLIT N02 2025"},"geometry":{"type":"LineString","coordinates":[[139.69736,35.73342],[139.6996,35.73301]]}},{"type":"Feature","properties":{"lineId":"jr-keiyo","sourceLineName":"京葉線","sourceOperator":"東日本旅客鉄道","source":"MLIT N02 2025"},"geometry":{"type":"LineString","coordinates":[[140.04108,35.64895],[140.02797592,35.65754874]]}},{"type":"Feature","properties":{"lineId":"jr-keiyo","sourceLineName":"京葉線","sourceOperator":"東日本旅客鉄道","source":"MLIT N02 2025"},"geometry":{"type":"LineString","coordinates":[[140.02797592,35.65754874],[140.02617032,35.65877323]]}}]}
